song_title,file_path,mfcc_0,mfcc_1,mfcc_2,mfcc_3,mfcc_4,mfcc_5,mfcc_6,mfcc_7,mfcc_8,mfcc_9,mfcc_10,mfcc_11,mfcc_12,mfcc_13,mfcc_14,mfcc_15,mfcc_16,mfcc_17,mfcc_18,mfcc_19,spectral_centroid,chroma_0,chroma_1,chroma_2,chroma_3,chroma_4,chroma_5,chroma_6,chroma_7,chroma_8,chroma_9,chroma_10,chroma_11
blues.00000.wav,data/genres_original/blues/blues.00000.wav,-113.619384765625,121.55303192138672,-19.15105628967285,42.34576416015625,-6.371164798736572,18.61302947998047,-13.692057609558105,15.339376449584961,-12.283616065979004,10.973773002624512,-8.322407722473145,8.806784629821777,-3.665800094604492,5.745936393737793,-5.161709308624268,0.7502961158752441,-1.6883563995361328,-0.4093300998210907,-2.298867702484131,1.2199459075927734,1784.416545970319,0.361726850271225,0.36761870980262756,0.43998005986213684,0.24463452398777008,0.2478017657995224,0.3356154263019562,0.3645760416984558,0.43564707040786743,0.2958413064479828,0.3146337866783142,0.40656036138534546,0.38477030396461487
blues.00001.wav,data/genres_original/blues/blues.00001.wav,-207.58151245117188,123.99714660644531,8.939120292663574,35.87075424194336,2.9199748039245605,21.518783569335938,-8.555365562438965,23.35593605041504,-10.101035118103027,11.906442642211914,-5.5581207275390625,5.375940322875977,-2.237830877304077,4.217123508453369,-6.011046409606934,0.9326668977737427,-0.7170267701148987,0.29233261942863464,-0.28571608662605286,0.532143771648407,1529.8713140945188,0.45962226390838623,0.34987717866897583,0.3209685981273651,0.2115858793258667,0.20090791583061218,0.3310050964355469,0.3976469337940216,0.5606763362884521,0.3843792974948883,0.255473792552948,0.28495901823043823,0.3342382609844208
blues.00002.wav,data/genres_original/blues/blues.00002.wav,-90.77635192871094,140.4486083984375,-29.10055923461914,31.687339782714844,-13.975970268249512,25.74168586730957,-13.6447114944458,11.6231107711792,-11.775918960571289,9.700464248657227,-13.115348815917969,5.785762310028076,-8.89973258972168,-1.0870245695114136,-9.216773986816406,2.453648090362549,-7.721793174743652,-1.8164976835250854,-3.4343533515930176,-2.2313919067382812,1552.6377863181908,0.2726714015007019,0.19586877524852753,0.31525424122810364,0.4081348180770874,0.5470826029777527,0.3217753767967224,0.30478695034980774,0.2885168790817261,0.3342420160770416,0.40191107988357544,0.3843080401420593,0.5881897211074829
blues.00003.wav,data/genres_original/blues/blues.00003.wav,-199.46200561523438,150.09474182128906,5.649168968200684,26.87014389038086,1.755442500114441,14.236878395080566,-4.828871726989746,9.29784870147705,-0.7531410455703735,8.147393226623535,-3.19523549079895,6.085353851318359,-2.4761879444122314,-1.0762250423431396,-2.87605619430542,0.7769086360931396,-3.3200554847717285,0.6372627019882202,-0.6175068020820618,-3.40693998336792,1070.1100585189854,0.34086182713508606,0.40857699513435364,0.5245686173439026,0.5470744967460632,0.6571127772331238,0.5116710662841797,0.35563045740127563,0.251690149307251,0.24638640880584717,0.31520888209342957,0.31654343008995056,0.3828551471233368
blues.00004.wav,data/genres_original/blues/blues.00004.wav,-160.2918701171875,126.19576263427734,-35.60249328613281,22.151166915893555,-32.48763656616211,10.862018585205078,-23.357158660888672,0.500519335269928,-11.804767608642578,1.2038744688034058,-13.08507251739502,-2.8098514080047607,-6.935618877410889,-7.559296607971191,-9.172149658203125,-4.510409832000732,-5.453735828399658,-0.9244686365127563,-4.408075332641602,-11.701834678649902,1835.5070084014953,0.19272667169570923,0.3172316551208496,0.39155152440071106,0.25590550899505615,0.1928039789199829,0.5305815935134888,0.2539423406124115,0.1392154097557068,0.27655506134033203,0.3243357837200165,0.5552976727485657,0.2730299234390259
blues.00005.wav,data/genres_original/blues/blues.00005.wav,-177.88876342773438,118.18952941894531,-17.550724029541016,30.753095626831055,-21.732101440429688,11.898541450500488,-20.73227882385254,3.1761655807495117,-8.57576847076416,-0.9401869773864746,-11.773797035217285,-2.4260776042938232,-9.342486381530762,-9.94708251953125,-3.9053468704223633,-5.568541526794434,-1.8399688005447388,-2.784175157546997,-3.0461127758026123,-8.115227699279785,1831.9900685948742,0.23830761015415192,0.3001772165298462,0.6168901920318604,0.23552347719669342,0.12392118573188782,0.2436339408159256,0.27951210737228394,0.41132164001464844,0.24399375915527344,0.28561267256736755,0.28419914841651917,0.3658749759197235
blues.00006.wav,data/genres_original/blues/blues.00006.wav,-190.17503356933594,130.29241943359375,-36.34846496582031,33.02908706665039,11.085683822631836,-0.596373975276947,-20.882356643676758,0.27711448073387146,-6.500869274139404,-5.515624523162842,-7.8452887535095215,-3.1236002445220947,-6.595715045928955,-9.947578430175781,-6.5409255027771,-10.071381568908691,-10.912118911743164,-6.970003128051758,-3.4485127925872803,-6.498457431793213,1459.0353761872718,0.42547881603240967,0.22330671548843384,0.1313037872314453,0.1526467353105545,0.2418576180934906,0.4910733699798584,0.2456035315990448,0.16917839646339417,0.2882331311702728,0.4614280164241791,0.35944870114326477,0.3073091208934784
blues.00007.wav,data/genres_original/blues/blues.00007.wav,-179.4200897216797,136.4420928955078,-26.644330978393555,39.97958755493164,5.301819324493408,10.921232223510742,-20.555343627929688,8.507474899291992,-11.354357719421387,-3.469099998474121,-8.414112091064453,-6.9569783210754395,-3.5483481884002686,-8.05168342590332,-8.96048355102539,-8.421077728271484,-10.558598518371582,-10.790192604064941,-4.7007951736450195,-8.638815879821777,1451.8494584581754,0.25941815972328186,0.26425817608833313,0.32541999220848083,0.21780180931091309,0.2151205837726593,0.295216828584671,0.1900440901517868,0.1808650642633438,0.26435011625289917,0.3901410400867462,0.6485509872436523,0.43658754229545593
blues.00008.wav,data/genres_original/blues/blues.00008.wav,-121.38711547851562,122.5053939819336,-14.739392280578613,46.13529586791992,-8.160383224487305,20.170509338378906,-19.16931915283203,23.050188064575195,-11.82593822479248,21.173410415649414,-6.720290660858154,7.005017280578613,-12.739909172058105,5.064208984375,-5.173074722290039,-1.446995735168457,-7.036928176879883,2.6948740482330322,3.4093332290649414,-2.6991913318634033,1719.2739373344168,0.31952103972435,0.3046649396419525,0.36683228611946106,0.42233848571777344,0.524003803730011,0.4506942629814148,0.493522047996521,0.3529855012893677,0.38034287095069885,0.46188274025917053,0.366482138633728,0.46470749378204346
blues.00009.wav,data/genres_original/blues/blues.00009.wav,-213.20455932617188,115.154541015625,-11.720499038696289,39.03255081176758,-20.357816696166992,13.089921951293945,-9.180810928344727,9.023634910583496,-14.101019859313965,4.283333778381348,-6.044192790985107,3.786364793777466,0.22369006276130676,-5.114482879638672,-0.4145350158214569,-1.1849002838134766,-1.9183379411697388,-2.295797348022461,2.891230821609497,-4.234533786773682,1817.529546414671,0.24841243028640747,0.2733064293861389,0.4887445867061615,0.26811468601226807,0.1795714646577835,0.2677972614765167,0.22273746132850647,0.41564545035362244,0.2728808522224426,0.18116427958011627,0.2293047159910202,0.24049191176891327
blues.00010.wav,data/genres_original/blues/blues.00010.wav,-173.71588134765625,137.14024353027344,-23.767641067504883,26.99173355102539,-16.68765640258789,4.214370250701904,-12.58261489868164,5.854557037353516,-2.8846707344055176,-1.1866830587387085,-1.9771525859832764,1.8001537322998047,-3.0044105052948,-1.8699365854263306,-0.7962680459022522,-3.0132641792297363,-0.4359254539012909,-2.00180983543396,-0.746638834476471,-5.001237869262695,1410.675357056213,0.4616740345954895,0.1709531545639038,0.1926480382680893,0.37859681248664856,0.35386496782302856,0.4591083824634552,0.2763881981372833,0.324049711227417,0.1876990646123886,0.20247578620910645,0.3237245976924896,0.316399484872818
blues.00011.wav,data/genres_original/blues/blues.00011.wav,-287.9235534667969,123.97102355957031,5.456130504608154,33.684539794921875,1.089206337928772,14.704718589782715,-4.898603439331055,8.653273582458496,0.7828000783920288,6.566734313964844,-4.879438400268555,-3.1806600093841553,-5.557002544403076,-6.786622047424316,-2.644232988357544,-2.982431650161743,-3.381138324737549,-1.8614972829818726,1.8359200954437256,-4.896512031555176,1353.3291189300633,0.2483915239572525,0.2302265763282776,0.3049179017543793,0.41385775804519653,0.6585419178009033,0.5414393544197083,0.3524606227874756,0.3485755920410156,0.34564974904060364,0.3480110764503479,0.2766418755054474,0.32097095251083374
blues.00012.wav,data/genres_original/blues/blues.00012.wav,-207.208740234375,132.79708862304688,-15.460704803466797,60.99486541748047,0.7102430462837219,12.461277961730957,1.1609293222427368,-1.5278959274291992,-17.90181541442871,8.369233131408691,-2.453817367553711,-0.5966899991035461,0.36881762742996216,2.605226993560791,-5.193014144897461,-9.5301513671875,-9.23740005493164,-2.8406760692596436,-1.4114445447921753,-5.931028366088867,1361.1004062354928,0.303676038980484,0.160280242562294,0.2196275293827057,0.2034941166639328,0.1968066245317459,0.26644212007522583,0.30161792039871216,0.1576872318983078,0.18246063590049744,0.2134687751531601,0.37555256485939026,0.6508768200874329
blues.00013.wav,data/genres_original/blues/blues.00013.wav,-209.78221130371094,124.46593475341797,10.285806655883789,47.030174255371094,6.482387065887451,15.417020797729492,-2.0100762844085693,6.735785484313965,-21.548620223999023,10.728497505187988,-5.532431602478027,-2.2020390033721924,-3.0517263412475586,8.64401912689209,-0.31084510684013367,-0.6361453533172607,-2.9359376430511475,-1.7065975666046143,-1.7654224634170532,-7.7559638023376465,1324.3317542217217,0.12737734615802765,0.1421058475971222,0.1711677461862564,0.14698217809200287,0.1898864060640335,0.23153729736804962,0.15596744418144226,0.2164877951145172,0.34531906247138977,0.3849269151687622,0.691530704498291,0.3734269142150879
blues.00014.wav,data/genres_original/blues/blues.00014.wav,-305.6985778808594,113.04164123535156,12.114906311035156,45.0394401550293,17.739248275756836,14.594623565673828,4.15713357925415,0.2400934100151062,-7.0130839347839355,13.649842262268066,8.923060417175293,1.3016881942749023,5.952130317687988,8.542282104492188,1.1171258687973022,0.5882195830345154,0.06007678061723709,-3.7065188884735107,-1.0018850564956665,-1.8044120073318481,1172.2763008557504,0.2962065041065216,0.3160898685455322,0.29482224583625793,0.24004888534545898,0.29478704929351807,0.3142643868923187,0.23711232841014862,0.23535692691802979,0.2841905653476715,0.3778442144393921,0.6203979253768921,0.437369704246521
blues.00015.wav,data/genres_original/blues/blues.00015.wav,-238.53306579589844,120.08828735351562,-4.22455358505249,42.31004333496094,5.916330814361572,13.914180755615234,5.357578277587891,1.9037082195281982,-16.929880142211914,12.339309692382812,3.9409613609313965,-1.390677809715271,0.014793029986321926,3.5804948806762695,-4.504992961883545,-5.541952610015869,-6.883077144622803,-4.826391220092773,1.7385828495025635,-1.884016752243042,1420.4114787701458,0.262889564037323,0.1662413328886032,0.2438019961118698,0.2428956925868988,0.28420233726501465,0.29283303022384644,0.2606823444366455,0.1692272424697876,0.19756260514259338,0.24369342625141144,0.3623674809932709,0.5177621841430664
blues.00016.wav,data/genres_original/blues/blues.00016.wav,-233.794921875,120.66705322265625,-3.1675596237182617,39.53927230834961,3.858856201171875,18.839672088623047,-3.6889164447784424,4.4318437576293945,-14.975372314453125,17.571033477783203,1.8447455167770386,2.5386059284210205,-1.2386850118637085,8.439362525939941,-0.20983797311782837,-3.9067859649658203,-4.478641033172607,-0.012232871726155281,1.2932655811309814,-2.0874295234680176,1455.0424713768246,0.23256327211856842,0.1688748002052307,0.14962568879127502,0.2787191569805145,0.40747806429862976,0.24971187114715576,0.272273451089859,0.3550833463668823,0.5286722183227539,0.5375012159347534,0.2650396525859833,0.25401490926742554
blues.00017.wav,data/genres_original/blues/blues.00017.wav,-245.75413513183594,140.48092651367188,-2.7714364528656006,60.42012023925781,18.925403594970703,9.837098121643066,3.5665793418884277,0.5361860990524292,-16.367359161376953,6.629854202270508,7.269150257110596,-4.015731334686279,1.6074539422988892,5.898681640625,-3.017608165740967,-4.774899482727051,-3.0270705223083496,-1.9985328912734985,-0.0587594248354435,-3.9718897342681885,1088.7781161784512,0.30284935235977173,0.2071584016084671,0.15734095871448517,0.15960150957107544,0.30674272775650024,0.256511390209198,0.2541382312774658,0.3122527599334717,0.4253430962562561,0.5789123177528381,0.35321244597435,0.3128110468387604
blues.00018.wav,data/genres_original/blues/blues.00018.wav,-252.518798828125,104.9369888305664,15.316829681396484,42.67347717285156,6.762619495391846,21.62357521057129,-1.3132754564285278,5.69193172454834,-16.619516372680664,12.161625862121582,-1.9679487943649292,1.9697641134262085,-0.8889575600624084,7.771046161651611,2.3869524002075195,1.7799873352050781,1.344986915588379,3.637112617492676,4.910808086395264,-2.6554040908813477,1537.56091926741,0.21098193526268005,0.1609378308057785,0.1887495517730713,0.20268116891384125,0.21735221147537231,0.28019803762435913,0.3294546902179718,0.2506038248538971,0.33041706681251526,0.3770619332790375,0.2986023724079132,0.39391082525253296
blues.00019.wav,data/genres_original/blues/blues.00019.wav,-236.68890380859375,138.404296875,-4.9235734939575195,47.64771270751953,5.152379035949707,8.895281791687012,0.4828585088253021,-3.8016700744628906,-14.97489070892334,10.432585716247559,-0.353960245847702,0.7883449196815491,1.7829309701919556,4.230210781097412,-0.4710167646408081,-6.105654716491699,-5.387077808380127,-1.3430603742599487,-3.7227938175201416,-4.362499713897705,1195.4133983085592,0.19436335563659668,0.1935489922761917,0.15701021254062653,0.2542506456375122,0.34076017141342163,0.14692921936511993,0.13923534750938416,0.24408164620399475,0.43790003657341003,0.5547572374343872,0.25239962339401245,0.1730765551328659
blues.00020.wav,data/genres_original/blues/blues.00020.wav,-230.42657470703125,127.10053253173828,7.14535665512085,39.78432083129883,1.9449437856674194,17.40534019470215,-5.639427661895752,8.252129554748535,-18.104385375976562,13.842513084411621,-3.7609121799468994,2.5718588829040527,-4.320804595947266,6.81239128112793,-6.1598381996154785,-6.215455532073975,-4.511592388153076,-1.8506052494049072,-0.5394860506057739,1.5043967962265015,1389.9522837601053,0.24988871812820435,0.17251883447170258,0.21738861501216888,0.2925994098186493,0.4965704679489136,0.24946391582489014,0.22612887620925903,0.34282177686691284,0.3883362412452698,0.2994912564754486,0.2835259437561035,0.41485920548439026
blues.00021.wav,data/genres_original/blues/blues.00021.wav,-264.678466796875,138.8583526611328,11.156028747558594,48.53825378417969,14.895931243896484,20.584362030029297,3.2051477432250977,1.2625834941864014,-15.847018241882324,15.986573219299316,3.3616750240325928,-1.5137436389923096,1.8921570777893066,6.311920166015625,-0.9948608875274658,-2.4167253971099854,-3.684751033782959,0.4993972182273865,5.050747394561768,-0.7867027521133423,1046.7275070203577,0.23320144414901733,0.16180479526519775,0.17967814207077026,0.21733346581459045,0.38632258772850037,0.5575255751609802,0.4565768837928772,0.4428042471408844,0.4035208523273468,0.2965203523635864,0.2842470705509186,0.2341705709695816
blues.00022.wav,data/genres_original/blues/blues.00022.wav,-233.8575439453125,136.17208862304688,3.2713234424591064,48.931209564208984,8.685140609741211,13.97950553894043,5.354872226715088,0.3908657431602478,-13.504570960998535,16.856103897094727,5.130940914154053,-2.231882095336914,3.9640350341796875,5.318360328674316,0.81226646900177,-1.0979145765304565,-4.539752006530762,-2.434785842895508,3.313448667526245,-0.6142788529396057,1156.2023631215009,0.3897472620010376,0.23288270831108093,0.21152746677398682,0.2562978267669678,0.3287827968597412,0.4949999749660492,0.35562562942504883,0.32009533047676086,0.28151294589042664,0.31772667169570923,0.2504669725894928,0.23763889074325562
blues.00023.wav,data/genres_original/blues/blues.00023.wav,-227.26885986328125,137.73069763183594,-14.493463516235352,63.555702209472656,5.612646102905273,11.984635353088379,1.8855570554733276,-1.8633813858032227,-7.620551109313965,-2.447178602218628,-2.88672137260437,-9.429532051086426,-10.923910140991211,3.562556266784668,4.137706756591797,0.09554359316825867,-2.972545623779297,-1.378874659538269,7.54117488861084,-3.037461996078491,1210.4571260262846,0.20807507634162903,0.2733587324619293,0.187953919172287,0.20785000920295715,0.48305603861808777,0.2290041148662567,0.1247604638338089,0.16496522724628448,0.2822200655937195,0.6509669423103333,0.36525827646255493,0.19118231534957886
blues.00024.wav,data/genres_original/blues/blues.00024.wav,-274.3118591308594,130.41371154785156,-6.392792224884033,70.4050064086914,13.269148826599121,9.461277961730957,7.725645542144775,-1.2474943399429321,-0.5775859951972961,-2.3025898933410645,3.7831480503082275,0.08482308685779572,-0.939436674118042,2.2965152263641357,4.2883782386779785,-1.6618610620498657,-10.444596290588379,-6.797532558441162,-1.0660524368286133,-1.5959943532943726,1120.3909802285903,0.30606743693351746,0.23341652750968933,0.23148825764656067,0.17517268657684326,0.20543847978115082,0.2379918098449707,0.11788558959960938,0.08235787600278854,0.12760813534259796,0.29731470346450806,0.6089550256729126,0.5336004495620728
blues.00025.wav,data/genres_original/blues/blues.00025.wav,-249.28939819335938,130.98703002929688,0.6773919463157654,66.68578338623047,17.897808074951172,4.623734474182129,6.598310947418213,1.2490477561950684,1.4163912534713745,-1.5791432857513428,-0.9626624584197998,-3.571995735168457,-2.9279818534851074,4.596818923950195,7.47890043258667,-0.18313613533973694,-2.8253273963928223,-2.678844451904297,0.7485464811325073,-0.5342597961425781,1109.721378629315,0.24268873035907745,0.20951725542545319,0.2663934528827667,0.18093737959861755,0.23689621686935425,0.30532306432724,0.13582204282283783,0.11215391010046005,0.1764555722475052,0.4369102120399475,0.7759139537811279,0.41275712847709656
blues.00026.wav,data/genres_original/blues/blues.00026.wav,-284.6973571777344,108.80518341064453,9.088289260864258,51.22273635864258,18.09176254272461,7.61225700378418,8.779500961303711,2.362828254699707,0.005785868037492037,2.250967025756836,4.205098628997803,-3.293316125869751,1.60829758644104,2.6657819747924805,3.3244853019714355,3.2600784301757812,-4.558310508728027,0.47801902890205383,5.9297871589660645,3.2283406257629395,1198.754498572217,0.3756738305091858,0.24711091816425323,0.21831059455871582,0.148929625749588,0.20581449568271637,0.37001508474349976,0.2007742077112198,0.15389935672283173,0.19805417954921722,0.24975109100341797,0.46622928977012634,0.5094305276870728
blues.00027.wav,data/genres_original/blues/blues.00027.wav,-228.25067138671875,130.3444061279297,-23.291284561157227,70.1720962524414,1.142276406288147,7.602443695068359,0.9099431037902832,1.9782466888427734,-6.167004108428955,-9.396026611328125,-2.562837839126587,-4.5228962898254395,-0.26294898986816406,0.1793333888053894,-1.5074474811553955,1.4652522802352905,-6.971848964691162,-8.322178840637207,4.238951683044434,0.9814872741699219,1391.4439037459135,0.39033597707748413,0.23876804113388062,0.2807732820510864,0.2451445609331131,0.4131217896938324,0.29711827635765076,0.20195573568344116,0.12534329295158386,0.16362884640693665,0.21441921591758728,0.3320140540599823,0.5618314743041992
blues.00028.wav,data/genres_original/blues/blues.00028.wav,-248.9867401123047,139.06719970703125,-16.282499313354492,57.117984771728516,20.192655563354492,10.18803596496582,4.543979167938232,0.33127695322036743,-7.877949237823486,-3.4479165077209473,-2.646488666534424,-2.8313827514648438,-0.9021671414375305,-2.4017200469970703,2.567502498626709,-5.855443954467773,-12.398049354553223,-7.310066223144531,-0.9439508318901062,-2.687375545501709,1115.541195251936,0.29127100110054016,0.22079145908355713,0.2584635019302368,0.17772096395492554,0.21079666912555695,0.30909228324890137,0.16693708300590515,0.10157757997512817,0.16217629611492157,0.3373441994190216,0.5991712808609009,0.47678855061531067
blues.00029.wav,data/genres_original/blues/blues.00029.wav,-233.75082397460938,101.17827606201172,17.649768829345703,23.73377799987793,2.0820345878601074,25.941926956176758,-16.95884895324707,15.098033905029297,-22.278715133666992,4.395122051239014,-23.2074031829834,-6.05717658996582,-5.068856716156006,1.0673913955688477,-5.785367012023926,-8.311131477355957,-11.38913631439209,-6.727950096130371,-10.02558708190918,-14.032896041870117,1649.2877536970097,0.26941633224487305,0.3572019338607788,0.4740205705165863,0.4313819408416748,0.2813246250152588,0.2253451943397522,0.2033645361661911,0.22684213519096375,0.24075070023536682,0.3195425570011139,0.17719383537769318,0.16026365756988525
blues.00030.wav,data/genres_original/blues/blues.00030.wav,-206.96807861328125,117.79298400878906,23.235883712768555,28.297826766967773,-1.1239138841629028,18.862035751342773,-21.949682235717773,17.849985122680664,-25.585643768310547,2.1299242973327637,-17.794416427612305,-8.015904426574707,-17.607276916503906,-8.13943862915039,-8.648125648498535,-15.528327941894531,-15.317337036132812,-9.663830757141113,-10.09868049621582,-17.8337345123291,1378.96577648813,0.24510246515274048,0.1638219803571701,0.19979612529277802,0.2714952528476715,0.2921726107597351,0.4671075642108917,0.3753550052642822,0.38638922572135925,0.2223765105009079,0.16280455887317657,0.20548458397388458,0.16564637422561646
blues.00031.wav,data/genres_original/blues/blues.00031.wav,-221.8311309814453,110.83949279785156,18.616823196411133,30.92013931274414,3.295924186706543,22.58736228942871,-20.416351318359375,12.118736267089844,-26.350502014160156,-4.367486000061035,-26.413198471069336,-13.045100212097168,-12.654766082763672,-1.8243446350097656,-7.258694648742676,-6.661086082458496,-14.686605453491211,-11.720062255859375,-11.023768424987793,-13.388402938842773,1331.0365912698594,0.13407158851623535,0.2872180640697479,0.4490413963794708,0.3309780955314636,0.15556232631206512,0.10287249833345413,0.1988152712583542,0.2871967852115631,0.24909941852092743,0.4184880554676056,0.2473631650209427,0.18295347690582275
blues.00032.wav,data/genres_original/blues/blues.00032.wav,-288.8077087402344,105.89604187011719,18.77704429626465,23.71038818359375,5.711885452270508,25.549087524414062,-13.473756790161133,12.428970336914062,-11.942030906677246,1.5714231729507446,-15.635908126831055,-6.650617599487305,-11.713253021240234,-2.938390016555786,-7.372579097747803,-15.69748306274414,-10.974153518676758,-10.889544486999512,-18.505475997924805,-19.103351593017578,1309.6646971460584,0.3537141680717468,0.21901589632034302,0.19678902626037598,0.18292836844921112,0.22371414303779602,0.2961808145046234,0.31177639961242676,0.4353170394897461,0.2774195373058319,0.24801817536354065,0.2964007258415222,0.27394476532936096
blues.00033.wav,data/genres_original/blues/blues.00033.wav,-239.03810119628906,108.65721893310547,34.15189743041992,30.23917007446289,-0.47574201226234436,27.29263687133789,-21.379398345947266,14.150508880615234,-24.510177612304688,-1.8840473890304565,-28.050291061401367,-11.256651878356934,-16.476930618286133,-7.637186050415039,-12.79912281036377,-15.3572416305542,-13.729804039001465,-7.397778511047363,-10.08932113647461,-13.291540145874023,1430.5981944868504,0.3117258846759796,0.21653465926647186,0.17708136141300201,0.1554446518421173,0.24418199062347412,0.4570799469947815,0.3171609342098236,0.23538409173488617,0.21042242646217346,0.26943257451057434,0.28200140595436096,0.2533915936946869
blues.00034.wav,data/genres_original/blues/blues.00034.wav,-217.23867797851562,105.79236602783203,15.617073059082031,25.25638198852539,-1.4402730464935303,30.1898193359375,-17.715219497680664,17.318172454833984,-27.20952796936035,4.339166641235352,-20.059492111206055,-10.695944786071777,-14.220666885375977,-5.1562180519104,-3.4732654094696045,-6.189414024353027,-15.326929092407227,-6.845921039581299,-9.827670097351074,-13.943093299865723,1536.7310778930728,0.23829385638237,0.32618284225463867,0.4690555930137634,0.3810312747955322,0.24735845625400543,0.23893548548221588,0.19860117137432098,0.21174567937850952,0.23596490919589996,0.31428879499435425,0.15840230882167816,0.12556354701519012
blues.00035.wav,data/genres_original/blues/blues.00035.wav,-171.81019592285156,120.28062438964844,15.32753849029541,21.090450286865234,-5.419295787811279,24.18946647644043,-24.138221740722656,18.55198097229004,-22.34890365600586,1.3031768798828125,-20.763931274414062,-4.9888529777526855,-17.118925094604492,-7.886534214019775,-15.308929443359375,-9.35131549835205,-8.91386604309082,-8.525090217590332,-14.333636283874512,-19.933725357055664,1507.1047288496127,0.19509723782539368,0.17154741287231445,0.2522575557231903,0.29595109820365906,0.3386576175689697,0.3788548409938812,0.2934848666191101,0.29323282837867737,0.28477123379707336,0.35736343264579773,0.3982795178890228,0.19950078427791595
blues.00036.wav,data/genres_original/blues/blues.00036.wav,-200.1960906982422,116.34014892578125,18.006210327148438,25.313560485839844,0.29173558950424194,24.19247817993164,-22.255908966064453,11.186424255371094,-26.848731994628906,-7.638461112976074,-24.889928817749023,-12.015527725219727,-17.017953872680664,-8.120277404785156,-11.956442832946777,-12.609150886535645,-14.181589126586914,-8.206692695617676,-15.028045654296875,-10.327059745788574,1247.4080160193944,0.2650594711303711,0.13887760043144226,0.13094985485076904,0.1485988348722458,0.2563791871070862,0.49997854232788086,0.27027419209480286,0.12934479117393494,0.17703039944171906,0.24998266994953156,0.31737223267555237,0.21450486779212952
blues.00037.wav,data/genres_original/blues/blues.00037.wav,-328.6808776855469,102.71112823486328,19.895553588867188,26.732681274414062,7.151483058929443,22.704801559448242,-6.974326133728027,12.781991958618164,-10.725780487060547,-0.4336617887020111,-12.373165130615234,-8.90705394744873,-9.24010944366455,-9.10637378692627,-9.001112937927246,-7.636346340179443,-7.189154624938965,-9.366815567016602,-4.469685077667236,-3.6831247806549072,1188.1011591132924,0.3203756511211395,0.12673254311084747,0.08796397596597672,0.19923995435237885,0.3410181701183319,0.6233105063438416,0.3519901931285858,0.1995106339454651,0.20577631890773773,0.17814229428768158,0.16852276027202606,0.1816183477640152
blues.00038.wav,data/genres_original/blues/blues.00038.wav,-192.69383239746094,111.18816375732422,21.373313903808594,26.39214324951172,-0.6483718156814575,23.480876922607422,-25.470794677734375,16.924427032470703,-16.979984283447266,5.79014778137207,-25.725244522094727,-5.045354843139648,-17.63224220275879,-7.920869827270508,-15.15027904510498,-12.345929145812988,-17.235107421875,-7.78193473815918,-13.042010307312012,-17.94887351989746,1513.5200525685514,0.12093210220336914,0.10103779286146164,0.17656418681144714,0.35501837730407715,0.2648180425167084,0.24474363029003143,0.29145753383636475,0.3114588260650635,0.3464932441711426,0.31772685050964355,0.4434208869934082,0.21708662807941437
blues.00039.wav,data/genres_original/blues/blues.00039.wav,-301.7071533203125,111.53472137451172,21.896411895751953,16.14818000793457,8.196242332458496,22.08507537841797,-8.61495304107666,1.4815566539764404,-17.084373474121094,-8.345810890197754,-17.013063430786133,-10.575621604919434,-15.689096450805664,-12.605565071105957,-12.25390338897705,-14.553243637084961,-10.102510452270508,-5.78553581237793,-7.775144100189209,-7.186196327209473,1151.3780299215705,0.3304923176765442,0.22631807625293732,0.18006528913974762,0.16500484943389893,0.2833615839481354,0.4821176528930664,0.24665102362632751,0.14493411779403687,0.1780291050672531,0.2871665954589844,0.2844295799732208,0.25572890043258667
blues.00040.wav,data/genres_original/blues/blues.00040.wav,-110.2843246459961,90.70560455322266,-2.5283102989196777,74.05274200439453,-11.7467679977417,39.214576721191406,-13.174300193786621,20.531585693359375,-17.1676082611084,12.827254295349121,-21.434446334838867,5.952131748199463,-8.032604217529297,4.243275165557861,-16.482641220092773,6.545286178588867,-5.6936354637146,-3.637852907180786,-4.857602596282959,1.8532665967941284,2272.517619263623,0.37617865204811096,0.4513210654258728,0.35582399368286133,0.43828749656677246,0.29016563296318054,0.2840234041213989,0.32641562819480896,0.48981037735939026,0.670400857925415,0.45774197578430176,0.3362903296947479,0.2970637083053589
blues.00041.wav,data/genres_original/blues/blues.00041.wav,-107.18975067138672,88.4705810546875,-4.1777873039245605,55.48548889160156,-8.010379791259766,38.416542053222656,-6.4025750160217285,28.576522827148438,-19.82078742980957,13.252738952636719,-19.239789962768555,12.076225280761719,-4.583087921142578,3.789715528488159,-16.99370002746582,11.624960899353027,-7.362244129180908,-3.65781569480896,-7.1791229248046875,1.9747288227081299,2390.7715766040615,0.3245604336261749,0.3591505289077759,0.41972699761390686,0.5674114227294922,0.30381762981414795,0.2517710328102112,0.32479166984558105,0.3940812945365906,0.45383790135383606,0.4272596538066864,0.49134188890457153,0.3273790180683136
blues.00042.wav,data/genres_original/blues/blues.00042.wav,-159.56771850585938,69.78482055664062,-4.3918776512146,76.85114288330078,3.9159114360809326,45.16753387451172,-4.8673505783081055,32.20051193237305,-9.796338081359863,7.812509059906006,-21.826963424682617,9.6824369430542,-2.5915868282318115,3.3045363426208496,-14.970439910888672,10.232259750366211,-4.089528560638428,-5.850760459899902,-2.469999313354492,6.661129951477051,2302.0756478879343,0.45202046632766724,0.4842132329940796,0.346090167760849,0.24884070456027985,0.31260254979133606,0.3653853237628937,0.4262295663356781,0.3614595830440521,0.3296450078487396,0.3440004289150238,0.3950585126876831,0.4666782021522522
blues.00043.wav,data/genres_original/blues/blues.00043.wav,-109.19499969482422,100.6270523071289,-8.620549201965332,47.364219665527344,-6.5592360496521,39.620792388916016,-8.523993492126465,29.56473731994629,-16.583515167236328,13.170684814453125,-24.209320068359375,6.591902732849121,-8.641899108886719,4.91756534576416,-15.44278335571289,1.5376112461090088,-6.7392730712890625,1.4151811599731445,-3.9658138751983643,3.287876605987549,2155.6312958781195,0.4472540616989136,0.3154096007347107,0.3227352797985077,0.36775559186935425,0.4090806841850281,0.36744943261146545,0.464190274477005,0.38035863637924194,0.4196104109287262,0.3853965103626251,0.39044079184532166,0.5189120173454285
blues.00044.wav,data/genres_original/blues/blues.00044.wav,-109.5323486328125,86.92649841308594,-8.624987602233887,64.489501953125,-6.306032180786133,43.64582061767578,-8.29310131072998,28.54642677307129,-14.081589698791504,8.136632919311523,-21.49042510986328,11.086614608764648,-5.094466209411621,3.9787702560424805,-12.864774703979492,12.342426300048828,0.020587295293807983,-0.7392400503158569,-5.1304497718811035,3.3071296215057373,2279.265543032408,0.31801390647888184,0.43596917390823364,0.4336637258529663,0.4646153450012207,0.314754843711853,0.2613968849182129,0.3279936611652374,0.35045722126960754,0.48082488775253296,0.46867677569389343,0.498151570558548,0.3274022340774536
blues.00045.wav,data/genres_original/blues/blues.00045.wav,-163.24313354492188,89.7848892211914,12.977463722229004,80.69248962402344,3.666778326034546,39.74512481689453,-5.400375843048096,26.49867057800293,-13.163734436035156,2.7070107460021973,-20.552906036376953,6.0071868896484375,-2.9081296920776367,-0.4348372220993042,-17.54537010192871,4.1541666984558105,-5.9900970458984375,-7.862037181854248,-8.565293312072754,1.8571702241897583,1739.0461604116058,0.41372737288475037,0.37703579664230347,0.3270784616470337,0.3767583668231964,0.31578269600868225,0.2881881296634674,0.3601197898387909,0.43059173226356506,0.5448143482208252,0.5708021521568298,0.6339837312698364,0.517765462398529
blues.00046.wav,data/genres_original/blues/blues.00046.wav,-182.66502380371094,90.68653106689453,14.118148803710938,67.5545883178711,2.6876134872436523,38.431610107421875,-8.420623779296875,24.123554229736328,-13.787508010864258,4.844967365264893,-16.676620483398438,5.8230767250061035,-5.149287223815918,0.1937863826751709,-14.486602783203125,6.864800453186035,-4.44482946395874,-2.986879587173462,-4.821167945861816,5.399322509765625,1912.443629773089,0.2961907982826233,0.4195946455001831,0.423566609621048,0.48048755526542664,0.3638697862625122,0.2651815414428711,0.34930357336997986,0.401484876871109,0.509716808795929,0.454368531703949,0.3903118968009949,0.30084455013275146
blues.00047.wav,data/genres_original/blues/blues.00047.wav,-149.97589111328125,93.64075469970703,6.336245059967041,71.51114654541016,-8.113177299499512,36.21202087402344,-9.784972190856934,17.641597747802734,-21.11900520324707,-0.12590423226356506,-22.200990676879883,5.435662746429443,-7.467778205871582,-4.33296537399292,-12.40976619720459,9.624794006347656,-5.024240016937256,-3.7063138484954834,2.3359408378601074,4.162243366241455,2013.364449506875,0.3113161325454712,0.4599725008010864,0.2708713114261627,0.3215021789073944,0.5385340452194214,0.3084210753440857,0.3324156403541565,0.31175804138183594,0.43047523498535156,0.25547969341278076,0.21191932260990143,0.284585565328598
blues.00048.wav,data/genres_original/blues/blues.00048.wav,-106.34815216064453,102.64147186279297,-20.172256469726562,59.37520980834961,-9.967275619506836,33.706119537353516,-14.182172775268555,23.516733169555664,-13.329083442687988,16.02606773376465,-18.923175811767578,7.831765174865723,-7.800382137298584,4.0504350662231445,-11.348729133605957,2.071760416030884,-5.742273330688477,0.46529620885849,-1.9167922735214233,-3.1317543983459473,2148.749819335174,0.3291550874710083,0.39682307839393616,0.4182690978050232,0.46914294362068176,0.29863622784614563,0.274713933467865,0.32672572135925293,0.3841606676578522,0.45922648906707764,0.4005527198314667,0.47301924228668213,0.32249966263771057
blues.00049.wav,data/genres_original/blues/blues.00049.wav,-255.9738311767578,110.82752227783203,21.460575103759766,67.588134765625,4.288313388824463,43.11846160888672,-4.508347034454346,10.442596435546875,-8.718591690063477,1.6548887491226196,-20.58778953552246,-2.430675506591797,-7.144060134887695,-11.17276382446289,-12.612457275390625,2.7417218685150146,-8.942420959472656,-7.946158409118652,-2.3538339138031006,-0.7147957682609558,1318.6237037811225,0.2745372951030731,0.365673303604126,0.3468444049358368,0.3284790813922882,0.21961531043052673,0.2386167049407959,0.18790069222450256,0.17457930743694305,0.21846327185630798,0.2568943202495575,0.42267102003097534,0.2968306243419647
blues.00050.wav,data/genres_original/blues/blues.00050.wav,-83.00169372558594,107.06743621826172,-25.323680877685547,57.122074127197266,0.08130001276731491,34.70890426635742,-11.047215461730957,20.533279418945312,-11.2201509475708,14.839781761169434,-10.229965209960938,12.542858123779297,-9.772624969482422,2.5605199337005615,-6.29874849319458,3.0084879398345947,-8.717000961303711,-0.3252468407154083,-2.984734058380127,0.7146162390708923,1945.6207939267476,0.4241149127483368,0.3102380037307739,0.3849945664405823,0.4273914396762848,0.4515315592288971,0.36444565653800964,0.4061640799045563,0.3024280071258545,0.32740864157676697,0.39381957054138184,0.4418066740036011,0.5765637755393982
blues.00051.wav,data/genres_original/blues/blues.00051.wav,-55.59663391113281,114.95121765136719,-37.06935119628906,64.90438079833984,-7.16494083404541,15.25469970703125,-16.235328674316406,18.643573760986328,-9.752284049987793,21.46538734436035,-5.652095794677734,12.784236907958984,-16.537029266357422,3.797077178955078,-7.895240306854248,8.477639198303223,-4.067897319793701,3.2060158252716064,-5.180140972137451,-1.2800480127334595,1977.1089040094187,0.2739733159542084,0.29739728569984436,0.36324039101600647,0.48123443126678467,0.5496214628219604,0.4155251085758209,0.3547118008136749,0.39161908626556396,0.44028136134147644,0.3872623145580292,0.38198378682136536,0.3876861333847046
blues.00052.wav,data/genres_original/blues/blues.00052.wav,-225.30030822753906,117.64151763916016,-14.544604301452637,64.80238342285156,12.931660652160645,19.02923583984375,10.688536643981934,9.883124351501465,-2.3828365802764893,11.688008308410645,1.545344591140747,3.0493669509887695,-7.628482818603516,-8.961092948913574,-4.351271152496338,-0.0652848482131958,-2.55324125289917,-3.436927556991577,-3.867452383041382,1.317022442817688,1443.2688618053,0.4035819470882416,0.29704347252845764,0.24479199945926666,0.19054852426052094,0.2687927484512329,0.331371933221817,0.42052045464515686,0.6237369775772095,0.4284607172012329,0.29913148283958435,0.27262377738952637,0.28812408447265625
blues.00053.wav,data/genres_original/blues/blues.00053.wav,-76.75776672363281,105.77047729492188,-43.208831787109375,60.95010757446289,-8.791269302368164,21.246780395507812,-12.877673149108887,18.621213912963867,-11.399113655090332,14.550055503845215,-6.057419300079346,12.740338325500488,-9.374363899230957,1.3606224060058594,-3.6204445362091064,7.004575729370117,-4.063000202178955,-0.2688610553741455,-3.704939842224121,-0.49661269783973694,2171.1586190945404,0.42383047938346863,0.46404901146888733,0.4357616901397705,0.44259846210479736,0.3032159209251404,0.3907318711280823,0.4998936653137207,0.3994162380695343,0.4172974228858948,0.36348482966423035,0.40588411688804626,0.40372681617736816
blues.00054.wav,data/genres_original/blues/blues.00054.wav,-58.00110626220703,109.01412200927734,-36.218387603759766,64.04035949707031,1.4301594495773315,26.31511878967285,-17.48267936706543,20.43101692199707,-9.543068885803223,18.177133560180664,-6.05714225769043,13.878271102905273,-11.297562599182129,4.668997287750244,-6.410600662231445,3.2177228927612305,-8.079230308532715,-1.711487054824829,-5.424764633178711,-2.5814151763916016,2030.3725287964605,0.369412899017334,0.4734877943992615,0.547160804271698,0.4800194501876831,0.5049681067466736,0.38620519638061523,0.4074096083641052,0.4226023554801941,0.49907130002975464,0.5493311285972595,0.4288865923881531,0.3659524917602539
blues.00055.wav,data/genres_original/blues/blues.00055.wav,-98.69757080078125,104.80117797851562,-35.10866928100586,60.695045471191406,-2.8393263816833496,22.231002807617188,-7.8374552726745605,19.03072166442871,-11.578802108764648,17.021759033203125,-5.387351036071777,12.199110984802246,-9.960819244384766,0.3587871491909027,-4.261344909667969,6.137922286987305,-4.830239295959473,1.4995230436325073,-1.494246244430542,3.5056378841400146,2032.120014161525,0.4244275689125061,0.3755919337272644,0.39717286825180054,0.3177872896194458,0.4716475307941437,0.47915971279144287,0.5307233333587646,0.5678773522377014,0.40186402201652527,0.4048587679862976,0.4131021499633789,0.40983742475509644
blues.00056.wav,data/genres_original/blues/blues.00056.wav,-145.42918395996094,102.85956573486328,-12.542128562927246,56.96205139160156,2.2472662925720215,26.607040405273438,-4.267031192779541,17.337631225585938,-7.997032642364502,15.232125282287598,-6.937475681304932,7.460381984710693,-10.468323707580566,-2.3522419929504395,-6.785082817077637,2.6685776710510254,-4.77987003326416,-0.9447579979896545,0.03094387985765934,-2.002164363861084,1810.9603368829585,0.3006838858127594,0.2694533169269562,0.3997364342212677,0.4074830412864685,0.5191964507102966,0.4208977222442627,0.43631449341773987,0.4218055009841919,0.3778805732727051,0.3905269205570221,0.3454262316226959,0.41914045810699463
blues.00057.wav,data/genres_original/blues/blues.00057.wav,-92.76853942871094,115.34078979492188,-35.06004333496094,57.85359573364258,1.8453208208084106,26.612060546875,-14.544861793518066,22.132043838500977,-8.207083702087402,11.007706642150879,-5.644093036651611,7.272861003875732,-10.202146530151367,1.3271267414093018,-4.1067214012146,0.974959135055542,-6.550566673278809,-0.6835881471633911,-2.1250014305114746,-1.521805763244629,1886.705706255258,0.411899209022522,0.36027270555496216,0.40026208758354187,0.4300285279750824,0.4866551160812378,0.4606785178184509,0.5119730234146118,0.3828599750995636,0.3502097427845001,0.37517908215522766,0.4080044627189636,0.5138370990753174
blues.00058.wav,data/genres_original/blues/blues.00058.wav,-95.45585632324219,105.22937774658203,-26.96267318725586,60.83699035644531,-4.847294330596924,21.545209884643555,-13.523774147033691,12.135233879089355,-20.232872009277344,12.151344299316406,-5.229752063751221,10.264025688171387,-9.453709602355957,3.8617467880249023,-10.193069458007812,3.585899591445923,-3.0982794761657715,0.2006804347038269,0.8410305380821228,-3.420522689819336,2068.327653288622,0.34883445501327515,0.4631582796573639,0.4122450053691864,0.4827391803264618,0.3061273694038391,0.28170230984687805,0.3720431625843048,0.3049812316894531,0.33809179067611694,0.29305049777030945,0.2866458296775818,0.3904011845588684
blues.00059.wav,data/genres_original/blues/blues.00059.wav,-86.25098419189453,91.94210052490234,-23.403499603271484,68.24950408935547,-3.890126943588257,22.742177963256836,-9.895618438720703,16.891765594482422,-11.39383316040039,18.42901611328125,-7.011847972869873,10.766727447509766,-11.93729019165039,1.002573013305664,-5.922303199768066,5.314185619354248,-6.1398444175720215,1.9491444826126099,-5.0979905128479,-0.6654883027076721,2235.921973430139,0.45165225863456726,0.40428194403648376,0.41462448239326477,0.27452167868614197,0.37102681398391724,0.4436115026473999,0.4318700134754181,0.5268197059631348,0.3669961094856262,0.39417797327041626,0.4088737666606903,0.3843640685081482
blues.00060.wav,data/genres_original/blues/blues.00060.wav,-67.80553436279297,111.70936584472656,-34.65730285644531,61.341796875,0.04518415778875351,30.571088790893555,-12.704325675964355,21.166828155517578,-13.1348876953125,16.287797927856445,-6.343267917633057,12.295475959777832,-12.483003616333008,1.6834157705307007,-5.147791862487793,4.646900653839111,-6.918055057525635,1.0482723712921143,-4.739018440246582,-0.6583510637283325,1946.5344115984576,0.3115999102592468,0.366868793964386,0.4453190267086029,0.43717002868652344,0.5655918121337891,0.4145565927028656,0.42376279830932617,0.38662874698638916,0.46559950709342957,0.5952804684638977,0.42169860005378723,0.3370886743068695
blues.00061.wav,data/genres_original/blues/blues.00061.wav,-82.48589324951172,94.17034149169922,-27.139204025268555,75.66251373291016,-27.529979705810547,35.58903121948242,-20.298961639404297,25.12131690979004,-15.379852294921875,11.346787452697754,-13.402286529541016,8.153382301330566,-8.504348754882812,8.285463333129883,-10.3597993850708,-3.460238218307495,-5.226151466369629,-2.5911004543304443,-8.365250587463379,-6.978116512298584,2503.952796432079,0.36946582794189453,0.3146926164627075,0.54774409532547,0.3568965196609497,0.5215461850166321,0.4558611512184143,0.4422588050365448,0.4869512915611267,0.3673061728477478,0.559693455696106,0.4925521910190582,0.5081906318664551
blues.00062.wav,data/genres_original/blues/blues.00062.wav,-144.99366760253906,95.74281311035156,-21.610319137573242,49.62971496582031,-29.898345947265625,29.35859489440918,-18.84994125366211,17.890138626098633,-9.674271583557129,5.513566970825195,-9.554561614990234,6.369012355804443,-21.091815948486328,2.4598286151885986,-9.537453651428223,-1.415343999862671,-9.32694149017334,5.140727996826172,-8.113003730773926,-2.4492156505584717,2279.808618295741,0.4403294026851654,0.29651570320129395,0.29633328318595886,0.2783535420894623,0.26171717047691345,0.44035378098487854,0.2777017056941986,0.34898999333381653,0.3515015244483948,0.24913780391216278,0.24539753794670105,0.2554977238178253
blues.00063.wav,data/genres_original/blues/blues.00063.wav,-129.11399841308594,72.11976623535156,-7.765845775604248,49.26091003417969,-32.72197723388672,21.608434677124023,-27.3746395111084,15.002843856811523,-10.258774757385254,12.437438011169434,-17.034568786621094,7.1181721687316895,-18.020404815673828,2.927659511566162,-14.486263275146484,4.0620622634887695,-14.537419319152832,7.258290767669678,-8.208020210266113,-1.9981069564819336,2839.267572265232,0.47293511033058167,0.3148309290409088,0.33855319023132324,0.34527239203453064,0.28411850333213806,0.4132328927516937,0.2926374077796936,0.2942197024822235,0.3048464059829712,0.32462751865386963,0.28528937697410583,0.2942189872264862
blues.00064.wav,data/genres_original/blues/blues.00064.wav,-85.17353820800781,88.81205749511719,-16.331642150878906,59.223236083984375,-35.99360275268555,14.391534805297852,-22.306257247924805,9.651896476745605,-14.8239164352417,11.181605339050293,-14.808832168579102,8.478196144104004,-19.590892791748047,6.413429260253906,-13.782541275024414,6.1157636642456055,-13.15479564666748,3.934136390686035,-7.617099761962891,3.7527036666870117,2553.2225631938227,0.5866406559944153,0.30649662017822266,0.3700140416622162,0.2621116638183594,0.3094520568847656,0.6076871752738953,0.2419556826353073,0.2556207776069641,0.236263245344162,0.32434919476509094,0.1970670372247696,0.29215699434280396
blues.00065.wav,data/genres_original/blues/blues.00065.wav,-118.37033081054688,74.86731719970703,-19.86946678161621,46.94758605957031,-32.569053649902344,23.835134506225586,-26.37411117553711,17.69251251220703,-13.826241493225098,11.946738243103027,-17.888776779174805,7.555981636047363,-22.900583267211914,4.764415740966797,-12.797207832336426,5.620264530181885,-14.738749504089355,6.682401180267334,-9.169971466064453,-2.2361948490142822,2816.7459196931127,0.5685388445854187,0.2625284194946289,0.2128858119249344,0.24416173994541168,0.27325183153152466,0.24869735538959503,0.24989323318004608,0.42419126629829407,0.219239741563797,0.22793418169021606,0.2706986665725708,0.3103296458721161
blues.00066.wav,data/genres_original/blues/blues.00066.wav,-116.5463638305664,97.44462585449219,-13.895613670349121,48.974857330322266,-22.594566345214844,27.765439987182617,-20.240068435668945,18.63935089111328,-14.6516695022583,8.481433868408203,-16.65589714050293,11.001678466796875,-13.869424819946289,9.742047309875488,-5.094328880310059,2.63737154006958,-9.890765190124512,6.160114765167236,-7.6891350746154785,-4.851009368896484,2340.3362115325717,0.3452090620994568,0.3324325382709503,0.43564310669898987,0.3034057915210724,0.3884829580783844,0.35458752512931824,0.3112020194530487,0.3524125814437866,0.3016221821308136,0.4375467300415039,0.4690718650817871,0.46648120880126953
blues.00067.wav,data/genres_original/blues/blues.00067.wav,-95.46324920654297,101.38037872314453,-20.697004318237305,48.66807174682617,-30.27181053161621,20.812761306762695,-18.31358528137207,14.146869659423828,-12.798890113830566,13.444279670715332,-14.078200340270996,7.7326555252075195,-19.23227310180664,2.862248659133911,-9.816176414489746,6.917914390563965,-11.309343338012695,8.943025588989258,-2.9608874320983887,-0.9738654494285583,2258.530501284298,0.28484272956848145,0.23302854597568512,0.33838772773742676,0.2749187648296356,0.41894039511680603,0.3338549733161926,0.31326860189437866,0.6014236807823181,0.38233593106269836,0.3138188123703003,0.2794167697429657,0.28101646900177
blues.00068.wav,data/genres_original/blues/blues.00068.wav,-113.19475555419922,88.70587158203125,-8.925185203552246,49.48269271850586,-34.57383346557617,15.86412525177002,-17.74479103088379,14.710541725158691,-11.201998710632324,15.367768287658691,-15.076569557189941,8.747662544250488,-18.631790161132812,5.469971656799316,-9.263916969299316,8.017120361328125,-9.55217456817627,5.871998310089111,-4.401514053344727,3.614706039428711,2513.747081320468,0.37294429540634155,0.20997720956802368,0.2229081094264984,0.18258339166641235,0.26471054553985596,0.5765500664710999,0.24400697648525238,0.2542512118816376,0.2750273048877716,0.3953609764575958,0.2648718059062958,0.21109387278556824
blues.00069.wav,data/genres_original/blues/blues.00069.wav,-121.4295425415039,96.12303161621094,-19.616804122924805,48.020565032958984,-38.808189392089844,24.758066177368164,-32.945823669433594,8.104193687438965,-17.811519622802734,6.113285064697266,-19.998334884643555,6.793924331665039,-19.340662002563477,-0.109212726354599,-12.248764038085938,-4.920230865478516,-10.407991409301758,-2.0489697456359863,-1.7652126550674438,-3.952850341796875,2370.9632922676196,0.2925962209701538,0.19067256152629852,0.342271625995636,0.24157658219337463,0.3649531900882721,0.398347944021225,0.2830318212509155,0.43520617485046387,0.22767937183380127,0.21458956599235535,0.252180814743042,0.2606900930404663
blues.00070.wav,data/genres_original/blues/blues.00070.wav,-133.04440307617188,105.72738647460938,-22.146265029907227,41.81864929199219,-26.996667861938477,19.124523162841797,-26.569320678710938,19.24604034423828,-15.334524154663086,6.989654064178467,-10.818551063537598,6.793742656707764,-11.729827880859375,4.400939464569092,-6.044506072998047,1.966282844543457,-12.32630443572998,3.2550430297851562,-8.811427116394043,-3.3753585815429688,2159.5483196611644,0.40472185611724854,0.28484249114990234,0.23898084461688995,0.27340012788772583,0.33967143297195435,0.45552587509155273,0.3000771105289459,0.26518532633781433,0.25049206614494324,0.3209744989871979,0.4155125916004181,0.3228636682033539
blues.00071.wav,data/genres_original/blues/blues.00071.wav,-89.39149475097656,93.78779602050781,-14.571089744567871,54.39153289794922,-33.515018463134766,19.421157836914062,-19.763673782348633,13.022462844848633,-13.86949634552002,14.61171817779541,-14.970264434814453,10.589298248291016,-18.023412704467773,6.658278942108154,-10.205866813659668,6.529358863830566,-10.848846435546875,3.32163143157959,-6.187530040740967,2.999420404434204,2429.3359591758494,0.4834364056587219,0.24265362322330475,0.25104454159736633,0.2352173775434494,0.31490007042884827,0.6132312417030334,0.256417453289032,0.263115793466568,0.2424848973751068,0.34634509682655334,0.19143585860729218,0.2227109968662262
blues.00072.wav,data/genres_original/blues/blues.00072.wav,-118.68193817138672,87.62361907958984,6.558794975280762,45.098052978515625,-38.915706634521484,20.813005447387695,-26.86333656311035,13.798008918762207,-17.238609313964844,5.110156536102295,-15.709853172302246,3.981841802597046,-27.54904556274414,3.047769546508789,-15.956565856933594,10.867772102355957,-12.651909828186035,2.8237087726593018,-13.335965156555176,-4.375290393829346,2595.2893633321164,0.22623051702976227,0.2374643087387085,0.48727360367774963,0.25895845890045166,0.3801622688770294,0.2203691303730011,0.2897925078868866,0.5230702757835388,0.24706202745437622,0.22697661817073822,0.22581805288791656,0.3611408770084381
blues.00073.wav,data/genres_original/blues/blues.00073.wav,-30.129287719726562,103.74479675292969,-19.765731811523438,56.411624908447266,-12.724869728088379,20.19422721862793,-17.34809684753418,16.30915641784668,-18.444427490234375,8.932051658630371,-11.661623001098633,11.210426330566406,-8.85125732421875,9.101228713989258,-3.574045181274414,4.384885311126709,-2.830826997756958,4.726116180419922,0.4824240505695343,1.4773939847946167,2094.775833910308,0.34977179765701294,0.330897718667984,0.29128408432006836,0.4761088788509369,0.3075926899909973,0.30076178908348083,0.3208819329738617,0.3377576470375061,0.3218900263309479,0.2819157838821411,0.49956363439559937,0.28590190410614014
blues.00074.wav,data/genres_original/blues/blues.00074.wav,-56.032894134521484,87.8406753540039,-1.6012405157089233,41.20536422729492,-5.6202712059021,27.784927368164062,-24.00258445739746,21.76812171936035,-18.42898941040039,12.32812213897705,-13.717032432556152,11.850820541381836,-3.982271909713745,7.098529815673828,-4.468585968017578,5.122544765472412,-6.652360439300537,5.871457099914551,-3.696402072906494,-1.9647623300552368,2515.8691600222824,0.32479703426361084,0.36816006898880005,0.3500518202781677,0.49737024307250977,0.31926974654197693,0.3086501657962799,0.2840878665447235,0.3490411341190338,0.3694264888763428,0.32760417461395264,0.579487144947052,0.3281422257423401
blues.00075.wav,data/genres_original/blues/blues.00075.wav,-86.33548736572266,92.70050048828125,-15.399187088012695,54.0520133972168,0.8667883276939392,31.560293197631836,-14.622711181640625,23.32544708251953,-14.978636741638184,15.339353561401367,-7.049361705780029,12.182225227355957,-6.110911846160889,7.021336078643799,-5.812696933746338,7.440920829772949,-6.074191570281982,3.3776984214782715,-4.27861213684082,1.2500922679901123,2225.176865828166,0.5765213966369629,0.46035897731781006,0.42200952768325806,0.3943972885608673,0.5309075713157654,0.4711454510688782,0.4035523533821106,0.5201733708381653,0.43327152729034424,0.49211692810058594,0.4549160301685333,0.43812131881713867
blues.00076.wav,data/genres_original/blues/blues.00076.wav,-52.70116424560547,74.45541381835938,-18.715457916259766,56.30721664428711,-3.9593260288238525,31.98715591430664,-16.45779037475586,22.41769027709961,-12.262028694152832,27.228351593017578,-9.233884811401367,7.807101726531982,-10.567174911499023,6.944951057434082,-9.136491775512695,13.02267837524414,-9.857318878173828,3.692450761795044,-4.954326152801514,4.422499179840088,2645.5300364910313,0.3258439600467682,0.2637728750705719,0.3802873492240906,0.30837151408195496,0.3168240189552307,0.5364333391189575,0.3260227143764496,0.397660493850708,0.2776516079902649,0.42786073684692383,0.4771001935005188,0.3492204248905182
blues.00077.wav,data/genres_original/blues/blues.00077.wav,-29.039146423339844,104.5373306274414,-30.97895622253418,38.1544303894043,-7.991591930389404,30.89167022705078,-20.596235275268555,25.830780029296875,-12.959671020507812,16.941612243652344,-12.26368236541748,10.786707878112793,-10.564545631408691,6.876256465911865,-10.298928260803223,6.968209743499756,-10.256609916687012,0.7044417262077332,-6.006501197814941,1.348615288734436,2206.7704721917903,0.555446445941925,0.34035879373550415,0.3536929786205292,0.34397509694099426,0.397165447473526,0.44617968797683716,0.37079063057899475,0.4640413224697113,0.34487807750701904,0.4436681270599365,0.4035743772983551,0.4427391588687897
blues.00078.wav,data/genres_original/blues/blues.00078.wav,-2.5510149002075195,101.25788116455078,-33.92729187011719,41.518402099609375,-13.815157890319824,31.92072296142578,-21.86859893798828,24.458948135375977,-15.881363868713379,15.794474601745605,-14.372408866882324,12.507438659667969,-13.373966217041016,6.112749099731445,-9.069668769836426,5.033294677734375,-11.333124160766602,3.1684939861297607,-4.571700096130371,-4.0338826179504395,2333.7163897098894,0.3445315957069397,0.5283112525939941,0.47427061200141907,0.5392007231712341,0.3300875425338745,0.3291427195072174,0.30918410420417786,0.42533355951309204,0.40429791808128357,0.35721275210380554,0.5586844086647034,0.3708358705043793
blues.00079.wav,data/genres_original/blues/blues.00079.wav,-3.5590710639953613,92.92780303955078,-25.11854362487793,45.18721389770508,-10.871893882751465,31.862422943115234,-18.05792236328125,28.62801170349121,-10.234052658081055,14.673486709594727,-14.906988143920898,14.75164794921875,-15.609783172607422,9.549894332885742,-14.798731803894043,2.074836015701294,-13.824647903442383,3.5714690685272217,-5.971642017364502,-1.6474393606185913,2443.2389164951205,0.37625622749328613,0.377920925617218,0.3907720744609833,0.600676953792572,0.4033760130405426,0.34884700179100037,0.4355800449848175,0.42402657866477966,0.33407357335090637,0.3408094644546509,0.6224746704101562,0.4036007225513458
blues.00080.wav,data/genres_original/blues/blues.00080.wav,-54.74724197387695,119.48587799072266,-34.86473846435547,37.537147521972656,-15.88623332977295,22.081096649169922,-14.668314933776855,18.534313201904297,-9.643756866455078,11.2588529586792,-11.732050895690918,11.539118766784668,-6.430718421936035,1.785667061805725,-5.8762526512146,0.38029050827026367,-9.06358528137207,-2.0153262615203857,-5.416968822479248,0.02883567474782467,1827.1513096464714,0.4358827471733093,0.34366557002067566,0.4587610065937042,0.3590238690376282,0.43761536478996277,0.2581755518913269,0.29188111424446106,0.46044421195983887,0.3037308156490326,0.36337605118751526,0.2991347312927246,0.407382607460022
blues.00081.wav,data/genres_original/blues/blues.00081.wav,-26.955238342285156,107.34024047851562,-46.81220626831055,40.932655334472656,-21.46986198425293,24.81685447692871,-18.94770050048828,15.260987281799316,-15.04425048828125,12.270949363708496,-15.23953914642334,14.331287384033203,-13.830044746398926,7.565649032592773,-6.183370590209961,0.3322103023529053,-6.835121154785156,0.9706783890724182,-7.5713791847229,2.9214704036712646,2116.8942510812694,0.41186264157295227,0.3723597228527069,0.6419904232025146,0.28423258662223816,0.36957406997680664,0.3657621741294861,0.3690275251865387,0.4498816430568695,0.23249204456806183,0.2767532169818878,0.3350412845611572,0.4544157087802887
blues.00082.wav,data/genres_original/blues/blues.00082.wav,-29.400257110595703,108.69148254394531,-25.58989906311035,38.44014358520508,-18.353866577148438,21.78569984436035,-25.172714233398438,22.406967163085938,-17.60605812072754,14.675621032714844,-12.086358070373535,5.4621901512146,-7.706029891967773,7.410017013549805,-11.32791519165039,7.235921382904053,-9.4705228805542,1.9366976022720337,-6.331344127655029,-1.3017338514328003,2141.332015271235,0.30444949865341187,0.3812373876571655,0.3619936406612396,0.30514201521873474,0.47864142060279846,0.27242329716682434,0.29799309372901917,0.3014776110649109,0.2735693156719208,0.4886280596256256,0.2892390787601471,0.3118433654308319
blues.00083.wav,data/genres_original/blues/blues.00083.wav,-19.893550872802734,98.89588928222656,-24.476659774780273,49.585853576660156,-16.200876235961914,30.19780921936035,-18.029512405395508,27.554832458496094,-11.405635833740234,14.8779935836792,-8.908681869506836,11.671262741088867,-10.88602066040039,9.310544967651367,-5.832060813903809,9.25865650177002,-4.049496173858643,3.2510263919830322,-3.466163396835327,2.379258155822754,2314.8192389666888,0.5460671186447144,0.31171005964279175,0.3859840929508209,0.31303852796554565,0.40949010848999023,0.668211817741394,0.3662906587123871,0.3444095253944397,0.3855675756931305,0.47913703322410583,0.5271818041801453,0.3911851942539215
blues.00084.wav,data/genres_original/blues/blues.00084.wav,-38.994842529296875,112.03825378417969,-31.817707061767578,38.24067687988281,-6.320668697357178,23.330562591552734,-18.77887725830078,23.932186126708984,-10.93421459197998,13.234858512878418,-14.381190299987793,13.326929092407227,-10.921998977661133,9.794657707214355,-5.032708644866943,7.201395034790039,-6.755035400390625,2.6630868911743164,-4.382441520690918,0.4145105183124542,2061.202741434345,0.5687236785888672,0.30889034271240234,0.3026520013809204,0.44104787707328796,0.2966398298740387,0.3017144501209259,0.31870758533477783,0.572438657283783,0.33702412247657776,0.3361769914627075,0.5817644596099854,0.3898281157016754
blues.00085.wav,data/genres_original/blues/blues.00085.wav,-180.1487579345703,131.41078186035156,0.5733374953269958,43.165672302246094,14.135558128356934,25.62137794494629,-5.315873146057129,12.034327507019043,-13.538714408874512,-1.0941227674484253,-7.614390850067139,2.718073844909668,0.774272620677948,1.9981459379196167,-6.09005880355835,3.4880545139312744,-8.337550163269043,3.2056517601013184,-0.9303992986679077,-2.253037691116333,1312.3500760815823,0.36588254570961,0.3315267562866211,0.47167283296585083,0.27510130405426025,0.21546456217765808,0.19473229348659515,0.22194093465805054,0.385840505361557,0.31244027614593506,0.3432883620262146,0.3169006109237671,0.3498487174510956
blues.00086.wav,data/genres_original/blues/blues.00086.wav,-212.81539916992188,139.06922912597656,9.454344749450684,35.44626998901367,12.70954704284668,20.417665481567383,-5.573952674865723,10.893662452697754,-8.731712341308594,8.055455207824707,0.16379785537719727,2.6417462825775146,-1.025734543800354,-1.4032182693481445,-4.704832553863525,1.1418108940124512,-9.476272583007812,-2.1909124851226807,-4.098109722137451,-3.3432798385620117,1245.5817719137372,0.2895459532737732,0.26634636521339417,0.3729839324951172,0.32169678807258606,0.33470597863197327,0.4099465608596802,0.42452648282051086,0.4525691568851471,0.37857386469841003,0.36752164363861084,0.40607979893684387,0.3663395047187805
blues.00087.wav,data/genres_original/blues/blues.00087.wav,-155.5165252685547,125.65575408935547,1.575325846672058,45.82986831665039,0.9089980721473694,25.391239166259766,-10.81348991394043,15.574146270751953,-11.929203987121582,1.2717756032943726,-6.661500930786133,-0.7791271209716797,-7.749222755432129,0.4193054437637329,-7.029630184173584,4.0091071128845215,-6.266027927398682,0.9513329863548279,2.0064620971679688,-5.7357635498046875,1441.9992540972155,0.30446138978004456,0.41171038150787354,0.3028462529182434,0.3249027132987976,0.31316840648651123,0.3625277876853943,0.34671539068222046,0.2864625155925751,0.39791780710220337,0.39409640431404114,0.3371034264564514,0.25899142026901245
blues.00088.wav,data/genres_original/blues/blues.00088.wav,-194.27952575683594,151.85118103027344,-1.1928858757019043,39.19459915161133,16.582487106323242,18.25238609313965,-1.3991600275039673,14.87770938873291,-11.616781234741211,2.448875904083252,-5.0791730880737305,3.9416005611419678,-0.9037837386131287,0.6356104016304016,-8.353414535522461,-7.51324987411499,-8.047445297241211,-5.409147262573242,-2.5346593856811523,0.12955047190189362,1006.8779768813248,0.3870719373226166,0.41316676139831543,0.5122684836387634,0.3377022445201874,0.24120160937309265,0.26846447587013245,0.33272606134414673,0.3958912789821625,0.3917999267578125,0.4029772877693176,0.4439524710178375,0.40726563334465027
blues.00089.wav,data/genres_original/blues/blues.00089.wav,-346.88690185546875,139.24795532226562,24.084867477416992,22.26401710510254,18.647842407226562,11.657902717590332,9.017680168151855,6.977828025817871,-2.023301124572754,5.420398235321045,1.6508172750473022,-2.353006362915039,3.1936395168304443,0.7052997350692749,-3.092132329940796,-2.1101784706115723,-2.21208119392395,-4.576663017272949,-4.726688385009766,0.05927489325404167,798.568445037982,0.3900832533836365,0.28115999698638916,0.22107574343681335,0.22271090745925903,0.24884451925754547,0.2540365755558014,0.2706543803215027,0.3902943730354309,0.4493391811847687,0.5359525084495544,0.46854615211486816,0.45161986351013184
blues.00090.wav,data/genres_original/blues/blues.00090.wav,-177.4873504638672,115.33374786376953,9.963018417358398,54.056209564208984,7.61562442779541,28.31572914123535,-9.070209503173828,20.058439254760742,-15.045547485351562,6.222489833831787,-5.688929080963135,1.3798936605453491,-5.843504905700684,5.011321067810059,-0.7552953958511353,5.057275772094727,-5.0843963623046875,-2.7971696853637695,2.429389238357544,-5.37290620803833,1613.4333911575964,0.34384822845458984,0.3151596486568451,0.31665924191474915,0.33829793334007263,0.43941858410835266,0.42228785157203674,0.4201420545578003,0.3884716331958771,0.3608308434486389,0.3831136226654053,0.38362249732017517,0.42283451557159424
blues.00091.wav,data/genres_original/blues/blues.00091.wav,-236.3834686279297,161.69500732421875,-1.1533328294754028,27.288705825805664,9.581354141235352,20.619043350219727,0.2341289222240448,13.796684265136719,-0.5009188055992126,10.185428619384766,-4.454617977142334,5.508088111877441,-3.716721296310425,-0.8915274143218994,-4.904811382293701,-2.872342824935913,-3.75852632522583,-3.3457863330841064,-2.4161057472229004,-3.783830404281616,991.1502533354555,0.53779137134552,0.44453874230384827,0.47121191024780273,0.4253426194190979,0.42958518862724304,0.32071468234062195,0.2928881347179413,0.30396169424057007,0.37333616614341736,0.3692692518234253,0.4743945598602295,0.6203575730323792
blues.00092.wav,data/genres_original/blues/blues.00092.wav,-332.3080139160156,128.0807647705078,28.82522201538086,41.8360595703125,31.234670639038086,23.358219146728516,5.787223815917969,8.99620246887207,-3.8611271381378174,3.738999366760254,-0.8690580725669861,-0.43693113327026367,1.4746564626693726,-1.5670480728149414,-0.8314688801765442,2.168971061706543,-3.8919129371643066,-4.197279453277588,-5.932183265686035,-3.447434902191162,918.3602069536549,0.35883504152297974,0.30686092376708984,0.26538440585136414,0.2948504388332367,0.3996049165725708,0.44876551628112793,0.5514617562294006,0.4583989083766937,0.39537423849105835,0.3936888873577118,0.39706137776374817,0.4224952161312103
blues.00093.wav,data/genres_original/blues/blues.00093.wav,-350.35888671875,169.54632568359375,31.780242919921875,16.71375274658203,28.66175651550293,19.24909210205078,7.846700668334961,10.039793014526367,4.742696762084961,2.9156224727630615,3.896542549133301,1.810349464416504,-5.970981121063232,-5.258749008178711,-0.2288825958967209,-1.7753269672393799,-3.7088403701782227,0.17516964673995972,2.0766782760620117,-2.8920042514801025,570.1506880585581,0.41551199555397034,0.1888025552034378,0.23865340650081635,0.3348388671875,0.3764401078224182,0.3857561945915222,0.5216245651245117,0.2985651195049286,0.33433961868286133,0.3980545103549957,0.440773606300354,0.5994691848754883
blues.00094.wav,data/genres_original/blues/blues.00094.wav,-206.28115844726562,126.62034606933594,10.590665817260742,43.215721130371094,12.494900703430176,19.413660049438477,0.351968914270401,12.73094367980957,-4.579288959503174,4.058011054992676,-4.409212112426758,3.6634223461151123,-1.4560467004776,-1.701555609703064,-7.154653549194336,1.1864163875579834,-6.225800514221191,0.6012725234031677,-1.604264259338379,-0.5392205715179443,1239.687998670662,0.3519870638847351,0.40087687969207764,0.33802396059036255,0.29051053524017334,0.3755975365638733,0.3406349718570709,0.36057206988334656,0.3901923596858978,0.43655356764793396,0.49172908067703247,0.37645915150642395,0.3674476742744446
blues.00095.wav,data/genres_original/blues/blues.00095.wav,-130.58154296875,139.9748992919922,-1.270734190940857,39.3104248046875,-6.353663921356201,19.76784324645996,-11.213424682617188,27.24368667602539,-16.5345401763916,7.021878242492676,-1.2004059553146362,1.613635778427124,-6.629040241241455,4.952461242675781,-1.6338684558868408,0.9539634585380554,-4.841609477996826,-5.9705891609191895,-2.786719799041748,-6.49281644821167,1388.4454872380973,0.3600297272205353,0.4108976125717163,0.33639514446258545,0.30291908979415894,0.31208086013793945,0.31408071517944336,0.42758557200431824,0.3364506959915161,0.3443877696990967,0.36950257420539856,0.4854815602302551,0.4397973120212555
blues.00096.wav,data/genres_original/blues/blues.00096.wav,-314.5821838378906,139.91444396972656,11.862519264221191,30.10210609436035,-7.539033889770508,14.907038688659668,-2.6808977127075195,6.701542854309082,-6.3955078125,2.817612648010254,-11.706480979919434,2.0630273818969727,-11.438628196716309,-9.510528564453125,-15.18669319152832,-9.362388610839844,-5.665493488311768,1.5621169805526733,0.8971253633499146,-7.956726551055908,1132.5184226709684,0.18420225381851196,0.21320055425167084,0.17043250799179077,0.3554421663284302,0.5363070964813232,0.3001633584499359,0.2651241719722748,0.20984286069869995,0.30768540501594543,0.14086054265499115,0.16534407436847687,0.2787545919418335
blues.00097.wav,data/genres_original/blues/blues.00097.wav,-148.647705078125,145.73776245117188,-9.3633451461792,48.451446533203125,10.54387092590332,18.014602661132812,-2.6345770359039307,16.95808219909668,-11.50682258605957,8.73170280456543,-8.173254013061523,3.2235348224639893,-0.6797581911087036,-0.7301858067512512,-6.821438789367676,-3.9379217624664307,-15.737845420837402,-5.59636926651001,-5.797905445098877,-0.04746796563267708,1236.606352338598,0.4811069667339325,0.44949373602867126,0.4206750690937042,0.30834466218948364,0.2998240888118744,0.28387731313705444,0.35210561752319336,0.3956695795059204,0.36662039160728455,0.3608940839767456,0.35039910674095154,0.43439939618110657
blues.00098.wav,data/genres_original/blues/blues.00098.wav,-90.70722198486328,100.10759735107422,-23.924427032470703,52.58830642700195,-20.928014755249023,31.502182006835938,-11.213112831115723,20.094327926635742,-10.915236473083496,17.563922882080078,-14.097333908081055,12.994507789611816,-11.420426368713379,2.9118447303771973,-12.017497062683105,4.827646732330322,-11.165410041809082,1.16221022605896,-3.921332359313965,3.253201723098755,2310.1410834053427,0.47012007236480713,0.34224843978881836,0.36540496349334717,0.3852209746837616,0.44618749618530273,0.44313758611679077,0.4462459683418274,0.6515389680862427,0.4627452790737152,0.46061277389526367,0.44728872179985046,0.3975903391838074
blues.00099.wav,data/genres_original/blues/blues.00099.wav,-177.19163513183594,136.21420288085938,-26.910709381103516,36.372779846191406,-18.759424209594727,20.905868530273438,-1.776571273803711,3.0159289836883545,-5.5994062423706055,5.634592533111572,-8.114800453186035,5.645381450653076,-10.78654670715332,-2.416140079498291,-6.942405700683594,-2.509000778198242,-5.207820415496826,-3.411327362060547,-3.249948501586914,-2.6840248107910156,1538.9317922233738,0.37277692556381226,0.2551526725292206,0.316119521856308,0.4245951771736145,0.41967475414276123,0.4388444125652313,0.3412333130836487,0.43841832876205444,0.3162318468093872,0.33158165216445923,0.443997323513031,0.3443225026130676
classical.00000.wav,data/genres_original/classical/classical.00000.wav,-268.1800231933594,135.68788146972656,-34.07107162475586,25.634859085083008,-12.970322608947754,17.894695281982422,-9.997607231140137,5.629222393035889,-14.14646053314209,7.497624397277832,-3.9705235958099365,8.258682250976562,-1.3527363538742065,-0.37740007042884827,1.0275259017944336,3.8083536624908447,-0.30203017592430115,1.7795610427856445,0.8909798860549927,-0.8330717086791992,1505.3776997189811,0.12438634037971497,0.2978305518627167,0.41115525364875793,0.20605504512786865,0.3402339816093445,0.1598987579345703,0.33706340193748474,0.19655737280845642,0.17474877834320068,0.3215410113334656,0.14644843339920044,0.31263503432273865
classical.00001.wav,data/genres_original/classical/classical.00001.wav,-324.0920104980469,133.59413146972656,-25.021385192871094,24.567684173583984,-11.939834594726562,17.66022491455078,-5.522581100463867,1.7202367782592773,-10.571334838867188,-0.8508687019348145,-7.797242164611816,3.5256075859069824,5.046799182891846,1.3635525703430176,3.0031678676605225,-3.12031888961792,-4.2890625,0.5890149474143982,2.868589162826538,0.3691808879375458,1360.5964481029573,0.16399100422859192,0.24028559029102325,0.3884362280368805,0.15338173508644104,0.14760644733905792,0.11815949529409409,0.254926860332489,0.1615116447210312,0.0907502993941307,0.17607560753822327,0.2170363813638687,0.4684044420719147
classical.00002.wav,data/genres_original/classical/classical.00002.wav,-235.30642700195312,141.13674926757812,-34.679046630859375,30.997169494628906,-16.40024185180664,23.120685577392578,-11.043702125549316,7.658641338348389,-19.01723861694336,4.236544132232666,-11.835343360900879,8.918063163757324,-1.4424678087234497,4.288447856903076,1.4757500886917114,3.1938695907592773,-1.314237356185913,2.931814432144165,-1.6683862209320068,-2.8998591899871826,1490.0147947114058,0.19734491407871246,0.42330530285835266,0.3618371784687042,0.23213954269886017,0.39298564195632935,0.14596353471279144,0.23273099958896637,0.14154265820980072,0.2812501788139343,0.286687433719635,0.17813198268413544,0.4602554738521576
classical.00003.wav,data/genres_original/classical/classical.00003.wav,-326.8998718261719,127.39418029785156,-30.584468841552734,37.475746154785156,-5.291163921356201,20.806987762451172,-1.7857121229171753,-4.603166580200195,-4.048744201660156,5.238034248352051,-0.6428707242012024,2.8008625507354736,7.245895862579346,3.9837846755981445,-2.3909738063812256,1.481999397277832,0.5834611058235168,-0.6063217520713806,2.3340649604797363,2.652210235595703,1526.5606707346662,0.3342439532279968,0.13990047574043274,0.3485143184661865,0.253645122051239,0.2602531611919403,0.2667495608329773,0.20027819275856018,0.3216395378112793,0.11443017423152924,0.20066118240356445,0.16787543892860413,0.20261217653751373
classical.00004.wav,data/genres_original/classical/classical.00004.wav,-259.9622802734375,118.93238067626953,-35.60652542114258,31.990013122558594,-16.53548812866211,10.620695114135742,-15.655908584594727,7.4423346519470215,-5.81046199798584,8.26894474029541,-18.018592834472656,-1.1994950771331787,-6.346670627593994,2.766035795211792,-2.5898215770721436,4.387973785400391,-4.1366496086120605,-4.781821250915527,-4.77666711807251,-4.610077857971191,1705.7324266471085,0.3268883526325226,0.14018608629703522,0.24916662275791168,0.12604594230651855,0.3418576121330261,0.2410169392824173,0.1227850392460823,0.13005393743515015,0.18343645334243774,0.31037265062332153,0.18286435306072235,0.3042832612991333
classical.00005.wav,data/genres_original/classical/classical.00005.wav,-264.27740478515625,138.1509246826172,-30.101543426513672,37.82422637939453,-7.180174827575684,6.782932758331299,-11.818897247314453,4.712038040161133,-9.84363079071045,5.863745212554932,-9.573776245117188,2.670393466949463,-4.796440124511719,-1.4033838510513306,-2.096193313598633,2.9775209426879883,3.3557801246643066,4.811314105987549,1.7625709772109985,-1.8270738124847412,1431.5423062932691,0.3151443302631378,0.15606020390987396,0.25539863109588623,0.38896018266677856,0.18442395329475403,0.2763819396495819,0.16469243168830872,0.36229532957077026,0.42984873056411743,0.2540014684200287,0.2585231065750122,0.17690517008304596
classical.00006.wav,data/genres_original/classical/classical.00006.wav,-295.7435607910156,134.538330078125,-22.44930648803711,40.759246826171875,-5.875978469848633,9.276346206665039,-11.87594223022461,6.294928073883057,-8.866928100585938,4.4062886238098145,-9.378151893615723,4.0613789558410645,1.6256839036941528,5.137465953826904,5.440424919128418,2.2810285091400146,-1.815434217453003,-2.9235122203826904,0.13862088322639465,3.1956722736358643,1372.8214993768145,0.5870931148529053,0.2240094095468521,0.19463162124156952,0.23414158821105957,0.17385122179985046,0.27659523487091064,0.19085842370986938,0.2974233627319336,0.3159888684749603,0.1565653681755066,0.18860600888729095,0.2976473271846771
classical.00007.wav,data/genres_original/classical/classical.00007.wav,-286.86822509765625,135.91835021972656,-24.436614990234375,36.661170959472656,-6.245213508605957,6.96293306350708,-8.1682710647583,3.8440656661987305,-4.39834451675415,6.4327850341796875,-4.1305766105651855,1.5490405559539795,-4.352837085723877,-3.0135419368743896,-0.005727856419980526,5.649238586425781,3.429659128189087,2.833672523498535,1.0971847772598267,-0.2909148931503296,1358.926260249797,0.18926110863685608,0.14117497205734253,0.34174466133117676,0.3953198492527008,0.20488275587558746,0.39024919271469116,0.17468993365764618,0.2759982943534851,0.30621403455734253,0.2584158480167389,0.4688863754272461,0.17212021350860596
classical.00008.wav,data/genres_original/classical/classical.00008.wav,-292.1529235839844,127.76366424560547,-29.909019470214844,37.44208526611328,-9.556897163391113,5.113044738769531,-13.82392406463623,7.031724452972412,-7.032629489898682,6.492000102996826,-9.904398918151855,4.713660717010498,0.37483370304107666,1.4678955078125,3.3925867080688477,6.072780132293701,0.9615323543548584,-0.754437267780304,-2.0979442596435547,0.7595844268798828,1516.6480402419818,0.47993388772010803,0.20538835227489471,0.22570888698101044,0.16878050565719604,0.17346175014972687,0.32589712738990784,0.17479629814624786,0.24695025384426117,0.19402731955051422,0.31362780928611755,0.34226882457733154,0.2062762975692749
classical.00009.wav,data/genres_original/classical/classical.00009.wav,-356.14398193359375,139.79286193847656,-6.286762237548828,43.18829345703125,-8.879335403442383,11.050312995910645,-8.393049240112305,4.418518543243408,-8.283711433410645,8.682830810546875,-8.135774612426758,3.427107095718384,-1.4406299591064453,-0.41183432936668396,-1.7198916673660278,-0.2948951721191406,-0.6548899412155151,1.1565762758255005,-0.6220703125,-0.258135050535202,1216.426225125279,0.3301655352115631,0.2243737429380417,0.4263562560081482,0.4164789021015167,0.1813930869102478,0.1793232560157776,0.23200301826000214,0.32183539867401123,0.21312855184078217,0.25441622734069824,0.2816678583621979,0.18491610884666443
classical.00010.wav,data/genres_original/classical/classical.00010.wav,-315.0445556640625,128.73924255371094,-28.93490219116211,30.83951187133789,-8.996633529663086,7.990102767944336,-9.84698486328125,1.4414088726043701,-8.973620414733887,6.049839496612549,-3.3209331035614014,7.609505653381348,3.7989633083343506,2.93833589553833,1.8396790027618408,5.203797340393066,1.0788440704345703,0.14129459857940674,-4.532042980194092,-2.3126306533813477,1497.0762956940562,0.2863065004348755,0.1470596343278885,0.3277880549430847,0.31758832931518555,0.21730123460292816,0.4148789048194885,0.14930911362171173,0.17877264320850372,0.10868825018405914,0.24739901721477509,0.3812578618526459,0.16367670893669128
classical.00011.wav,data/genres_original/classical/classical.00011.wav,-385.265869140625,177.27786254882812,-9.337658882141113,24.37321662902832,5.805444240570068,-4.5630645751953125,-6.3569488525390625,-6.957895755767822,-4.127427577972412,3.8580665588378906,-0.35820144414901733,-0.9461225867271423,-3.670559883117676,-2.098604679107666,3.644704818725586,0.7326297163963318,-1.226660966873169,-0.7459246516227722,2.7860498428344727,1.5408992767333984,949.3765619854879,0.539653480052948,0.25267839431762695,0.30663713812828064,0.17036455869674683,0.12699978053569794,0.27474454045295715,0.16171517968177795,0.30076098442077637,0.24271832406520844,0.14842885732650757,0.14593175053596497,0.268396258354187
classical.00012.wav,data/genres_original/classical/classical.00012.wav,-362.7138977050781,143.93861389160156,-18.9818115234375,30.657846450805664,1.028149127960205,0.28484389185905457,-7.989743232727051,-3.8509790897369385,-8.944668769836426,3.249769449234009,-4.454636573791504,3.6496245861053467,4.933547496795654,3.2838127613067627,6.36060094833374,6.067239761352539,3.8507261276245117,-0.24739716947078705,1.1675680875778198,1.7840005159378052,1179.9891396444557,0.5431308746337891,0.1897541880607605,0.19267824292182922,0.10470744222402573,0.2511747181415558,0.3967949450016022,0.13831472396850586,0.20689275860786438,0.1218377947807312,0.25909534096717834,0.1938456892967224,0.2300153374671936
classical.00013.wav,data/genres_original/classical/classical.00013.wav,-343.13555908203125,140.0868682861328,-20.911027908325195,32.33218765258789,-3.6868057250976562,2.9435534477233887,-10.669527053833008,0.3191000819206238,-5.784343719482422,7.688077449798584,-3.6771061420440674,2.553816556930542,-3.4980664253234863,-2.2409543991088867,-0.8364195227622986,0.8789191842079163,0.4735562801361084,0.9455652236938477,1.8694180250167847,-0.6390267610549927,1388.2456582676334,0.31140783429145813,0.2016613632440567,0.40755924582481384,0.14311838150024414,0.19530455768108368,0.1815578043460846,0.18618929386138916,0.43192434310913086,0.17802250385284424,0.22759142518043518,0.11538252234458923,0.20483297109603882
classical.00014.wav,data/genres_original/classical/classical.00014.wav,-324.6391296386719,147.8270263671875,-31.937814712524414,27.408855438232422,-4.50882625579834,-4.165106773376465,-12.588296890258789,-5.118298053741455,-7.741824626922607,0.8432938456535339,-8.19558334350586,-0.8224477767944336,1.0045005083084106,3.6744751930236816,6.201358795166016,4.714147567749023,-0.044553112238645554,-2.3374502658843994,2.229011297225952,-0.5509060621261597,1279.5500532331514,0.3751946985721588,0.25174662470817566,0.4498231112957001,0.1549234688282013,0.1329057812690735,0.06842392683029175,0.17341554164886475,0.28818371891975403,0.14769749343395233,0.2549724876880646,0.1314142942428589,0.3802832365036011
classical.00015.wav,data/genres_original/classical/classical.00015.wav,-449.5143737792969,124.9736328125,-19.919231414794922,27.45220947265625,-5.775591850280762,2.227295398712158,-6.55279016494751,10.601102828979492,3.3547394275665283,14.393792152404785,1.988739252090454,5.250283241271973,4.426795482635498,5.072791576385498,7.173084259033203,6.192042350769043,7.1587815284729,3.8522374629974365,2.6193506717681885,4.950331211090088,1371.6170328582264,0.2080674022436142,0.11122770607471466,0.15198782086372375,0.1779051423072815,0.389568567276001,0.1398007720708847,0.2865654528141022,0.23641088604927063,0.1584201455116272,0.2496977001428604,0.15762194991111755,0.3319169878959656
classical.00016.wav,data/genres_original/classical/classical.00016.wav,-482.6763610839844,154.86114501953125,-5.0259785652160645,29.737667083740234,-1.8687421083450317,8.223094940185547,-4.765953063964844,9.646514892578125,-3.335388660430908,4.532222270965576,-10.103473663330078,-0.6667141318321228,-2.444843053817749,-0.16459216177463531,1.8707220554351807,3.4802000522613525,3.3868613243103027,1.1131744384765625,1.2773034572601318,-0.6721352934837341,1054.4585145386827,0.21905986964702606,0.23902049660682678,0.6498103141784668,0.2618747651576996,0.08797822147607803,0.050590649247169495,0.14219290018081665,0.27119508385658264,0.13931071758270264,0.2569766044616699,0.12612901628017426,0.18677550554275513
classical.00017.wav,data/genres_original/classical/classical.00017.wav,-311.51123046875,148.661376953125,-33.50911331176758,10.361732482910156,-12.907804489135742,1.2325764894485474,-12.908660888671875,0.8045720458030701,-9.73869800567627,2.0689783096313477,-5.106062412261963,6.744292736053467,4.615777492523193,3.7654855251312256,1.2712043523788452,1.248694658279419,-0.08448559790849686,1.4975205659866333,0.37977084517478943,-2.9951374530792236,1358.9070916597766,0.2553235590457916,0.2945164740085602,0.263371080160141,0.219629168510437,0.5005324482917786,0.21890415251255035,0.16877424716949463,0.1575375199317932,0.17605862021446228,0.39867937564849854,0.17194323241710663,0.25167304277420044
classical.00018.wav,data/genres_original/classical/classical.00018.wav,-405.6831359863281,145.6948699951172,-0.8267217874526978,23.06764793395996,9.225311279296875,-2.64393949508667,-5.750472545623779,-2.091925859451294,-0.6470623016357422,6.7592291831970215,2.807608127593994,2.446449041366577,5.084672927856445,2.3814902305603027,1.8640756607055664,2.5028796195983887,1.5279221534729004,-2.2602877616882324,-1.4472854137420654,2.610208749771118,1158.0012026973075,0.27276718616485596,0.22677551209926605,0.14785751700401306,0.1129647046327591,0.28168126940727234,0.36787986755371094,0.15742315351963043,0.26766684651374817,0.3005484342575073,0.16199438273906708,0.3298528492450714,0.24189390242099762
classical.00019.wav,data/genres_original/classical/classical.00019.wav,-475.8676452636719,141.53086853027344,-8.475212097167969,33.9920654296875,0.525580883026123,6.034851551055908,0.02793312631547451,9.537155151367188,2.1625187397003174,7.08209753036499,-8.048425674438477,-0.1082741916179657,0.7882745265960693,3.8774943351745605,5.309873580932617,4.664308071136475,6.874410629272461,5.3992838859558105,1.0468251705169678,-6.493711471557617,1184.5272815945475,0.3497105538845062,0.23413538932800293,0.28399431705474854,0.4593861699104309,0.18989121913909912,0.18594612181186676,0.1636226922273636,0.3556097745895386,0.3719392418861389,0.22249732911586761,0.38593265414237976,0.20590153336524963
classical.00020.wav,data/genres_original/classical/classical.00020.wav,-300.94049072265625,161.0862579345703,-24.240718841552734,27.9661865234375,-2.862253189086914,2.3875598907470703,-11.273425102233887,0.2252800017595291,-6.841876983642578,6.094606399536133,-8.138310432434082,-1.8053269386291504,-4.110150337219238,-2.0455989837646484,-1.6021350622177124,0.6482636332511902,1.450760841369629,-0.22119511663913727,-1.291216492652893,-7.101759910583496,1218.4372978528554,0.21486040949821472,0.12451959401369095,0.3590167462825775,0.347423791885376,0.16145898401737213,0.33324065804481506,0.15373848378658295,0.26446405053138733,0.28629639744758606,0.28247126936912537,0.5171310305595398,0.18305006623268127
classical.00021.wav,data/genres_original/classical/classical.00021.wav,-278.2295227050781,147.87562561035156,-31.567955017089844,20.352275848388672,-9.5826416015625,-6.244680404663086,-13.601202964782715,-0.6661562323570251,-7.274474620819092,1.0198694467544556,-11.7584810256958,-0.96198570728302,-2.216409206390381,-0.5725288987159729,1.8691948652267456,5.144383907318115,2.6245884895324707,0.824502170085907,-1.6428109407424927,-0.10273435711860657,1371.3696318927568,0.30251726508140564,0.2520546317100525,0.2299915999174118,0.19869022071361542,0.20985165238380432,0.39833804965019226,0.2628988027572632,0.18366694450378418,0.17211799323558807,0.29146599769592285,0.40952134132385254,0.29071882367134094
classical.00022.wav,data/genres_original/classical/classical.00022.wav,-278.782470703125,160.0192413330078,-28.39898109436035,23.062631607055664,-2.695274591445923,3.0099825859069824,-11.293975830078125,-0.5086706876754761,-11.364045143127441,3.1734747886657715,-5.107194900512695,4.339188575744629,-4.0708909034729,-0.1533307582139969,-1.6684709787368774,1.642027497291565,1.0030914545059204,-0.7636377811431885,-3.8361165523529053,-3.553893804550171,1211.2151185706325,0.3431512117385864,0.22835899889469147,0.2677323520183563,0.29321375489234924,0.34069663286209106,0.5195006132125854,0.21404705941677094,0.26460781693458557,0.13242138922214508,0.23025362193584442,0.30119389295578003,0.18020330369472504
classical.00023.wav,data/genres_original/classical/classical.00023.wav,-406.9654235839844,163.13946533203125,-2.413806915283203,32.45664978027344,7.907846450805664,9.67713451385498,-5.489035606384277,9.523489952087402,-3.1028149127960205,10.20968246459961,-10.385385513305664,-5.38671350479126,-8.080061912536621,-2.057903289794922,0.3721522390842438,3.411153554916382,3.4882967472076416,7.395568370819092,6.434971809387207,0.1809360682964325,983.7618406456091,0.12949499487876892,0.0942414328455925,0.303356796503067,0.6258839964866638,0.2790984809398651,0.24142128229141235,0.1569933146238327,0.21508313715457916,0.30641990900039673,0.2556505799293518,0.39795953035354614,0.2005482316017151
classical.00024.wav,data/genres_original/classical/classical.00024.wav,-223.17724609375,163.24624633789062,-34.41622543334961,24.187868118286133,-10.304305076599121,3.2287333011627197,-12.884590148925781,0.8050677180290222,-14.284255027770996,1.6726206541061401,-10.143484115600586,0.24415597319602966,-4.545104026794434,0.10906212031841278,-2.8684515953063965,1.345802903175354,-0.3440425992012024,-1.0627361536026,-1.0944877862930298,-8.05716609954834,1253.132223438827,0.23656605184078217,0.25234079360961914,0.45243698358535767,0.2689932882785797,0.13567858934402466,0.15842443704605103,0.18693046271800995,0.30873945355415344,0.20621280372142792,0.3105267584323883,0.3439915180206299,0.17923873662948608
classical.00025.wav,data/genres_original/classical/classical.00025.wav,-221.28347778320312,173.33663940429688,-37.456539154052734,24.36244773864746,-8.687610626220703,3.3857874870300293,-12.841171264648438,1.0815317630767822,-15.328130722045898,0.4232337474822998,-9.623605728149414,2.292806386947632,-4.485561847686768,0.3625755310058594,-1.48662531375885,1.8132904767990112,0.22892510890960693,-0.965282142162323,-0.48393887281417847,-6.2636613845825195,1184.0658218421813,0.34090930223464966,0.19695788621902466,0.3942089378833771,0.27632492780685425,0.19342243671417236,0.30051660537719727,0.26003217697143555,0.4185043275356293,0.22972425818443298,0.38449257612228394,0.3436426818370819,0.22966262698173523
classical.00026.wav,data/genres_original/classical/classical.00026.wav,-319.3324279785156,143.66473388671875,-31.164365768432617,10.908862113952637,-5.55388879776001,-4.265032768249512,-8.952559471130371,-5.583490371704102,-8.020538330078125,2.3426127433776855,-4.477270603179932,-0.3197871744632721,0.9748618006706238,1.1464473009109497,-0.4881918728351593,-1.3061251640319824,0.13897383213043213,1.4960650205612183,3.709078788757324,3.0729024410247803,1278.574558748878,0.3128400146961212,0.17135870456695557,0.38464489579200745,0.14286036789417267,0.20876574516296387,0.19251802563667297,0.17999865114688873,0.4919593334197998,0.20521514117717743,0.2239667773246765,0.16185712814331055,0.27214866876602173
classical.00027.wav,data/genres_original/classical/classical.00027.wav,-366.2502136230469,181.59939575195312,-5.526268005371094,27.00836944580078,-4.832130432128906,4.610713958740234,-10.542598724365234,0.16761936247348785,-11.139510154724121,3.5848047733306885,-10.332783699035645,-1.078434944152832,-4.5973076820373535,-0.4788576364517212,0.8356920480728149,0.2516956329345703,2.1313154697418213,0.6989120244979858,1.0251924991607666,-3.0680041313171387,901.7856877463795,0.41827067732810974,0.22012054920196533,0.16716906428337097,0.07946448028087616,0.1457541435956955,0.334809273481369,0.14140619337558746,0.27820536494255066,0.17903663218021393,0.44037553668022156,0.3195570707321167,0.1646406501531601
classical.00028.wav,data/genres_original/classical/classical.00028.wav,-228.95733642578125,153.97128295898438,-30.685272216796875,20.812593460083008,-6.080225467681885,1.1724103689193726,-10.788688659667969,-3.8824715614318848,-11.589582443237305,0.8821455836296082,-8.279236793518066,-0.7267763018608093,-3.104449510574341,-3.4343481063842773,-2.6240336894989014,0.7225605249404907,-1.9660414457321167,-2.5158815383911133,1.571606159210205,-1.48976731300354,1313.7853629984959,0.33162957429885864,0.23058372735977173,0.42773088812828064,0.16584479808807373,0.19227248430252075,0.17101143300533295,0.2951429486274719,0.44962355494499207,0.19933179020881653,0.2814764380455017,0.14883102476596832,0.2616061866283417
classical.00029.wav,data/genres_original/classical/classical.00029.wav,-297.24658203125,130.2744140625,-30.589977264404297,27.48696517944336,-7.054990768432617,1.990054726600647,-11.125770568847656,4.752085208892822,-8.771533966064453,5.415231227874756,-5.375332355499268,4.46427059173584,1.7346510887145996,1.88422429561615,-1.3122154474258423,1.0872447490692139,-0.9889339208602905,-1.4661270380020142,0.6302653551101685,1.1544705629348755,1558.898531652407,0.360480397939682,0.2220594733953476,0.4771273136138916,0.174739807844162,0.24922947585582733,0.21840877830982208,0.17295785248279572,0.2706848978996277,0.14503005146980286,0.28257298469543457,0.12316129356622696,0.26714378595352173
classical.00030.wav,data/genres_original/classical/classical.00030.wav,-315.6781005859375,149.66844177246094,-30.594989776611328,23.22149658203125,-8.6998291015625,-10.104398727416992,-15.733573913574219,-4.047281742095947,-7.652162551879883,0.04623120278120041,-11.143898010253906,-7.6704511642456055,-5.870633602142334,-4.864973068237305,-5.148458480834961,-5.414719104766846,-3.16738224029541,1.4542386531829834,0.13058121502399445,-4.175836563110352,1243.720620928661,0.2574661672115326,0.1906922459602356,0.3933461010456085,0.30910682678222656,0.17859895527362823,0.2805634140968323,0.22978068888187408,0.3681923747062683,0.33326470851898193,0.2960045039653778,0.3154035210609436,0.18751421570777893
classical.00031.wav,data/genres_original/classical/classical.00031.wav,-374.00750732421875,172.44232177734375,6.402997016906738,20.150890350341797,5.851805210113525,1.5909526348114014,-6.710562705993652,-1.1913444995880127,-0.29050126671791077,0.3331247866153717,-6.551819801330566,-7.30025053024292,-7.328371524810791,-10.215597152709961,-6.145133972167969,-2.4330475330352783,-2.6743850708007812,-2.2819082736968994,-1.1540518999099731,-3.8159146308898926,822.4267361319853,0.2984037697315216,0.21784242987632751,0.3408695459365845,0.1988578587770462,0.2587810456752777,0.3586617112159729,0.3741726875305176,0.4549417495727539,0.4248793423175812,0.23461191356182098,0.18181061744689941,0.2943250834941864
classical.00032.wav,data/genres_original/classical/classical.00032.wav,-498.6087341308594,177.5231170654297,11.209721565246582,27.63433074951172,-2.8418238162994385,5.090954303741455,-6.604382514953613,-1.057056188583374,-4.1444926261901855,-3.053375482559204,-9.909939765930176,-8.573808670043945,-9.18935489654541,-11.935738563537598,-9.192497253417969,-10.894248962402344,-8.854791641235352,-3.9375076293945312,-2.3939709663391113,-2.2963569164276123,792.835553815877,0.28821852803230286,0.6999815106391907,0.32396188378334045,0.21525795757770538,0.2453317493200302,0.36395618319511414,0.3500973582267761,0.15744921565055847,0.2724722623825073,0.18707309663295746,0.1584104299545288,0.1361837536096573
classical.00033.wav,data/genres_original/classical/classical.00033.wav,-429.1031494140625,120.74542999267578,-1.682343602180481,17.948551177978516,7.733591079711914,-2.0437235832214355,-3.941744089126587,-2.536048173904419,-0.5834429860115051,-0.7965381741523743,-9.051197052001953,-3.6899399757385254,-0.9829524755477905,-5.001314640045166,-3.8112952709198,-2.4115164279937744,-1.8980625867843628,-0.31377121806144714,3.4164834022521973,3.142883062362671,1128.3232351038582,0.41253823041915894,0.2844262719154358,0.19094176590442657,0.26480165123939514,0.34093204140663147,0.3869001865386963,0.19571039080619812,0.30517274141311646,0.4563148319721222,0.2662232220172882,0.2126178741455078,0.33111122250556946
classical.00034.wav,data/genres_original/classical/classical.00034.wav,-309.2428283691406,138.64112854003906,-29.7132568359375,33.6187858581543,-0.3782551884651184,5.243736743927002,-6.332311153411865,3.2807321548461914,-6.714090824127197,-0.692203938961029,-13.243886947631836,-8.5285062789917,-9.668245315551758,-4.297957897186279,0.2503369152545929,1.0183244943618774,1.9202204942703247,3.7188308238983154,2.558863639831543,-4.925927639007568,1369.6932279666041,0.3743000030517578,0.18011999130249023,0.19281212985515594,0.13403534889221191,0.2044999897480011,0.4596191942691803,0.24102289974689484,0.25116848945617676,0.25997254252433777,0.3585842251777649,0.37373659014701843,0.2593155801296234
classical.00035.wav,data/genres_original/classical/classical.00035.wav,-319.7822265625,165.987548828125,-11.918562889099121,27.240337371826172,7.843564033508301,1.7272981405258179,-7.849842071533203,-2.4120869636535645,-2.908874750137329,-2.5311319828033447,-11.365740776062012,-4.613611698150635,-4.487359046936035,-7.4551682472229,-5.580018997192383,-1.8725944757461548,-1.2823325395584106,-1.4261754751205444,-0.4884674847126007,-4.1007819175720215,1016.4245653368089,0.3353012502193451,0.3898000717163086,0.25528255105018616,0.24274751543998718,0.3339834213256836,0.2655000686645508,0.2747271955013275,0.2847299873828888,0.4686439335346222,0.3846200406551361,0.25844722986221313,0.33723026514053345
classical.00036.wav,data/genres_original/classical/classical.00036.wav,-419.2631530761719,127.44508361816406,-3.782353162765503,23.20021629333496,-4.3346967697143555,4.030426502227783,-8.209102630615234,-7.618861675262451,-7.075688362121582,-2.923952102661133,-7.409897804260254,-5.4373369216918945,-9.099495887756348,-10.619321823120117,-5.739374160766602,-0.39309853315353394,7.029702186584473,5.593247890472412,-3.4755454063415527,-5.174165725708008,1281.8143785370296,0.15404033660888672,0.30050644278526306,0.2999461591243744,0.40522250533103943,0.28206905722618103,0.11986767500638962,0.15475769340991974,0.2648172378540039,0.20749297738075256,0.29304125905036926,0.20924845337867737,0.1805698722600937
classical.00037.wav,data/genres_original/classical/classical.00037.wav,-275.3760070800781,125.30792999267578,-41.05128860473633,24.607311248779297,-4.78892707824707,-4.253849983215332,-15.021034240722656,-5.045092582702637,-5.001837253570557,2.4730594158172607,-10.894701957702637,-8.017638206481934,-5.166378498077393,-4.615467071533203,0.7097467184066772,6.520473957061768,5.900393486022949,2.6877100467681885,-2.030905246734619,-8.056195259094238,1534.2936138496052,0.22602590918540955,0.24934504926204681,0.23471271991729736,0.2148011326789856,0.3834690749645233,0.20879213511943817,0.18594221770763397,0.2946202754974365,0.33974435925483704,0.5399965643882751,0.2999645173549652,0.23306843638420105
classical.00038.wav,data/genres_original/classical/classical.00038.wav,-276.0390625,146.35081481933594,-36.59162139892578,24.200794219970703,-2.555158853530884,-2.169748067855835,-13.303982734680176,-6.504971981048584,-9.398983001708984,-3.127479314804077,-11.537068367004395,-4.187117576599121,-1.6895952224731445,-1.523460030555725,-3.1928930282592773,-1.7647353410720825,-2.248640298843384,-3.5386931896209717,-2.9891891479492188,-3.2949249744415283,1279.1711367505463,0.24362759292125702,0.31889674067497253,0.46781373023986816,0.26825129985809326,0.31498607993125916,0.16608931124210358,0.22209051251411438,0.3161897361278534,0.2640139162540436,0.3873501121997833,0.2785486578941345,0.28667569160461426
classical.00039.wav,data/genres_original/classical/classical.00039.wav,-409.5344543457031,116.80004119873047,-16.164228439331055,11.717682838439941,0.7060158848762512,6.006948471069336,-4.274455547332764,0.4954758286476135,0.4338915944099426,12.597705841064453,-1.1140981912612915,-1.140323519706726,4.957853317260742,1.7595056295394897,-3.908855438232422,3.5054750442504883,2.7971112728118896,3.102605104446411,0.6603811383247375,-0.2396521270275116,1633.4096731773413,0.296065092086792,0.1963389664888382,0.23524068295955658,0.3267630338668823,0.27857691049575806,0.21608859300613403,0.2134602814912796,0.15635155141353607,0.2803085744380951,0.31401848793029785,0.37339574098587036,0.364041805267334
classical.00040.wav,data/genres_original/classical/classical.00040.wav,-358.6567687988281,129.0874786376953,-30.397632598876953,19.889524459838867,-10.386375427246094,-0.652049720287323,-10.6111421585083,1.5420507192611694,-3.975383758544922,1.8689017295837402,-8.833538055419922,-7.167656421661377,-8.212757110595703,-5.941062927246094,-0.11583953350782394,4.276390075683594,8.967239379882812,12.802728652954102,14.691520690917969,11.507996559143066,1396.6924270627298,0.17277458310127258,0.1635850965976715,0.20126831531524658,0.1762482225894928,0.20020835101604462,0.2944801449775696,0.5209584832191467,0.32041066884994507,0.3690183162689209,0.24691142141819,0.1901002824306488,0.15071865916252136
classical.00041.wav,data/genres_original/classical/classical.00041.wav,-368.46600341796875,124.2659912109375,-31.58244514465332,17.601762771606445,2.322932481765747,-5.94959831237793,-11.807771682739258,-5.547482013702393,-5.407886981964111,-1.3051718473434448,-8.4271821975708,-3.613823890686035,2.206169843673706,-0.0454351007938385,0.23757216334342957,2.506141424179077,3.09285044670105,4.838548183441162,6.225341796875,8.735003471374512,1329.2649559947513,0.33525094389915466,0.24715588986873627,0.36127644777297974,0.2703206539154053,0.46498245000839233,0.3180142939090729,0.2074422389268875,0.2346533238887787,0.15818120539188385,0.21526889503002167,0.21427470445632935,0.19164341688156128
classical.00042.wav,data/genres_original/classical/classical.00042.wav,-160.33944702148438,164.12074279785156,-48.87504196166992,1.591355323791504,-7.591043949127197,-2.6314709186553955,-11.077548027038574,-7.027632713317871,-8.120848655700684,1.2311879396438599,-5.4963483810424805,-4.222177028656006,-5.458137035369873,-1.710626482963562,-3.0879976749420166,-1.289857268333435,-6.098767280578613,-0.9284123778343201,-4.041813373565674,-1.5555360317230225,1327.3486451321814,0.2802635729312897,0.15560096502304077,0.1882961243391037,0.17225602269172668,0.5843467116355896,0.21115121245384216,0.15760503709316254,0.2980634272098541,0.24182911217212677,0.43427184224128723,0.1358252912759781,0.28117477893829346
classical.00043.wav,data/genres_original/classical/classical.00043.wav,-249.5494384765625,161.568359375,10.129533767700195,-3.070564031600952,-0.5965174436569214,-2.0836591720581055,-12.1917724609375,-8.60149097442627,-14.638914108276367,-12.049385070800781,-12.30034065246582,-7.174557685852051,-7.891678810119629,-2.0824663639068604,-2.9097530841827393,-0.8680998086929321,-3.972529172897339,-0.8842944502830505,-3.9836180210113525,-3.8915743827819824,1063.472218094083,0.10367677360773087,0.05824677646160126,0.21122710406780243,0.3652149736881256,0.1389925628900528,0.17465509474277496,0.10680415481328964,0.24985742568969727,0.13253571093082428,0.1454271376132965,0.46698465943336487,0.13772337138652802
classical.00044.wav,data/genres_original/classical/classical.00044.wav,-402.2223205566406,154.0049285888672,-15.211339950561523,15.294041633605957,-3.077777862548828,-3.1944386959075928,-9.778080940246582,-17.31020736694336,-12.306560516357422,-7.914642810821533,-7.082757472991943,-0.28117185831069946,1.54581880569458,-1.4655557870864868,-1.7400696277618408,1.8587355613708496,5.029232025146484,-0.741097092628479,-0.1398332417011261,-2.85931134223938,1181.5125561645536,0.35328400135040283,0.2086394876241684,0.18041080236434937,0.37561315298080444,0.22110635042190552,0.27378761768341064,0.20261754095554352,0.26553645730018616,0.21168699860572815,0.1566041111946106,0.3929379880428314,0.1823083460330963
classical.00045.wav,data/genres_original/classical/classical.00045.wav,-170.88661193847656,157.03915405273438,-21.96607780456543,5.244654178619385,-4.092413425445557,-3.6912686824798584,-8.810495376586914,-4.857595920562744,-7.874582767486572,-5.411009788513184,-9.373978614807129,-6.6236138343811035,-7.811285972595215,-1.461174488067627,-3.5911331176757812,-2.857344388961792,-3.921579122543335,0.2007724940776825,-3.432636022567749,-0.8309017419815063,1175.9242233254756,0.240622878074646,0.13201366364955902,0.20688782632350922,0.20555658638477325,0.3354988098144531,0.2925814986228943,0.24306386709213257,0.25380298495292664,0.17499542236328125,0.28618887066841125,0.18794484436511993,0.27602311968803406
classical.00046.wav,data/genres_original/classical/classical.00046.wav,-85.2649917602539,118.42305755615234,-31.472776412963867,20.282014846801758,-4.4177093505859375,6.922598361968994,-10.950942039489746,-1.6200852394104004,-7.367901802062988,-3.0172998905181885,-4.437201499938965,-1.4064466953277588,-4.246368885040283,-4.164332866668701,-3.979649782180786,0.2765606939792633,-3.392483711242676,1.6937986612319946,-3.685389280319214,-3.441532850265503,1878.7740300458224,0.18727201223373413,0.3901507258415222,0.5803363919258118,0.32467299699783325,0.33424025774002075,0.27569466829299927,0.2591050863265991,0.3473527133464813,0.42146235704421997,0.4296594262123108,0.3602997064590454,0.25124335289001465
classical.00047.wav,data/genres_original/classical/classical.00047.wav,-436.84234619140625,154.11322021484375,-19.859338760375977,20.183603286743164,3.164745330810547,0.4463920593261719,-6.530639171600342,-4.603338718414307,-10.056252479553223,-6.153286933898926,-4.52944278717041,-2.7835946083068848,-5.235320568084717,-7.384833812713623,-6.99330997467041,-3.189967155456543,-0.35129791498184204,2.2267844676971436,2.572540521621704,4.476175785064697,1173.9310654516082,0.25887101888656616,0.24988548457622528,0.23601803183555603,0.19757069647312164,0.473133385181427,0.23259714245796204,0.3714216351509094,0.19668151438236237,0.12585189938545227,0.1959395855665207,0.1345381885766983,0.42907091975212097
classical.00048.wav,data/genres_original/classical/classical.00048.wav,-123.76331329345703,148.4300079345703,-21.551395416259766,17.444746017456055,-1.408803105354309,4.1782941818237305,-6.990444660186768,-5.10333776473999,-5.795700550079346,5.063121318817139,-6.247764587402344,-1.981829047203064,-0.968440592288971,-2.453078031539917,-4.326207637786865,-0.8754567503929138,-4.70487117767334,-2.2297263145446777,-5.140934467315674,-3.2070841789245605,1516.0858565701667,0.2230556756258011,0.26512783765792847,0.3150230944156647,0.43311604857444763,0.32439491152763367,0.2243444174528122,0.30517545342445374,0.20011594891548157,0.3055116534233093,0.29310208559036255,0.3307064473628998,0.3426937460899353
classical.00049.wav,data/genres_original/classical/classical.00049.wav,-98.35358428955078,98.35551452636719,-20.49053192138672,18.82003402709961,-2.095780849456787,2.665036678314209,-7.311517238616943,-3.590113639831543,-7.989524841308594,-1.9183746576309204,-4.731997489929199,0.6237759590148926,-2.5930848121643066,-1.4701573848724365,-3.169343948364258,0.6580324172973633,-4.818465709686279,-2.221544027328491,-3.8104963302612305,0.2340915948152542,2224.8938399288413,0.5672501921653748,0.22129181027412415,0.2787291407585144,0.20264935493469238,0.3409086763858795,0.31959807872772217,0.2697981297969818,0.5040020942687988,0.23177878558635712,0.24236761033535004,0.19719643890857697,0.3638124167919159
classical.00050.wav,data/genres_original/classical/classical.00050.wav,-449.6217956542969,151.5031280517578,-12.74668025970459,44.270389556884766,6.244760036468506,4.053897857666016,-1.4805395603179932,-1.6240754127502441,-2.4867777824401855,-4.28238582611084,-9.653202056884766,-1.3421045541763306,0.14638346433639526,3.7282514572143555,5.285778045654297,1.2080823183059692,-2.3039157390594482,-4.125619411468506,-1.8161488771438599,1.2358324527740479,1170.1422672261847,0.5367996096611023,0.6135942935943604,0.22317370772361755,0.1546868532896042,0.12139611691236496,0.22342641651630402,0.25310856103897095,0.25966039299964905,0.28272753953933716,0.19466352462768555,0.37551674246788025,0.19446547329425812
classical.00051.wav,data/genres_original/classical/classical.00051.wav,-230.27236938476562,119.15338134765625,-1.0512226819992065,28.384490966796875,10.00877857208252,16.125825881958008,4.793944835662842,6.192378997802734,0.9515949487686157,5.915187358856201,-1.1755237579345703,3.5739171504974365,-2.0996549129486084,-0.9072913527488708,-1.8530508279800415,-0.006134103983640671,-2.797701597213745,2.3327786922454834,-1.4417095184326172,2.7387940883636475,1527.645526264714,0.37507304549217224,0.39823946356773376,0.49174490571022034,0.41076037287712097,0.45233428478240967,0.3230750858783722,0.40875914692878723,0.4037612974643707,0.28654390573501587,0.3396206796169281,0.31262528896331787,0.3749493956565857
classical.00052.wav,data/genres_original/classical/classical.00052.wav,-186.42808532714844,86.65457916259766,-15.711973190307617,14.74179458618164,-2.215897798538208,6.271489143371582,-0.887922465801239,0.6650470495223999,-6.088321685791016,-5.213674068450928,-7.865933418273926,-1.7187318801879883,-4.704501628875732,-2.05436635017395,1.416377305984497,2.7643516063690186,3.3012959957122803,3.1100239753723145,-4.4082932472229,-5.035370349884033,2411.9327529379098,0.4453079104423523,0.34236496686935425,0.3834714889526367,0.35206878185272217,0.39714235067367554,0.3935496211051941,0.3379659950733185,0.3313271105289459,0.30986419320106506,0.46075958013534546,0.5092944502830505,0.39324045181274414
classical.00053.wav,data/genres_original/classical/classical.00053.wav,-119.30437469482422,149.57778930664062,-43.31768035888672,24.636247634887695,-5.609386444091797,10.784378051757812,-2.8926925659179688,0.7833012938499451,-6.545638561248779,4.388038635253906,-1.294048547744751,1.3600902557373047,-1.0813597440719604,-2.439028739929199,-1.9371473789215088,1.2953306436538696,-1.3851019144058228,1.0407934188842773,-5.60629940032959,-1.9899357557296753,1465.595382672086,0.18142469227313995,0.2511580288410187,0.6543705463409424,0.2408536970615387,0.22762860357761383,0.2813687026500702,0.3163621723651886,0.5384485721588135,0.22165930271148682,0.32336243987083435,0.2250216156244278,0.19489379227161407
classical.00054.wav,data/genres_original/classical/classical.00054.wav,-106.22087860107422,127.37078094482422,-45.2861328125,31.2772159576416,4.305440902709961,-5.068432807922363,-16.129375457763672,14.690695762634277,-7.912097454071045,-1.221663236618042,2.9819400310516357,17.464767456054688,-4.0720086097717285,1.7858328819274902,0.5945663452148438,4.609092712402344,-9.991413116455078,-3.341979503631592,-3.105374336242676,1.908514142036438,1712.466255822982,0.5081604719161987,0.5083854794502258,0.48933085799217224,0.36999940872192383,0.28508853912353516,0.27867788076400757,0.21047312021255493,0.25046682357788086,0.21144476532936096,0.2112259715795517,0.23835232853889465,0.27233222126960754
classical.00055.wav,data/genres_original/classical/classical.00055.wav,-484.0267028808594,144.12991333007812,1.396478295326233,8.075528144836426,4.933928489685059,-2.317004919052124,-2.746943235397339,-6.84481143951416,-10.147137641906738,-8.056599617004395,-7.151670455932617,-10.563924789428711,-7.7874321937561035,-2.953303337097168,-0.26718053221702576,4.285379409790039,5.302439212799072,0.19885654747486115,-4.53079891204834,-1.8802833557128906,1079.9035739320507,0.09572724997997284,0.24059399962425232,0.1191849634051323,0.29182755947113037,0.2749842703342438,0.10078281164169312,0.1706143021583557,0.09200788289308548,0.2593320310115814,0.29171913862228394,0.12469103187322617,0.17628136277198792
classical.00056.wav,data/genres_original/classical/classical.00056.wav,-81.13433074951172,129.09852600097656,-42.534828186035156,33.17631149291992,5.663617134094238,-6.402249813079834,-2.261098623275757,7.373444557189941,-18.71800994873047,2.4979708194732666,3.786280632019043,1.9323546886444092,-10.066780090332031,0.9437218308448792,-3.569819211959839,-6.166297435760498,-8.030749320983887,3.7742700576782227,-5.029472827911377,-0.854152262210846,1680.101088819283,0.1656523048877716,0.2065105140209198,0.6908084154129028,0.30299291014671326,0.27772587537765503,0.18376524746418,0.32615408301353455,0.620492696762085,0.27906566858291626,0.28397825360298157,0.15213938057422638,0.26522284746170044
classical.00057.wav,data/genres_original/classical/classical.00057.wav,-367.15606689453125,112.80697631835938,-18.74736785888672,10.16273021697998,-1.604724407196045,3.8029534816741943,0.9223545789718628,5.0671491622924805,-5.372570037841797,-9.522553443908691,-8.495645523071289,-1.7838282585144043,1.2991318702697754,-3.867570400238037,-2.6413092613220215,-1.057446002960205,-1.2753583192825317,-2.5051803588867188,-2.5693929195404053,-4.069761753082275,1751.7302668488421,0.39473044872283936,0.2122015655040741,0.3683323562145233,0.2034485936164856,0.21090096235275269,0.23700250685214996,0.1432351917028427,0.30492639541625977,0.2085442990064621,0.24797485768795013,0.3079856336116791,0.20691394805908203
classical.00058.wav,data/genres_original/classical/classical.00058.wav,-349.95245361328125,161.85113525390625,-3.3711893558502197,14.167043685913086,5.733972549438477,3.5160553455352783,2.9774913787841797,-7.090643405914307,-7.917531967163086,-0.3646012544631958,2.849557876586914,-2.481045961380005,-6.791949272155762,-8.835342407226562,-6.662252902984619,-4.9016828536987305,0.09311886131763458,4.260332107543945,5.096891403198242,2.610581874847412,1137.9529528789749,0.25889384746551514,0.1551397293806076,0.40333500504493713,0.14622828364372253,0.35984620451927185,0.41566482186317444,0.2201487123966217,0.377642959356308,0.17055757343769073,0.37423643469810486,0.11168458312749863,0.1951914280653
classical.00059.wav,data/genres_original/classical/classical.00059.wav,-197.15272521972656,137.3531036376953,-34.18893051147461,25.36216163635254,-5.266596794128418,-2.7777884006500244,-9.50693130493164,-7.609987258911133,-7.6446852684021,-5.667840480804443,-4.386776924133301,-5.430217266082764,-3.5417919158935547,-5.6679229736328125,-1.8943719863891602,-2.8863935470581055,-3.475986957550049,-4.022116661071777,-7.30035924911499,-4.204055309295654,1551.8652270368914,0.3330998420715332,0.19689223170280457,0.30959823727607727,0.18925625085830688,0.3075406849384308,0.3359872102737427,0.24827414751052856,0.32611778378486633,0.24593929946422577,0.3759905993938446,0.2181166708469391,0.3041883409023285
classical.00060.wav,data/genres_original/classical/classical.00060.wav,-166.43154907226562,122.13554382324219,-32.10679626464844,16.685277938842773,-5.400679588317871,-2.4871230125427246,-9.832805633544922,-4.900509834289551,-6.974421977996826,-4.571056842803955,-6.66841459274292,-5.497281551361084,-5.372569561004639,-4.962301254272461,-2.7911629676818848,-3.1922194957733154,-4.085200786590576,-3.549598455429077,-4.630347728729248,-1.1654059886932373,1803.525958968436,0.40976619720458984,0.22988569736480713,0.28202834725379944,0.21535839140415192,0.31852319836616516,0.3398866355419159,0.26599007844924927,0.3827400505542755,0.24949657917022705,0.34075185656547546,0.23353375494480133,0.3952293395996094
classical.00061.wav,data/genres_original/classical/classical.00061.wav,-274.3863830566406,148.3533935546875,-20.334352493286133,21.812437057495117,7.930838584899902,3.775937080383301,-2.232816219329834,-6.1013503074646,-5.629293918609619,-6.689498424530029,-5.9066057205200195,-4.595000267028809,-1.5465235710144043,-3.0266497135162354,-4.695847034454346,-7.721310615539551,-7.21427059173584,-5.406590938568115,-5.247942924499512,-5.273998260498047,1322.6998486991345,0.4709753394126892,0.2190025895833969,0.310813844203949,0.19041496515274048,0.3167174160480499,0.20581325888633728,0.20139430463314056,0.39423665404319763,0.23731622099876404,0.37750956416130066,0.17266711592674255,0.284164160490036
classical.00062.wav,data/genres_original/classical/classical.00062.wav,-305.422607421875,135.92340087890625,-11.752710342407227,18.21501922607422,10.38905143737793,3.012958526611328,-5.5959153175354,0.14172540605068207,-1.3495618104934692,-1.867753267288208,-3.205263614654541,-6.7425217628479,-2.694417953491211,-5.597181797027588,-4.523639678955078,-4.78450870513916,-5.368705749511719,-2.621713638305664,-5.836192607879639,-6.929955005645752,1474.8137600109778,0.4340648949146271,0.2603262662887573,0.3332643508911133,0.21791920065879822,0.2430100291967392,0.45379874110221863,0.3321232795715332,0.3020579516887665,0.21611902117729187,0.36766886711120605,0.3846939206123352,0.298473060131073
classical.00063.wav,data/genres_original/classical/classical.00063.wav,-465.8643493652344,180.2053985595703,56.636234283447266,11.02556037902832,5.844780921936035,0.7319178581237793,-3.974207639694214,-5.88804817199707,-8.464273452758789,-9.792967796325684,-7.692700386047363,-3.2534186840057373,-1.8652485609054565,-4.019154071807861,-4.109025478363037,-2.469733238220215,-2.3577730655670166,-2.9964194297790527,-3.223165273666382,-1.7109012603759766,690.354003458877,0.2563801109790802,0.17722250521183014,0.25013643503189087,0.16080015897750854,0.17695175111293793,0.45994487404823303,0.19207599759101868,0.1311967372894287,0.12041734158992767,0.18346282839775085,0.37709394097328186,0.23527592420578003
classical.00064.wav,data/genres_original/classical/classical.00064.wav,-498.6802978515625,145.6677703857422,46.470741271972656,15.253131866455078,3.0677738189697266,-0.8257451057434082,-5.210668563842773,-6.198704242706299,-3.8057751655578613,0.0886419415473938,2.718318223953247,2.218207597732544,0.24392761290073395,-0.4596518278121948,-0.8728474378585815,0.5873400568962097,3.275944709777832,2.299961805343628,-2.5685794353485107,-4.8113203048706055,1118.511667300541,0.13228797912597656,0.21326413750648499,0.11767267435789108,0.3151550590991974,0.19685441255569458,0.05665984004735947,0.10438922792673111,0.1939818263053894,0.6018275022506714,0.2663612961769104,0.07038458436727524,0.11831054091453552
classical.00065.wav,data/genres_original/classical/classical.00065.wav,-421.7158508300781,172.79298400878906,28.108304977416992,-2.576975107192993,-3.565678358078003,-4.865175247192383,-8.889883995056152,-10.696763038635254,-7.6852006912231445,-7.957629680633545,-7.33486795425415,-2.717175245285034,-0.9175328016281128,-4.206839084625244,-8.415390014648438,-8.393858909606934,-4.1280903816223145,-0.41836634278297424,0.08662466704845428,-0.26054707169532776,828.825494001674,0.1635940968990326,0.35692453384399414,0.49000951647758484,0.28249216079711914,0.13819849491119385,0.17700400948524475,0.18760457634925842,0.11599458754062653,0.09088236838579178,0.15327975153923035,0.1801547408103943,0.1501873880624771
classical.00066.wav,data/genres_original/classical/classical.00066.wav,-429.35052490234375,175.13577270507812,31.911325454711914,4.282115459442139,1.0457510948181152,-5.766878128051758,-9.477815628051758,-11.283073425292969,-10.581981658935547,-8.66474723815918,-6.333889961242676,-1.6819396018981934,0.8189262747764587,-0.18230265378952026,0.03587062656879425,0.20540474355220795,-1.8460841178894043,-4.415224075317383,-4.967982769012451,-4.6011152267456055,795.1394730921776,0.27219149470329285,0.16109678149223328,0.20583239197731018,0.18325255811214447,0.06995350867509842,0.09970109164714813,0.10599866509437561,0.2832789123058319,0.18796780705451965,0.12434545159339905,0.32101044058799744,0.23043067753314972
classical.00067.wav,data/genres_original/classical/classical.00067.wav,-413.57159423828125,143.42079162597656,31.35431671142578,14.031841278076172,1.5281585454940796,-2.293996810913086,-6.480335712432861,-8.104997634887695,-5.92791223526001,-4.468453884124756,-2.7899303436279297,-0.8148751854896545,-1.2128335237503052,-2.3862698078155518,-3.8151695728302,-3.519500970840454,-2.714951515197754,-2.386343002319336,0.6211227774620056,2.6633338928222656,1117.9494607534973,0.4225405156612396,0.23194698989391327,0.297072172164917,0.21177361905574799,0.3842247724533081,0.31580495834350586,0.1765860617160797,0.3243559002876282,0.16342729330062866,0.12490909546613693,0.16929394006729126,0.3881349265575409
classical.00068.wav,data/genres_original/classical/classical.00068.wav,-234.41786193847656,130.2551727294922,-39.53114700317383,19.33563804626465,-6.793274879455566,-5.130113124847412,-3.7073683738708496,-4.036016464233398,-5.071877479553223,-1.3683323860168457,-7.735770225524902,-4.382000923156738,0.46520522236824036,0.7849736213684082,5.450737476348877,8.774231910705566,7.039177417755127,2.4160001277923584,-2.3088340759277344,-0.24570013582706451,1559.8986812117996,0.41676950454711914,0.1256720870733261,0.15850110352039337,0.08215894550085068,0.29507532715797424,0.5276157855987549,0.15229538083076477,0.2886565923690796,0.14428472518920898,0.3983723223209381,0.33066871762275696,0.16738766431808472
classical.00069.wav,data/genres_original/classical/classical.00069.wav,-321.17950439453125,136.29669189453125,-28.29936408996582,31.011459350585938,0.5664164423942566,0.2320256233215332,0.6554862260818481,-1.342669129371643,-0.057696521282196045,-0.42475181818008423,-6.180905342102051,-0.14451783895492554,-0.456117182970047,-0.7306298017501831,7.474552154541016,10.973123550415039,7.834254264831543,4.325320243835449,2.985389471054077,5.849008083343506,1349.5963387962488,0.39428600668907166,0.12458444386720657,0.17896470427513123,0.07494335621595383,0.23662881553173065,0.4313013553619385,0.15175029635429382,0.29236796498298645,0.11967020481824875,0.34636110067367554,0.32868579030036926,0.16072319447994232
classical.00070.wav,data/genres_original/classical/classical.00070.wav,-321.192626953125,134.5342559814453,-18.23527717590332,22.17987823486328,0.42954179644584656,-3.8056156635284424,0.4953533411026001,-1.144742488861084,-1.902548909187317,-0.10540194809436798,-2.7555181980133057,0.5932067632675171,2.4970195293426514,0.30708175897598267,1.6812914609909058,2.888143301010132,2.084486246109009,1.1636722087860107,-2.393688917160034,-3.407902956008911,1355.999780696475,0.24016495048999786,0.18247908353805542,0.2518209218978882,0.1688777059316635,0.2125251293182373,0.2716943025588989,0.14158561825752258,0.21744512021541595,0.22609727084636688,0.5400896668434143,0.3146771490573883,0.1634913980960846
classical.00071.wav,data/genres_original/classical/classical.00071.wav,-269.6988220214844,136.47506713867188,-25.001760482788086,26.395002365112305,0.6870056986808777,-5.381707191467285,-1.120194435119629,-1.5102578401565552,-0.16106224060058594,-3.7851603031158447,-9.287220001220703,-3.148440361022949,1.6416064500808716,0.6754728555679321,1.8981236219406128,2.2316877841949463,-2.1227548122406006,-3.663179636001587,-1.0772650241851807,3.531795024871826,1396.7861186062223,0.46530312299728394,0.19248610734939575,0.1730709671974182,0.10423218458890915,0.18461297452449799,0.29413238167762756,0.12555904686450958,0.1932816356420517,0.09473375231027603,0.20329995453357697,0.22883747518062592,0.23829784989356995
classical.00072.wav,data/genres_original/classical/classical.00072.wav,-360.8370361328125,138.98072814941406,-12.931408882141113,33.80207443237305,7.593801498413086,-1.7090743780136108,1.0358479022979736,4.076970100402832,3.931011438369751,0.9335503578186035,0.504111647605896,4.6821160316467285,3.3401989936828613,-2.2543892860412598,-1.8542650938034058,2.2155048847198486,1.7880184650421143,-1.5159183740615845,-3.2511210441589355,3.9964301586151123,1285.1523138296154,0.3145737648010254,0.199676513671875,0.3202347457408905,0.26618289947509766,0.24991166591644287,0.4722205102443695,0.21978190541267395,0.17575900256633759,0.15546342730522156,0.3354404866695404,0.40430963039398193,0.23974940180778503
classical.00073.wav,data/genres_original/classical/classical.00073.wav,-306.7855529785156,152.90353393554688,-27.586822509765625,16.31919288635254,-3.1550979614257812,-8.93175983428955,-5.431834697723389,-9.781289100646973,-7.1121745109558105,0.29346585273742676,0.8718292117118835,5.416061878204346,8.19581413269043,4.202757835388184,2.0560662746429443,3.0276269912719727,-0.3908749520778656,-2.813807725906372,-2.9029150009155273,1.3315635919570923,1211.3527919075634,0.42949503660202026,0.15248900651931763,0.2861449122428894,0.1526002287864685,0.19393381476402283,0.4607459306716919,0.141328826546669,0.11859460175037384,0.061452027410268784,0.18994690477848053,0.2428472638130188,0.16634929180145264
classical.00074.wav,data/genres_original/classical/classical.00074.wav,-289.8247985839844,143.9031524658203,-26.996417999267578,24.06761932373047,-1.1449978351593018,-6.2989821434021,-2.7494168281555176,-3.5280802249908447,-3.0203988552093506,-3.1464951038360596,-7.256324768066406,-1.6778028011322021,3.0785980224609375,2.680053234100342,2.5299108028411865,4.6131744384765625,2.374802827835083,-1.2788944244384766,-3.5456929206848145,-2.8067147731781006,1360.0001055902917,0.2773977816104889,0.1373409479856491,0.30272045731544495,0.1473645120859146,0.21253079175949097,0.4499349296092987,0.1475352644920349,0.1391173005104065,0.10037897527217865,0.31582120060920715,0.4394516050815582,0.17932775616645813
classical.00075.wav,data/genres_original/classical/classical.00075.wav,-412.9592590332031,138.51983642578125,-19.262374877929688,34.14667892456055,8.975068092346191,-4.294473171234131,4.152585029602051,0.8819501399993896,3.079378604888916,0.12249642610549927,-4.057185173034668,3.779723644256592,5.917003154754639,3.4958465099334717,6.6319780349731445,6.744745254516602,2.467975378036499,-1.881108045578003,-0.05864604562520981,2.730015993118286,1171.8444805151357,0.5358941555023193,0.2608436048030853,0.06875687837600708,0.09138043224811554,0.17037944495677948,0.2633013129234314,0.12949199974536896,0.2432914525270462,0.22036780416965485,0.11388120800256729,0.23377595841884613,0.27747300267219543
classical.00076.wav,data/genres_original/classical/classical.00076.wav,-238.59634399414062,149.7830810546875,-28.872142791748047,28.239665985107422,-0.8014039993286133,-3.924772262573242,-2.135667562484741,-4.334020137786865,-4.187281131744385,-3.438997983932495,-5.771543502807617,-0.12075115740299225,2.519979476928711,0.6888362765312195,0.07483963668346405,1.7069904804229736,0.6496947407722473,1.4659427404403687,-1.8280259370803833,-6.239790916442871,1340.3686109090386,0.3052603304386139,0.23003537952899933,0.20068731904029846,0.4150305986404419,0.16568712890148163,0.18385346233844757,0.11607296764850616,0.34255099296569824,0.39286354184150696,0.2094971090555191,0.36707010865211487,0.1969004124403
classical.00077.wav,data/genres_original/classical/classical.00077.wav,-477.97784423828125,155.3107147216797,12.760659217834473,5.525205612182617,2.377072334289551,-10.652257919311523,-16.648242950439453,-12.547406196594238,-11.190112113952637,-9.378249168395996,-3.2180304527282715,-2.767348527908325,-6.468446731567383,-8.300396919250488,-7.093545913696289,-7.472573280334473,-5.32436466217041,1.2635610103607178,1.8797898292541504,-1.6579896211624146,811.9966754623425,0.17473451793193817,0.09401336312294006,0.2830348014831543,0.4026798605918884,0.19130109250545502,0.3291451632976532,0.198675274848938,0.1924429088830948,0.2753181457519531,0.16436924040317535,0.158808171749115,0.16388081014156342
classical.00078.wav,data/genres_original/classical/classical.00078.wav,-552.1063842773438,173.3629608154297,26.354459762573242,14.122472763061523,7.259276390075684,-7.084968566894531,-5.859202861785889,-10.342716217041016,-11.022791862487793,-9.200838088989258,-8.827268600463867,-4.930299758911133,-3.6546998023986816,-4.282815933227539,-3.4607009887695312,-4.821430206298828,-5.679628372192383,-6.546865940093994,-8.206827163696289,-6.450839996337891,715.4772961169858,0.2568659484386444,0.2331199049949646,0.18223094940185547,0.4022933542728424,0.15897274017333984,0.13768397271633148,0.10124713182449341,0.295329749584198,0.4032750427722931,0.19807785749435425,0.213089719414711,0.1196209192276001
classical.00079.wav,data/genres_original/classical/classical.00079.wav,-437.5252380371094,170.9713897705078,7.38618278503418,-3.1087090969085693,0.7773008346557617,-11.135054588317871,-12.52380657196045,-6.900928974151611,-5.850052833557129,-8.455718994140625,-8.472511291503906,-8.329373359680176,-7.373799800872803,-6.733424186706543,-6.088367462158203,-7.060067653656006,-6.6525068283081055,-4.291024684906006,-4.399243354797363,-4.9159979820251465,790.4782247441857,0.12176554650068283,0.10357944667339325,0.30335569381713867,0.35567888617515564,0.1274745762348175,0.1953432708978653,0.1405639946460724,0.18211543560028076,0.2873864769935608,0.22788408398628235,0.4085107147693634,0.15907453000545502
classical.00080.wav,data/genres_original/classical/classical.00080.wav,-549.623779296875,156.952880859375,6.610713481903076,34.415283203125,13.258633613586426,5.755011081695557,5.051405429840088,-3.0009758472442627,2.066577434539795,3.0773375034332275,2.016796112060547,3.2401444911956787,5.666260242462158,5.703946590423584,3.631915330886841,4.0980305671691895,4.334258556365967,3.3654842376708984,2.628941297531128,1.6571874618530273,973.5547961720958,0.36730334162712097,0.33428284525871277,0.3952426612377167,0.4815475046634674,0.49326127767562866,0.385517418384552,0.5562690496444702,0.5251989960670471,0.2923735976219177,0.2727928161621094,0.5734614133834839,0.579307496547699
classical.00081.wav,data/genres_original/classical/classical.00081.wav,-374.7354736328125,153.82093811035156,-21.555328369140625,20.8302059173584,7.003570079803467,-3.948164224624634,-2.521589517593384,-2.8035054206848145,-4.2827653884887695,-4.499873638153076,-5.7614006996154785,-4.25962495803833,-3.843543291091919,-4.585761070251465,-3.638986349105835,-2.290349006652832,-3.12754487991333,-0.21475966274738312,2.629517078399658,1.8175374269485474,1214.3345474841144,0.1607099175453186,0.35965496301651,0.4199369549751282,0.2223048210144043,0.3436224162578583,0.21863605082035065,0.3622252345085144,0.22203762829303741,0.2079852968454361,0.24850775301456451,0.15748785436153412,0.27898719906806946
classical.00082.wav,data/genres_original/classical/classical.00082.wav,-264.05682373046875,142.12022399902344,-51.35426712036133,5.018921375274658,-20.266206741333008,-17.137807846069336,-16.06991958618164,-20.31136703491211,-15.042227745056152,-9.738146781921387,-8.402029037475586,-11.775307655334473,-6.880457878112793,-4.6050214767456055,-2.053001642227173,-2.374722957611084,0.9640729427337646,3.017726182937622,1.3792970180511475,5.554171085357666,1415.3111880468286,0.22400060296058655,0.17009882628917694,0.27082687616348267,0.2245360165834427,0.2899223566055298,0.31686273217201233,0.33061301708221436,0.3874431550502777,0.28884440660476685,0.32383567094802856,0.3151533007621765,0.2504643499851227
classical.00083.wav,data/genres_original/classical/classical.00083.wav,-338.7873229980469,190.1043701171875,-16.3048095703125,3.704446315765381,-0.44790318608283997,-8.88447380065918,-10.400300979614258,-16.366039276123047,-13.285848617553711,-10.799826622009277,-8.649679183959961,-8.285074234008789,-4.618803024291992,-3.7925779819488525,-4.550196170806885,-3.6639325618743896,-0.9426810145378113,0.5389655232429504,-0.26442813873291016,-1.5641770362854004,853.4404819807542,0.5076874494552612,0.17888809740543365,0.195137158036232,0.08816951513290405,0.2235369086265564,0.4096912145614624,0.14107190072536469,0.21645836532115936,0.15860380232334137,0.47568410634994507,0.2028045952320099,0.13797512650489807
classical.00084.wav,data/genres_original/classical/classical.00084.wav,-369.1368713378906,171.89466857910156,-27.2696590423584,6.017661094665527,-0.14046211540699005,-10.66923713684082,-11.915658950805664,-10.193320274353027,-11.368734359741211,-10.511279106140137,-8.3776216506958,-9.789240837097168,-5.05476188659668,-5.081165790557861,-3.0338258743286133,-1.7272465229034424,-1.8499665260314941,-2.2594451904296875,-1.275985836982727,-0.43458467721939087,1002.3644432557223,0.23021157085895538,0.14386709034442902,0.2085433155298233,0.15709438920021057,0.11341258883476257,0.21162059903144836,0.18951313197612762,0.5901241302490234,0.2907960116863251,0.19030256569385529,0.4335462749004364,0.18646317720413208
classical.00085.wav,data/genres_original/classical/classical.00085.wav,-246.21836853027344,149.44387817382812,-41.97381591796875,11.606411933898926,-10.287585258483887,-4.018404960632324,-7.138944625854492,-10.137028694152832,-9.425965309143066,-7.176623344421387,-3.153136730194092,-5.629501819610596,-2.581601142883301,-4.516515731811523,-6.163600444793701,-4.971900463104248,-3.349316120147705,-3.344111204147339,-0.6730953454971313,0.2178795337677002,1525.6012665401886,0.3370544910430908,0.22709909081459045,0.4994971752166748,0.296906977891922,0.36282336711883545,0.34920206665992737,0.2081211656332016,0.3918665945529938,0.21881814301013947,0.3208886682987213,0.2974928915500641,0.2059096395969391
classical.00086.wav,data/genres_original/classical/classical.00086.wav,-283.4352111816406,159.55325317382812,-29.51896858215332,18.54062271118164,-9.87966537475586,-3.4205987453460693,-10.990981101989746,-9.784341812133789,-8.296976089477539,-4.2428297996521,-2.8664071559906006,-5.969815731048584,-4.020927906036377,-3.349747657775879,-3.3910906314849854,-1.8592803478240967,-0.44662168622016907,1.8976353406906128,-0.11035137623548508,-2.8223323822021484,1356.517262209537,0.19158585369586945,0.1663486212491989,0.34820640087127686,0.46222633123397827,0.23383794724941254,0.40053942799568176,0.20452016592025757,0.4283490777015686,0.4553816020488739,0.26147204637527466,0.42314860224723816,0.16996480524539948
classical.00087.wav,data/genres_original/classical/classical.00087.wav,-393.03424072265625,190.77561950683594,-13.312161445617676,8.263630867004395,1.5518687963485718,-11.080791473388672,-11.24487018585205,-13.998271942138672,-10.620688438415527,-9.390382766723633,-4.613557815551758,-10.067736625671387,-4.815257549285889,-1.7492369413375854,-4.6786699295043945,-2.12736177444458,1.0223785638809204,1.3087284564971924,-0.1566406786441803,-1.4133813381195068,876.9626952356745,0.22896476089954376,0.21486319601535797,0.4024888277053833,0.16071225702762604,0.2193303108215332,0.1250019073486328,0.29081884026527405,0.4511273205280304,0.23991334438323975,0.43308737874031067,0.18514151871204376,0.34192779660224915
classical.00088.wav,data/genres_original/classical/classical.00088.wav,-299.79180908203125,157.32382202148438,-37.352020263671875,15.76681137084961,-5.756935119628906,-4.454067707061768,-6.815183162689209,-10.736592292785645,-9.884847640991211,-8.15744400024414,-5.422234535217285,-7.840023517608643,-2.730619430541992,-1.1097302436828613,1.6480838060379028,3.6400816440582275,3.0835530757904053,0.10869988054037094,-0.796485185623169,-2.736773729324341,1302.9045959121115,0.3412942886352539,0.252921462059021,0.2115461230278015,0.31092002987861633,0.14867635071277618,0.21900977194309235,0.14118485152721405,0.3968302607536316,0.555549681186676,0.27454689145088196,0.46130672097206116,0.21650026738643646
classical.00089.wav,data/genres_original/classical/classical.00089.wav,-301.928466796875,57.542442321777344,-59.133270263671875,33.54234313964844,-20.912107467651367,17.741281509399414,-0.6430488228797913,49.02375793457031,19.130111694335938,27.0985050201416,-17.633901596069336,-0.2625501751899719,-3.75183367729187,18.160436630249023,9.950029373168945,11.609911918640137,11.278923034667969,15.38670539855957,-7.4021525382995605,-5.847584247589111,2423.3992282999484,0.18490350246429443,0.09342169761657715,0.061236314475536346,0.18328845500946045,0.2750726342201233,0.08941834419965744,0.12427932769060135,0.0752759650349617,0.368741899728775,0.3404347896575928,0.1564158946275711,0.6554177403450012
classical.00090.wav,data/genres_original/classical/classical.00090.wav,-326.3167419433594,85.90870666503906,-42.98692321777344,31.837812423706055,-19.576053619384766,9.992608070373535,-16.461275100708008,10.000377655029297,-8.599357604980469,25.513212203979492,6.538748741149902,16.400175094604492,3.502859115600586,9.595179557800293,5.922759532928467,9.285646438598633,9.963878631591797,9.199149131774902,2.7899365425109863,-5.384016513824463,2172.514738800756,0.16772553324699402,0.2869931757450104,0.12965351343154907,0.26353779435157776,0.15776212513446808,0.07338658720254898,0.17544758319854736,0.22691495716571808,0.4870699942111969,0.2738761901855469,0.24192200601100922,0.14773374795913696
classical.00091.wav,data/genres_original/classical/classical.00091.wav,-251.31829833984375,88.73774719238281,-41.75239944458008,37.90864562988281,-12.024271965026855,21.624099731445312,-5.8539299964904785,25.719715118408203,-5.185971260070801,14.301179885864258,-7.550950527191162,10.4647798538208,-4.928892135620117,5.261425495147705,0.2979510426521301,3.311589479446411,1.2643417119979858,4.768489837646484,-2.0682449340820312,1.1370707750320435,2192.7057790195913,0.14311522245407104,0.2927902638912201,0.13141301274299622,0.24408002197742462,0.42175397276878357,0.17629767954349518,0.20674334466457367,0.14152167737483978,0.3382435142993927,0.2395293116569519,0.09838598221540451,0.2757357954978943
classical.00092.wav,data/genres_original/classical/classical.00092.wav,-299.7126159667969,103.67623901367188,-27.657268524169922,51.02833557128906,12.2796630859375,16.508779525756836,-10.941351890563965,-0.894935131072998,3.835169553756714,12.960474967956543,-12.398088455200195,2.4647209644317627,5.17843770980835,-0.7386155128479004,-0.6141982674598694,-1.1869746446609497,5.920296669006348,9.812800407409668,-2.6650850772857666,-3.0841169357299805,1807.4309138096603,0.28995734453201294,0.09248042106628418,0.04283280670642853,0.12819570302963257,0.281264066696167,0.12580232322216034,0.12646418809890747,0.06840237975120544,0.10203364491462708,0.40023547410964966,0.17951293289661407,0.33637046813964844
classical.00093.wav,data/genres_original/classical/classical.00093.wav,-207.37747192382812,117.60778045654297,-41.40425109863281,13.253082275390625,-1.6882356405258179,15.53231430053711,-10.36276626586914,-1.863693356513977,-12.762167930603027,7.010329723358154,-0.7813664674758911,2.071810245513916,-8.264467239379883,-1.4701048135757446,-7.0881266593933105,0.9346840977668762,-5.539218425750732,-8.502518653869629,-1.4875586032867432,5.3800530433654785,1623.829997897825,0.2562152147293091,0.10053325444459915,0.21928854286670685,0.16476285457611084,0.42679551243782043,0.43200060725212097,0.2551233768463135,0.41458168625831604,0.11726976931095123,0.11135347187519073,0.061259131878614426,0.16442155838012695
classical.00094.wav,data/genres_original/classical/classical.00094.wav,-385.79437255859375,128.62303161621094,-26.731678009033203,39.48326110839844,-2.173459529876709,16.760435104370117,-5.734194278717041,14.724414825439453,-3.0906615257263184,12.311253547668457,-5.892705917358398,2.7925808429718018,3.680018663406372,10.925793647766113,10.535347938537598,9.917289733886719,6.1087965965271,3.5327844619750977,-3.3188178539276123,-3.675154685974121,1424.1018503760445,0.42616117000579834,0.3349906802177429,0.5315263271331787,0.3251379132270813,0.20121358335018158,0.2186177670955658,0.3524300456047058,0.44692790508270264,0.2952912747859955,0.48474550247192383,0.5489150285720825,0.2612287998199463
classical.00095.wav,data/genres_original/classical/classical.00095.wav,-422.6080322265625,89.84973907470703,-18.716203689575195,37.78641128540039,6.016752243041992,4.161733150482178,-1.9914637804031372,12.111291885375977,4.167898178100586,13.791265487670898,2.8296866416931152,5.886288166046143,6.122228145599365,8.141636848449707,12.356574058532715,7.095122814178467,2.4118735790252686,0.7801639437675476,-3.4258902072906494,-0.7502806782722473,1800.6383191622836,0.293744832277298,0.15837927162647247,0.35647907853126526,0.1685742437839508,0.12493987381458282,0.3364556133747101,0.13233186304569244,0.22108496725559235,0.17831440269947052,0.224814772605896,0.38083115220069885,0.1547616422176361
classical.00096.wav,data/genres_original/classical/classical.00096.wav,-203.61941528320312,111.2059555053711,-51.53665542602539,39.48582458496094,-10.562024116516113,11.913711547851562,-13.18160629272461,15.123318672180176,-7.291698932647705,13.37704849243164,-7.3130621910095215,3.8404080867767334,-3.782005786895752,5.303998947143555,4.108334064483643,6.645054340362549,2.992922306060791,3.5416886806488037,-3.3619320392608643,-3.6787831783294678,1932.8371720042155,0.21410685777664185,0.3673665523529053,0.5991417765617371,0.2510623633861542,0.221235454082489,0.17684295773506165,0.2199135720729828,0.2953638434410095,0.21187402307987213,0.4688205420970917,0.29102155566215515,0.19967134296894073
classical.00097.wav,data/genres_original/classical/classical.00097.wav,-280.7255859375,122.72235107421875,-14.398863792419434,26.855798721313477,1.3519757986068726,5.994225978851318,-13.104068756103516,3.3753604888916016,-11.554336547851562,5.193794250488281,-1.0517678260803223,2.7634663581848145,0.06284471601247787,1.34190833568573,1.519089698791504,-2.2132608890533447,0.77303546667099,-3.969127893447876,-9.13571548461914,-6.925154685974121,1494.1405636701372,0.35059088468551636,0.23697690665721893,0.24395179748535156,0.1116204485297203,0.3792511224746704,0.19719932973384857,0.08268535882234573,0.17918260395526886,0.17020505666732788,0.3315593898296356,0.1352965235710144,0.2493535280227661
classical.00098.wav,data/genres_original/classical/classical.00098.wav,-287.52099609375,101.73794555664062,-35.36899948120117,41.28276443481445,-12.74512004852295,17.284992218017578,-13.97829818725586,16.3118839263916,-5.599027156829834,13.66427993774414,-8.790592193603516,-0.05710717663168907,-13.769376754760742,6.480289459228516,6.707886695861816,6.985262393951416,7.0318756103515625,8.390630722045898,-5.610770225524902,1.3771214485168457,1953.012399218445,0.39803552627563477,0.1438681036233902,0.11238598823547363,0.10271219909191132,0.3878880441188812,0.5834692716598511,0.27812978625297546,0.2832412123680115,0.1927616000175476,0.5180961489677429,0.3103597164154053,0.16872721910476685
classical.00099.wav,data/genres_original/classical/classical.00099.wav,-378.7393493652344,126.49873352050781,-18.81513023376465,42.87580871582031,-14.305188179016113,25.342687606811523,-14.641030311584473,18.704288482666016,-10.188716888427734,21.108089447021484,4.437039852142334,18.22564697265625,-10.274279594421387,8.953815460205078,1.2109172344207764,6.280113697052002,2.528444766998291,4.386151313781738,1.7054097652435303,9.987648963928223,1524.8987119782062,0.30584660172462463,0.35233595967292786,0.3315961956977844,0.3523237407207489,0.39388471841812134,0.22775612771511078,0.4245684742927551,0.3653213083744049,0.25268974900245667,0.32067546248435974,0.29921990633010864,0.3804491460323334
country.00000.wav,data/genres_original/country/country.00000.wav,-23.184358596801758,70.25887298583984,3.818911075592041,28.329025268554688,13.764470100402832,5.72591495513916,3.9781453609466553,7.45155668258667,2.649517774581909,8.495177268981934,-2.2885162830352783,2.0798768997192383,-3.378119707107544,5.123692512512207,-0.17641890048980713,0.35927143692970276,0.5841994285583496,4.028003215789795,0.9243895411491394,4.088009834289551,2797.969870734425,0.2805222272872925,0.4258882403373718,0.3356831669807434,0.3655458688735962,0.37006106972694397,0.391761839389801,0.5886548161506653,0.39377790689468384,0.46288225054740906,0.32935193181037903,0.31432053446769714,0.34410086274147034
country.00001.wav,data/genres_original/country/country.00001.wav,-8.001197814941406,62.72800827026367,-1.458080768585205,28.1158504486084,9.972363471984863,9.35373592376709,5.420156002044678,9.82502269744873,3.0283055305480957,8.42697811126709,0.3110376000404358,6.545156955718994,0.7390593886375427,-1.7741018533706665,0.8506022095680237,2.9827795028686523,-2.7668256759643555,2.8226828575134277,-1.7435718774795532,0.9709401726722717,2937.8328051469803,0.31546005606651306,0.41503825783729553,0.3188965618610382,0.44661790132522583,0.4165378212928772,0.45446503162384033,0.6390807032585144,0.4210757315158844,0.37973570823669434,0.2612519860267639,0.38857221603393555,0.5097729563713074
country.00002.wav,data/genres_original/country/country.00002.wav,-120.72672271728516,79.3161392211914,5.453444957733154,34.812137603759766,16.550336837768555,13.152538299560547,6.239587783813477,9.98454475402832,-1.9874377250671387,6.765197277069092,-6.290685176849365,0.2770041227340698,-6.701879501342773,1.6440435647964478,-1.7412105798721313,-0.6663897633552551,-4.842761993408203,-0.28317102789878845,-5.389650821685791,-1.9393585920333862,2307.5397576425735,0.2634401023387909,0.3248739242553711,0.2517108619213104,0.2522813081741333,0.36251309514045715,0.2618926465511322,0.2291720062494278,0.22256320714950562,0.3699093163013458,0.4679856300354004,0.295785516500473,0.26483580470085144
country.00003.wav,data/genres_original/country/country.00003.wav,-57.759788513183594,95.76648712158203,-10.109318733215332,40.979637145996094,13.979037284851074,-0.9898583292961121,-0.18847127258777618,7.425078392028809,-3.6333374977111816,9.545140266418457,-2.9410645961761475,2.436251401901245,1.994780421257019,-1.287049651145935,1.3565393686294556,4.423684597015381,-6.520480632781982,-0.03459852561354637,-1.4115794897079468,-3.078908920288086,2174.1604935047117,0.3063270151615143,0.35659170150756836,0.6214755177497864,0.34400609135627747,0.33014699816703796,0.2327682226896286,0.3699312210083008,0.5071027874946594,0.3788371980190277,0.4702666699886322,0.2734431028366089,0.3329557180404663
country.00004.wav,data/genres_original/country/country.00004.wav,-20.78135108947754,62.950435638427734,2.3044402599334717,30.77372169494629,6.973462104797363,6.50581169128418,6.323636531829834,9.873086929321289,3.4352970123291016,9.37220287322998,-0.40415793657302856,7.519415378570557,-0.9842739105224609,4.019150733947754,-0.6624487638473511,-0.06125188618898392,-0.16676467657089233,0.24374035000801086,-5.438193321228027,1.8272818326950073,2966.1571589936843,0.3137994110584259,0.2327737659215927,0.21850554645061493,0.36114880442619324,0.5383796691894531,0.35542598366737366,0.37827789783477783,0.322340726852417,0.4478793442249298,0.37981829047203064,0.41035565733909607,0.6344665288925171
country.00005.wav,data/genres_original/country/country.00005.wav,-24.69242286682129,62.38838577270508,-7.768985748291016,28.530292510986328,10.947266578674316,5.609288692474365,0.032920729368925095,13.834211349487305,3.013730525970459,9.866081237792969,0.8187443614006042,5.870721340179443,-1.2669298648834229,2.994797468185425,0.9407643675804138,2.0843100547790527,3.043879508972168,3.053063154220581,-0.13393758237361908,3.615069627761841,2926.865766278933,0.44179144501686096,0.41340434551239014,0.49678677320480347,0.3653978407382965,0.44029220938682556,0.35305076837539673,0.40590524673461914,0.5253201127052307,0.37218403816223145,0.41380906105041504,0.33453160524368286,0.44575026631355286
country.00006.wav,data/genres_original/country/country.00006.wav,-23.146041870117188,71.35541534423828,1.3973156213760376,24.474510192871094,16.3499698638916,4.516972541809082,-3.9798617362976074,18.03827667236328,-3.3584671020507812,2.4740371704101562,2.979959726333618,0.8368246555328369,-1.1464859247207642,0.16857776045799255,-3.3017210960388184,0.18618394434452057,-1.2149608135223389,-1.566367506980896,-2.7524983882904053,-2.1101038455963135,2800.214423030315,0.38879674673080444,0.3234069049358368,0.476485013961792,0.40385815501213074,0.453101247549057,0.6433823704719543,0.4229413568973541,0.4379276633262634,0.296721875667572,0.3840702176094055,0.4844704270362854,0.3348409831523895
country.00007.wav,data/genres_original/country/country.00007.wav,-20.817461013793945,64.90751647949219,6.767101287841797,26.357128143310547,11.665423393249512,13.185629844665527,-1.9791069030761719,8.582198143005371,0.47289514541625977,7.44109582901001,-0.4149092435836792,6.945586204528809,3.660606622695923,2.0337164402008057,0.6502081155776978,4.3827738761901855,-2.8027639389038086,2.9757540225982666,-1.8402822017669678,-2.363252639770508,2898.787368032488,0.4749505817890167,0.42914682626724243,0.38608166575431824,0.5202969908714294,0.36138856410980225,0.38551613688468933,0.31289979815483093,0.4275358319282532,0.5793956518173218,0.3989006578922272,0.43052399158477783,0.3507537841796875
country.00008.wav,data/genres_original/country/country.00008.wav,-19.723819732666016,76.66848754882812,-4.849720001220703,32.247581481933594,7.670154571533203,17.22452735900879,-1.4669177532196045,9.143321990966797,2.7177042961120605,9.111842155456543,-2.6976072788238525,7.503505706787109,0.33303114771842957,4.930000305175781,2.8014676570892334,1.8928759098052979,2.454538345336914,6.401708602905273,-3.3361029624938965,6.319224834442139,2506.169376457896,0.3554324507713318,0.36295077204704285,0.2674348056316376,0.32243433594703674,0.48363828659057617,0.38000187277793884,0.3895171284675598,0.2807265520095825,0.3921843469142914,0.2995438873767853,0.2664112150669098,0.4639303386211395
country.00009.wav,data/genres_original/country/country.00009.wav,12.163202285766602,58.977378845214844,0.9188629984855652,26.749128341674805,9.254704475402832,3.576305627822876,1.58315110206604,8.648173332214355,0.9710415601730347,11.627410888671875,-2.15972638130188,1.1948515176773071,0.47236955165863037,4.408359050750732,-0.171100452542305,3.0999488830566406,-1.184464693069458,4.5455241203308105,0.865001380443573,1.2720963954925537,3191.4845774083215,0.3438374996185303,0.330340713262558,0.49316471815109253,0.2818105220794678,0.3555111885070801,0.4321875274181366,0.4813438951969147,0.7530481219291687,0.46484610438346863,0.45497366786003113,0.39345166087150574,0.3725161850452423
country.00010.wav,data/genres_original/country/country.00010.wav,-197.73268127441406,106.50902557373047,-4.434540748596191,37.643943786621094,-0.8606556057929993,-0.9555021524429321,-3.4480154514312744,-0.05124213173985481,-9.299325942993164,-5.164658546447754,-4.245077610015869,-3.5471112728118896,-1.3499805927276611,-7.123562335968018,-1.6197428703308105,-2.486811876296997,-5.053232669830322,0.30241525173187256,1.0691494941711426,-1.6592696905136108,1861.184983990783,0.355116605758667,0.24500323832035065,0.25045037269592285,0.2349725067615509,0.3667103052139282,0.3177689015865326,0.2702377736568451,0.43782496452331543,0.27987977862358093,0.2810242474079132,0.20964397490024567,0.24774155020713806
country.00011.wav,data/genres_original/country/country.00011.wav,-199.09449768066406,61.18678665161133,9.970172882080078,23.455228805541992,10.26604175567627,0.021369202062487602,8.00517463684082,1.1249685287475586,-4.887679576873779,9.501938819885254,-6.344292163848877,3.861227512359619,1.6283533573150635,-1.346118688583374,2.60319185256958,-3.5718612670898438,1.9763373136520386,2.5352303981781006,1.0390568971633911,-0.9814775586128235,2838.2033521252542,0.24805931746959686,0.258867084980011,0.4075601398944855,0.26749753952026367,0.268620103597641,0.24885249137878418,0.36668822169303894,0.3800710141658783,0.24949303269386292,0.3226342797279358,0.2584872543811798,0.3344322741031647
country.00012.wav,data/genres_original/country/country.00012.wav,-141.0231170654297,123.8930892944336,-2.4948008060455322,27.972536087036133,0.012813225388526917,1.2166239023208618,-11.020722389221191,-1.376403570175171,-7.020709037780762,-6.118951797485352,-5.19248628616333,-2.1684281826019287,-4.593889236450195,-2.340559720993042,-1.1824414730072021,-3.9642832279205322,-4.234257221221924,-7.813797950744629,-1.6731257438659668,-1.084656000137329,1667.8626239303642,0.42922353744506836,0.2759110927581787,0.26665011048316956,0.21651558578014374,0.3601326048374176,0.39255255460739136,0.31909385323524475,0.4526885449886322,0.25379878282546997,0.17218829691410065,0.1557997167110443,0.2634386718273163
country.00013.wav,data/genres_original/country/country.00013.wav,-126.18547821044922,77.63613891601562,3.1659162044525146,19.950849533081055,10.833183288574219,0.7266966104507446,5.217696189880371,-0.49295222759246826,-0.999363362789154,5.389013290405273,-3.735502004623413,-3.500471353530884,-5.331846714019775,0.28486117720603943,-2.010887622833252,0.834581196308136,0.32884517312049866,-1.1148982048034668,-4.3870038986206055,-2.6085503101348877,2812.414612083667,0.27645838260650635,0.3698364794254303,0.28976109623908997,0.26823991537094116,0.5375144481658936,0.36388421058654785,0.34915977716445923,0.30439919233322144,0.3871833086013794,0.5403834581375122,0.35396242141723633,0.37645605206489563
country.00014.wav,data/genres_original/country/country.00014.wav,-124.63311767578125,72.52176666259766,16.713680267333984,18.248218536376953,12.2247896194458,8.088155746459961,7.982229709625244,-0.5219014883041382,2.3674657344818115,-0.5643610954284668,-5.573391914367676,0.5387730598449707,-5.0671539306640625,-1.1601873636245728,-3.5754244327545166,-3.689436435699463,-0.16905996203422546,-0.6420815587043762,-4.143894672393799,-3.999882936477661,2951.9486784809105,0.24964235723018646,0.43674996495246887,0.4278990924358368,0.3773772418498993,0.47580182552337646,0.32892701029777527,0.329520046710968,0.23298096656799316,0.35487452149391174,0.5127306580543518,0.3338206112384796,0.31689199805259705
country.00015.wav,data/genres_original/country/country.00015.wav,-116.17638397216797,111.7299575805664,-5.245512962341309,33.995697021484375,-12.458564758300781,4.250616550445557,-14.428153038024902,8.494949340820312,-8.198229789733887,-1.345650553703308,-12.559846878051758,-5.005492687225342,-2.149932384490967,-1.8379671573638916,-8.2723970413208,-3.021101236343384,-5.472165107727051,-2.94153094291687,-2.636676073074341,-3.371676206588745,1959.337324250709,0.33797743916511536,0.3179548680782318,0.3778701424598694,0.7603569626808167,0.364425927400589,0.3034067153930664,0.3211183249950409,0.306312620639801,0.40517663955688477,0.3274107277393341,0.4229789674282074,0.3113931119441986
country.00016.wav,data/genres_original/country/country.00016.wav,-210.17337036132812,139.61767578125,-16.97999382019043,58.00302505493164,-9.654812812805176,-1.9645081758499146,-18.00123405456543,-8.20750617980957,-11.778447151184082,-7.882442951202393,0.6071057319641113,-9.965226173400879,-6.466773986816406,-3.848353147506714,-12.045269966125488,0.317467600107193,-8.042390823364258,-6.793090343475342,-1.8463354110717773,-5.938521385192871,1425.8089845409772,0.47925904393196106,0.23979628086090088,0.19938740134239197,0.1524699628353119,0.3221144378185272,0.6176148056983948,0.33430734276771545,0.2786882221698761,0.22328519821166992,0.3687000572681427,0.3729725778102875,0.28233209252357483
country.00017.wav,data/genres_original/country/country.00017.wav,-171.3390350341797,137.3545684814453,7.964579105377197,28.53956413269043,2.7081971168518066,-0.5015103816986084,-2.9561004638671875,-1.1593424081802368,-6.159661293029785,-2.4005286693573,-5.853388786315918,-2.166609287261963,-5.34371280670166,-2.7834227085113525,-1.5698566436767578,1.294838309288025,-3.412445306777954,-0.8946276307106018,2.633026123046875,-0.09977292269468307,1469.7849502285726,0.2435550093650818,0.38510072231292725,0.5565013885498047,0.3448637127876282,0.42224034667015076,0.28096964955329895,0.4075867235660553,0.39495161175727844,0.27611252665519714,0.40431785583496094,0.24762438237667084,0.3224146366119385
country.00018.wav,data/genres_original/country/country.00018.wav,-131.1485595703125,102.99638366699219,-11.533306121826172,17.739641189575195,16.96238899230957,4.435607433319092,1.296534538269043,3.4184601306915283,-1.4990547895431519,1.617172360420227,-7.983499526977539,-0.8249755501747131,-8.876751899719238,-3.842363119125366,-4.4875874519348145,-8.93865966796875,-6.380394458770752,-1.5118134021759033,-5.409955978393555,-8.04346752166748,2068.772763718777,0.5737086534500122,0.3623030483722687,0.31208133697509766,0.2618209421634674,0.36060428619384766,0.514809787273407,0.32192328572273254,0.4101144075393677,0.3133378028869629,0.39433273673057556,0.2940024435520172,0.32023245096206665
country.00019.wav,data/genres_original/country/country.00019.wav,-256.0635681152344,163.10162353515625,-22.872879028320312,26.93337059020996,15.3019437789917,-3.505220413208008,4.217087268829346,-0.7930169105529785,-9.463186264038086,1.7569612264633179,-4.423062324523926,-3.6401736736297607,-4.252334117889404,-8.109074592590332,-2.3760170936584473,-5.145593166351318,-11.161295890808105,-2.4129879474639893,-0.5396905541419983,-4.778741359710693,1138.6702901800775,0.37916627526283264,0.2573176324367523,0.2871515452861786,0.24397315084934235,0.33201250433921814,0.2943146228790283,0.33226796984672546,0.4665152132511139,0.2868756055831909,0.28516221046447754,0.25737327337265015,0.3667903244495392
country.00020.wav,data/genres_original/country/country.00020.wav,-161.09124755859375,74.7069091796875,22.421600341796875,46.01198959350586,5.269036293029785,25.112390518188477,-0.5864291787147522,10.375497817993164,-6.83021879196167,5.049812316894531,-0.769786536693573,1.4022417068481445,-6.011288642883301,-4.006099700927734,-4.7936296463012695,-2.866936445236206,-4.986898899078369,-3.6081995964050293,-7.588421821594238,-3.228184223175049,2409.267879260446,0.31720107793807983,0.31227898597717285,0.469432532787323,0.39208945631980896,0.3246991038322449,0.37577956914901733,0.29324355721473694,0.2686762511730194,0.2687051594257355,0.4082476794719696,0.566956639289856,0.3892246186733246
country.00021.wav,data/genres_original/country/country.00021.wav,-209.38938903808594,167.13980102539062,-20.86545181274414,36.81765365600586,10.305035591125488,3.9740631580352783,-5.662354469299316,-4.638092994689941,-6.23797082901001,-4.177865028381348,-6.688475131988525,-3.263477325439453,-7.967006206512451,-4.053321838378906,-4.987052917480469,-4.496616840362549,-4.010354042053223,-6.397800445556641,-5.9167399406433105,-8.17559814453125,1043.9737111043523,0.35790860652923584,0.2290733903646469,0.22680144011974335,0.17756734788417816,0.2881913483142853,0.31439265608787537,0.2680087387561798,0.29872092604637146,0.2845667898654938,0.427606999874115,0.3072919547557831,0.28716573119163513
country.00022.wav,data/genres_original/country/country.00022.wav,-195.12416076660156,114.29300689697266,0.0014294130960479379,38.178550720214844,11.291479110717773,-6.07515811920166,1.2188283205032349,-0.004192812833935022,-15.420766830444336,-3.5709002017974854,-6.125418186187744,-4.500051021575928,-0.12475661188364029,-4.386221408843994,-9.412581443786621,-10.71687126159668,-6.541958332061768,-10.051359176635742,-7.26273250579834,-4.007445812225342,1719.3372066856614,0.26873210072517395,0.29428228735923767,0.3206484317779541,0.4405266344547272,0.31421348452568054,0.23102936148643494,0.2929586172103882,0.3177766501903534,0.39579054713249207,0.28841033577919006,0.3507440388202667,0.34189268946647644
country.00023.wav,data/genres_original/country/country.00023.wav,-353.05426025390625,110.63211059570312,32.74338150024414,24.1641845703125,18.746185302734375,5.92488956451416,-1.7401659488677979,3.8813748359680176,-2.9872539043426514,-1.9034866094589233,-2.8664541244506836,-0.978874683380127,-6.4891204833984375,-4.252442359924316,-3.750519275665283,-6.011934280395508,-7.1998748779296875,-2.5195584297180176,-4.0325608253479,-3.4128341674804688,1496.56913504939,0.3053225576877594,0.2290458083152771,0.25209563970565796,0.2460585981607437,0.33678579330444336,0.5544651746749878,0.40168631076812744,0.28864747285842896,0.23062603175640106,0.31937235593795776,0.28280648589134216,0.2192218154668808
country.00024.wav,data/genres_original/country/country.00024.wav,-199.98284912109375,109.12155151367188,-5.546024322509766,48.13289260864258,1.2039804458618164,4.597491264343262,-9.15217399597168,-1.471274971961975,-11.665060043334961,-5.204099178314209,-11.550538063049316,4.978348255157471,-4.980820178985596,-6.047306537628174,-0.6872890591621399,-8.536200523376465,-8.461552619934082,-7.943484783172607,-7.613288879394531,-0.38595306873321533,1739.3211961592144,0.5194875001907349,0.2771359980106354,0.20154590904712677,0.20674043893814087,0.21518242359161377,0.20544159412384033,0.2491525262594223,0.41448402404785156,0.2173355221748352,0.18494167923927307,0.2017688751220703,0.35211411118507385
country.00025.wav,data/genres_original/country/country.00025.wav,-200.55319213867188,119.65538024902344,-3.604681968688965,31.95296859741211,9.957965850830078,15.293298721313477,0.648600697517395,0.23646226525306702,-4.476716995239258,-2.310882568359375,-5.255605220794678,-2.473747968673706,-6.048022270202637,-0.8033075928688049,-4.706508636474609,-11.291830062866211,-8.867358207702637,-8.068558692932129,-3.1603546142578125,0.33031368255615234,1565.7683179567373,0.3720409870147705,0.3254655599594116,0.3540245294570923,0.3273039162158966,0.3811074495315552,0.2487463653087616,0.33665210008621216,0.43232619762420654,0.32970795035362244,0.32752951979637146,0.2945704162120819,0.4382559061050415
country.00026.wav,data/genres_original/country/country.00026.wav,-194.26963806152344,151.78431701660156,-3.034252643585205,29.480588912963867,9.101757049560547,5.985581398010254,3.7844457626342773,3.7657220363616943,-5.869409561157227,1.5940247774124146,-3.766415596008301,0.929591953754425,1.9723039865493774,-2.231950044631958,3.3600003719329834,3.754660129547119,-1.1347993612289429,2.2319846153259277,3.3677237033843994,-4.1374101638793945,1270.4148783967134,0.3405575454235077,0.2997055649757385,0.47874799370765686,0.2915536165237427,0.24025887250900269,0.19397667050361633,0.34489452838897705,0.38057941198349,0.26216912269592285,0.41486701369285583,0.2832961082458496,0.4262288510799408
country.00027.wav,data/genres_original/country/country.00027.wav,-100.73445129394531,106.97025299072266,-27.180395126342773,29.091337203979492,5.039496898651123,-5.429043769836426,3.2457468509674072,-5.1666436195373535,-5.103821754455566,-0.8067116737365723,-3.8309829235076904,-2.7171006202697754,-6.651432991027832,-4.670354843139648,-5.697049140930176,-5.9915313720703125,-10.221571922302246,-10.53593635559082,-5.731104373931885,-7.291665554046631,2012.1998825497253,0.26732251048088074,0.36433884501457214,0.33177414536476135,0.4005813002586365,0.5929239392280579,0.39336955547332764,0.3299906849861145,0.2892882525920868,0.45103180408477783,0.5623460412025452,0.3607015609741211,0.35763028264045715
country.00028.wav,data/genres_original/country/country.00028.wav,-169.19261169433594,132.806640625,-13.484967231750488,31.182266235351562,6.335588455200195,-3.7656242847442627,-2.0574634075164795,-3.6175503730773926,-4.556713104248047,1.2857975959777832,-6.986225128173828,-7.255015850067139,-1.3873172998428345,-9.508182525634766,-5.418511390686035,-1.9065213203430176,-7.168160915374756,-1.4283392429351807,0.15933099389076233,-4.1142425537109375,1474.0010327537864,0.2245902419090271,0.3440983295440674,0.41334882378578186,0.27139222621917725,0.339543879032135,0.3243471384048462,0.44902217388153076,0.3652629852294922,0.2732793986797333,0.36614537239074707,0.2160637378692627,0.23328657448291779
country.00029.wav,data/genres_original/country/country.00029.wav,-171.2887420654297,160.4967041015625,-17.804441452026367,30.512203216552734,7.514743804931641,-8.25604248046875,-5.670382499694824,0.13195069134235382,-8.836379051208496,-2.655268430709839,0.7057318687438965,-3.7849605083465576,-6.500515460968018,3.784128189086914,-5.431032180786133,-3.076479196548462,-6.254770755767822,-1.940012812614441,-0.8349335193634033,-1.433976173400879,1214.054895968694,0.26950305700302124,0.3949698507785797,0.31828850507736206,0.37489938735961914,0.32296839356422424,0.43732309341430664,0.3281434178352356,0.2518364489078522,0.3935549259185791,0.26158949732780457,0.20873364806175232,0.15754349529743195
country.00030.wav,data/genres_original/country/country.00030.wav,-277.1022033691406,128.25645446777344,42.4285888671875,37.69783401489258,12.78097152709961,9.599224090576172,-5.98311710357666,-7.538271903991699,-8.034318923950195,-4.942378997802734,-6.530048370361328,-3.6279537677764893,-7.228427410125732,-7.452905654907227,-1.574714183807373,1.3907408714294434,3.080538034439087,2.5106265544891357,-1.054290771484375,-2.752324342727661,1240.5895174256275,0.04745001718401909,0.1303248405456543,0.3480936884880066,0.1761101335287094,0.2296607941389084,0.14552514255046844,0.26046523451805115,0.27846428751945496,0.2222185879945755,0.5093594193458557,0.20460449159145355,0.10379889607429504
country.00031.wav,data/genres_original/country/country.00031.wav,-130.49472045898438,104.13706970214844,-19.261402130126953,34.153621673583984,5.413921356201172,-2.166884183883667,-0.7268799543380737,-2.8929855823516846,-5.459535121917725,4.080211639404297,-4.462240695953369,3.5235819816589355,2.1470131874084473,0.1875765323638916,2.681889772415161,-3.075350284576416,-3.1991121768951416,1.6599615812301636,-0.6806540489196777,-4.373587131500244,2052.937539079165,0.5474179983139038,0.2590973675251007,0.2709881663322449,0.1680450588464737,0.2645198106765747,0.3529532253742218,0.2671829164028168,0.49011772871017456,0.24893470108509064,0.31306391954421997,0.29009130597114563,0.2872621715068817
country.00032.wav,data/genres_original/country/country.00032.wav,-237.99354553222656,97.7034683227539,6.526743412017822,45.97761917114258,2.154768943786621,16.221973419189453,8.825113296508789,7.767009735107422,-0.5937914848327637,4.480260372161865,0.1409158557653427,3.0210771560668945,-1.663800597190857,-5.422941207885742,-2.8296823501586914,-3.053650379180908,-0.4980623722076416,-0.11182405799627304,-3.8595046997070312,-2.6508052349090576,1823.4330215874613,0.376996248960495,0.2879747748374939,0.21297632157802582,0.2993502914905548,0.49121952056884766,0.34743788838386536,0.28588637709617615,0.21452578902244568,0.2729492783546448,0.3112925589084625,0.34617000818252563,0.5257154107093811
country.00033.wav,data/genres_original/country/country.00033.wav,-133.33651733398438,78.99037170410156,-5.6506476402282715,35.522865295410156,-7.5477094650268555,7.92803955078125,2.7298073768615723,0.396453857421875,-1.1331301927566528,-1.107138752937317,-7.845444679260254,-1.1711783409118652,-4.814018249511719,-3.139932632446289,-5.044814586639404,-1.0937082767486572,-0.9636332392692566,-2.4559504985809326,1.1548454761505127,-1.8392486572265625,2456.555660328323,0.23706649243831635,0.2540510594844818,0.20560398697853088,0.364509642124176,0.3544076383113861,0.29219821095466614,0.4642792344093323,0.2806679904460907,0.35669654607772827,0.24372956156730652,0.29416653513908386,0.45374229550361633
country.00034.wav,data/genres_original/country/country.00034.wav,-153.8673553466797,83.68424987792969,-8.418767929077148,13.969093322753906,13.551850318908691,3.773253917694092,3.0063745975494385,6.347874164581299,2.06679630279541,2.075455904006958,3.195274591445923,-0.4753238558769226,-3.025930643081665,-4.537771224975586,-5.048807621002197,-4.9258928298950195,-6.1356635093688965,-1.666015625,0.465497761964798,-1.5515390634536743,2614.1281512828127,0.2777952551841736,0.3537065386772156,0.4535471498966217,0.3518006503582001,0.39577338099479675,0.35125553607940674,0.38202136754989624,0.3268517553806305,0.3038121461868286,0.49577921628952026,0.32413414120674133,0.29461678862571716
country.00035.wav,data/genres_original/country/country.00035.wav,-120.38322448730469,95.34891510009766,-6.00827169418335,25.16893196105957,20.961814880371094,-7.139915466308594,8.552629470825195,2.440012216567993,-14.663630485534668,9.296396255493164,-2.3618507385253906,-3.15647292137146,0.609483540058136,-4.425831317901611,-7.452153205871582,-0.4442456066608429,-3.5879828929901123,-5.025636196136475,-2.523358106613159,-4.751410961151123,2322.0772479079756,0.4256308972835541,0.29907864332199097,0.293386846780777,0.277942419052124,0.46236932277679443,0.5494683980941772,0.3384817838668823,0.38365790247917175,0.33377066254615784,0.4297282099723816,0.3953462839126587,0.32239511609077454
country.00036.wav,data/genres_original/country/country.00036.wav,-339.79913330078125,97.78101348876953,-9.69590950012207,50.98689651489258,7.82494592666626,11.747367858886719,0.6847611665725708,2.4938340187072754,-4.775411128997803,0.19351819157600403,-5.97466516494751,-2.894897222518921,-6.157009124755859,-1.8445810079574585,-5.355183124542236,-8.30634880065918,-10.728059768676758,-7.740845203399658,-3.443732500076294,-6.962086200714111,1827.093958381686,0.3694407045841217,0.5970853567123413,0.36576467752456665,0.31238389015197754,0.21822376549243927,0.30119433999061584,0.19624046981334686,0.31385695934295654,0.619947075843811,0.36537644267082214,0.24511335790157318,0.23114731907844543
country.00037.wav,data/genres_original/country/country.00037.wav,-173.44412231445312,105.05278015136719,1.1553174257278442,24.114843368530273,22.125150680541992,2.5424933433532715,-1.5812404155731201,0.1749143749475479,-5.323044776916504,3.814182996749878,-4.523899555206299,-4.587283134460449,-1.5664963722229004,-2.257190465927124,-3.8579089641571045,-6.458282947540283,-7.468571662902832,-5.533387660980225,-2.1898677349090576,-2.4518630504608154,2069.180155621707,0.3341370224952698,0.39890405535697937,0.3364597260951996,0.43385258316993713,0.3541956841945648,0.3932722806930542,0.33944228291511536,0.3034750521183014,0.41551852226257324,0.3972719609737396,0.4570891261100769,0.3240567743778229
country.00038.wav,data/genres_original/country/country.00038.wav,-118.028564453125,74.1670150756836,8.288137435913086,15.46252155303955,6.154969692230225,8.443999290466309,4.118831157684326,5.738997459411621,-1.9503189325332642,3.1639113426208496,5.040857315063477,-1.1298937797546387,2.4367034435272217,-1.4256317615509033,-4.740827560424805,-6.369538307189941,-5.747558116912842,-6.266189098358154,-4.516868591308594,-1.0093789100646973,2860.3399496357706,0.4962555468082428,0.3707701563835144,0.43214988708496094,0.34079980850219727,0.4199334979057312,0.32684069871902466,0.36240583658218384,0.3940659165382385,0.24631400406360626,0.28548285365104675,0.28860485553741455,0.4422401487827301
country.00039.wav,data/genres_original/country/country.00039.wav,-89.73638153076172,36.28620529174805,11.469535827636719,37.49559020996094,9.199136734008789,3.7405192852020264,2.840358018875122,6.811540126800537,1.467455267906189,0.09733813256025314,1.02586030960083,1.1755473613739014,-3.5642974376678467,-2.0911779403686523,1.711514949798584,-1.3672683238983154,-4.376964092254639,-2.601608991622925,-3.5284464359283447,-4.227249622344971,3760.4244872923673,0.4306693971157074,0.649253785610199,0.45910635590553284,0.4509706199169159,0.6284641027450562,0.3802964389324188,0.3939797580242157,0.3464697003364563,0.3953801393508911,0.4807000756263733,0.29243630170822144,0.3461074233055115
country.00040.wav,data/genres_original/country/country.00040.wav,-102.89669799804688,85.32916259765625,-4.324985027313232,30.583778381347656,3.0101568698883057,-1.9592187404632568,4.445295333862305,3.420520544052124,-4.253562927246094,-1.7714000940322876,-3.970628023147583,-1.3591872453689575,-3.7630884647369385,-5.177252292633057,-2.8950467109680176,-0.26965051889419556,-7.421149253845215,-4.096378326416016,-3.4501850605010986,-10.114285469055176,2449.9415972837987,0.34925898909568787,0.41959303617477417,0.562434732913971,0.3446452021598816,0.33539536595344543,0.24101148545742035,0.3413330316543579,0.4285697340965271,0.35516157746315,0.43271926045417786,0.2931883633136749,0.37739500403404236
country.00041.wav,data/genres_original/country/country.00041.wav,-111.69471740722656,82.26009368896484,13.068495750427246,31.93008041381836,23.68303108215332,-0.5323793292045593,12.029793739318848,3.6602067947387695,-5.738521575927734,3.3330349922180176,1.420749306678772,0.7725830078125,0.5596442818641663,-1.1348551511764526,-1.7467116117477417,0.5584442019462585,-2.3236961364746094,-4.612611770629883,-0.6200669407844543,-4.944746971130371,2634.0466588107224,0.36825576424598694,0.3431181013584137,0.3845055103302002,0.41365423798561096,0.4961283802986145,0.321953684091568,0.26089537143707275,0.3198980689048767,0.43107855319976807,0.6235852241516113,0.4315284788608551,0.37858086824417114
country.00042.wav,data/genres_original/country/country.00042.wav,-101.28809356689453,84.13902282714844,7.751808166503906,30.38391876220703,13.85435962677002,11.632600784301758,-0.11175934225320816,-4.939071178436279,-2.370659589767456,-1.9748870134353638,-8.18772029876709,2.825073719024658,0.5467093586921692,-6.795642852783203,-4.311102390289307,-4.57783317565918,-9.847293853759766,-5.6903605461120605,-10.405996322631836,-7.513293266296387,2386.8223453587584,0.4524177014827728,0.4321027398109436,0.4175602197647095,0.3256065547466278,0.41292792558670044,0.30966901779174805,0.24329468607902527,0.3131425976753235,0.37755319476127625,0.5492919087409973,0.4557240605354309,0.409952312707901
country.00043.wav,data/genres_original/country/country.00043.wav,-101.19902801513672,85.43054962158203,-19.695709228515625,20.584856033325195,9.973624229431152,7.594192981719971,0.10405606031417847,3.40543794631958,0.04641177877783775,1.5777522325515747,-1.450095295906067,-1.2814346551895142,2.1464107036590576,-4.7943434715271,-0.31705382466316223,-0.4299643337726593,-4.887641429901123,-3.000009536743164,1.0770750045776367,-1.456903338432312,2530.853994149147,0.3637917637825012,0.37615031003952026,0.5018666386604309,0.34089893102645874,0.38934850692749023,0.2989419102668762,0.41704416275024414,0.4250478446483612,0.3949855864048004,0.6599970459938049,0.31651031970977783,0.354801744222641
country.00044.wav,data/genres_original/country/country.00044.wav,-162.72117614746094,119.81049346923828,-2.8799524307250977,20.506134033203125,27.80887222290039,5.4853668212890625,6.040956497192383,1.2045435905456543,-3.6995325088500977,0.3423854410648346,4.411624908447266,-0.40806129574775696,2.459360122680664,2.135385751724243,-1.6038621664047241,3.6291284561157227,-3.462162733078003,-2.5598270893096924,5.641791343688965,-3.654726982116699,1730.559357956436,0.2957282066345215,0.3607160449028015,0.26926949620246887,0.44612377882003784,0.39338913559913635,0.25777772068977356,0.40982475876808167,0.34478655457496643,0.45843982696533203,0.3969474732875824,0.3326283395290375,0.3548271358013153
country.00045.wav,data/genres_original/country/country.00045.wav,-61.23540115356445,71.2633285522461,-17.042137145996094,17.118322372436523,5.0581464767456055,-4.204788684844971,-1.667630910873413,1.1733667850494385,-0.8542969822883606,4.97634744644165,-1.6956690549850464,4.845418930053711,-0.1578167825937271,-2.079404354095459,-0.27295634150505066,-5.3116021156311035,0.23376089334487915,-0.10088100284337997,-3.9376580715179443,-0.9228173494338989,2777.1145172614247,0.31114453077316284,0.28946396708488464,0.3233734667301178,0.5439479351043701,0.3041634261608124,0.2919119596481323,0.25824835896492004,0.3846530020236969,0.45344752073287964,0.31769806146621704,0.38480374217033386,0.28368979692459106
country.00046.wav,data/genres_original/country/country.00046.wav,-126.89159393310547,103.4920654296875,-31.892566680908203,58.719329833984375,-1.9583550691604614,-3.130634069442749,-2.9370548725128174,0.36575204133987427,-3.038083553314209,-0.8297624588012695,5.585165977478027,-10.142878532409668,0.7323167324066162,-1.6198152303695679,-10.050463676452637,-5.210883617401123,-9.042455673217773,-4.73878288269043,-1.0380154848098755,-2.85149884223938,2109.4728877007824,0.23346860706806183,0.36712846159935,0.40669694542884827,0.3590552806854248,0.5563353896141052,0.4547443687915802,0.4012090861797333,0.3327641785144806,0.42734476923942566,0.48417994379997253,0.25937649607658386,0.20708639919757843
country.00047.wav,data/genres_original/country/country.00047.wav,-165.51902770996094,117.8792724609375,-33.60674285888672,42.623321533203125,-1.3848823308944702,3.8313910961151123,7.169803142547607,-7.170013904571533,-1.6314923763275146,0.8754550218582153,-12.514056205749512,2.89426326751709,-12.372038841247559,-1.3238246440887451,-6.636532783508301,-8.864954948425293,-5.1069416999816895,-8.079850196838379,-4.2646636962890625,-0.1589813530445099,1784.3451875096134,0.4668058454990387,0.2587403953075409,0.3468470275402069,0.2326992303133011,0.2860693335533142,0.26810961961746216,0.2644062936306,0.5305753946304321,0.3197598457336426,0.2567629814147949,0.192216157913208,0.29982155561447144
country.00048.wav,data/genres_original/country/country.00048.wav,-149.0001678466797,107.24382019042969,11.190146446228027,26.69879913330078,11.405787467956543,-3.808100938796997,14.028654098510742,-5.892951965332031,-11.049588203430176,2.8112707138061523,-8.445196151733398,3.1889078617095947,-0.7737128138542175,-12.404468536376953,-6.286397933959961,-3.2991549968719482,-8.168630599975586,-6.584288120269775,-3.677579402923584,-2.9678540229797363,1939.716518680421,0.32462024688720703,0.2773453891277313,0.3292037546634674,0.2790676951408386,0.2963205575942993,0.4971616864204407,0.27541327476501465,0.22068201005458832,0.18921253085136414,0.2686302661895752,0.4379390478134155,0.33528006076812744
country.00049.wav,data/genres_original/country/country.00049.wav,-109.98738861083984,134.7486114501953,-24.026145935058594,19.39461898803711,-4.407176494598389,-4.8148884773254395,-7.800572872161865,-0.39370042085647583,-5.415931701660156,-2.957000255584717,0.7814668416976929,-4.776981830596924,-0.1722172051668167,-1.6905770301818848,-2.4042224884033203,-1.9624149799346924,-6.93836784362793,-4.073903560638428,-1.9557139873504639,-5.792825698852539,1600.3408733031765,0.2897713780403137,0.20569853484630585,0.43993428349494934,0.3245548605918884,0.3146393597126007,0.24296340346336365,0.30309951305389404,0.4249759018421173,0.2689064145088196,0.33023810386657715,0.3051679730415344,0.4334593117237091
country.00050.wav,data/genres_original/country/country.00050.wav,-143.12673950195312,121.89800262451172,-13.344369888305664,47.77785110473633,-12.660494804382324,23.372251510620117,-10.994919776916504,18.85610008239746,-13.706635475158691,15.95097541809082,-11.356476783752441,10.288700103759766,-6.002484321594238,2.7361464500427246,-9.286324501037598,4.504715919494629,-8.325127601623535,4.522384166717529,-6.035287380218506,-2.3523783683776855,1779.4961449189584,0.47668933868408203,0.2975497245788574,0.387087345123291,0.3081240653991699,0.3983280062675476,0.30187082290649414,0.2689792215824127,0.4162968099117279,0.32813432812690735,0.44482696056365967,0.2825802266597748,0.3013817369937897
country.00051.wav,data/genres_original/country/country.00051.wav,-204.71437072753906,121.91577911376953,-17.7427978515625,46.32460021972656,-1.7955832481384277,17.031993865966797,-14.699761390686035,14.667405128479004,-19.392898559570312,10.903635025024414,-13.474710464477539,1.2002147436141968,-6.213005542755127,-1.6907131671905518,-8.696856498718262,-2.51277494430542,-11.328505516052246,0.16912595927715302,-7.287027835845947,-7.51181173324585,1552.7721617035625,0.2254866659641266,0.1268320530653,0.10145241767168045,0.2288711667060852,0.380848228931427,0.278717577457428,0.2931450307369232,0.2462669312953949,0.401752769947052,0.37876707315444946,0.2741332948207855,0.3597916066646576
country.00052.wav,data/genres_original/country/country.00052.wav,-265.27587890625,138.85980224609375,6.141737461090088,47.49591827392578,-2.3967983722686768,21.038158416748047,4.0860772132873535,17.65396499633789,-12.0299072265625,15.491056442260742,-1.1331485509872437,7.889358043670654,0.49858373403549194,-0.23055614531040192,-3.8699796199798584,4.062500953674316,-3.1115543842315674,3.0031957626342773,-1.4015285968780518,-1.4951000213623047,1115.7881616130558,0.46265068650245667,0.25753527879714966,0.22311486303806305,0.2552226185798645,0.44374778866767883,0.5455313324928284,0.3551313281059265,0.39432665705680847,0.27725303173065186,0.26225745677948,0.20403996109962463,0.2642366588115692
country.00053.wav,data/genres_original/country/country.00053.wav,-84.74407196044922,100.98661041259766,-16.020492553710938,51.76194763183594,-17.082294464111328,22.577102661132812,-20.2999267578125,18.914926528930664,-19.49268341064453,15.328484535217285,-17.741413116455078,8.583117485046387,-15.0005521774292,6.436904430389404,-10.276651382446289,3.2850334644317627,-9.550154685974121,4.046603202819824,-5.595067977905273,-0.7083243727684021,2271.2893251438104,0.2859400808811188,0.32455018162727356,0.37988483905792236,0.3684336543083191,0.5990750789642334,0.341789186000824,0.3059839904308319,0.3565393388271332,0.34633633494377136,0.5382805466651917,0.3512853682041168,0.28214031457901
country.00054.wav,data/genres_original/country/country.00054.wav,-175.01629638671875,115.706787109375,5.106451034545898,58.16065216064453,-3.327953338623047,29.66428565979004,-10.028759956359863,19.655780792236328,-16.303510665893555,13.737743377685547,-8.819840431213379,7.224039554595947,-8.892759323120117,4.749917030334473,-11.493277549743652,0.9123302698135376,-8.153264045715332,1.1864219903945923,-7.980874538421631,-5.646860599517822,1654.614331906288,0.2528243362903595,0.20953287184238434,0.4056381285190582,0.39825180172920227,0.3005858063697815,0.3220227360725403,0.24807821214199066,0.35157161951065063,0.3108915090560913,0.30116474628448486,0.4088611304759979,0.24380311369895935
country.00055.wav,data/genres_original/country/country.00055.wav,-82.96263122558594,122.53280639648438,-16.65855598449707,40.015907287597656,-15.00722885131836,21.670377731323242,-18.256282806396484,18.36186408996582,-17.988773345947266,16.99161148071289,-16.0396728515625,8.533730506896973,-8.706783294677734,10.766551971435547,-4.624802112579346,7.237584590911865,-7.609497547149658,5.2948713302612305,-5.517238140106201,-0.17936326563358307,1881.161817758554,0.3024228513240814,0.3123905062675476,0.2600023150444031,0.40560784935951233,0.470005601644516,0.2763131558895111,0.3164278566837311,0.2955378592014313,0.478172242641449,0.37022078037261963,0.324739009141922,0.47308287024497986
country.00056.wav,data/genres_original/country/country.00056.wav,-164.7919464111328,123.42044830322266,4.234658718109131,48.78873062133789,-5.1513285636901855,22.844547271728516,-7.805294990539551,19.294296264648438,-11.024412155151367,21.256271362304688,-9.740569114685059,5.154128551483154,-6.14110803604126,5.41409969329834,-9.923704147338867,3.9135329723358154,-7.326435089111328,1.3926384449005127,-8.839241981506348,-3.741455078125,1468.746159645324,0.3612822890281677,0.24773947894573212,0.2080206423997879,0.15535147488117218,0.2723730504512787,0.6051998138427734,0.36434224247932434,0.2882857322692871,0.27753815054893494,0.43273821473121643,0.3763585388660431,0.24074529111385345
country.00057.wav,data/genres_original/country/country.00057.wav,-137.88375854492188,121.52389526367188,-13.26718807220459,43.318729400634766,-10.70938777923584,17.85877799987793,-7.949544429779053,9.089491844177246,-19.79267692565918,9.440963745117188,-19.598379135131836,6.907873630523682,-12.54389476776123,-0.755632221698761,-9.149439811706543,1.445707082748413,-8.303116798400879,-3.7529561519622803,-6.8689351081848145,-0.4803481101989746,1741.8149971403939,0.28796449303627014,0.3578193187713623,0.23246750235557556,0.36874788999557495,0.2304743230342865,0.24847887456417084,0.2639365792274475,0.2794802784919739,0.5628990530967712,0.398456871509552,0.33393242955207825,0.21567994356155396
country.00058.wav,data/genres_original/country/country.00058.wav,-101.38996887207031,120.45384979248047,-0.4065859913825989,49.042423248291016,-15.863625526428223,19.87376594543457,-13.094367027282715,18.574186325073242,-15.706966400146484,15.25411605834961,-5.906841278076172,6.6473469734191895,-10.359328269958496,7.085957050323486,-8.217057228088379,6.200713634490967,-8.38956069946289,2.9200682640075684,-6.652833461761475,-1.3233221769332886,1796.1137426759592,0.32209861278533936,0.2124897688627243,0.31843140721321106,0.5219454169273376,0.3460996150970459,0.41030552983283997,0.28638845682144165,0.3163573741912842,0.26881301403045654,0.2949436902999878,0.5645828247070312,0.3133622407913208
country.00059.wav,data/genres_original/country/country.00059.wav,-185.11383056640625,120.50994110107422,29.71746253967285,56.40028762817383,-3.0346598625183105,22.222614288330078,-10.344736099243164,20.05401039123535,-13.68504810333252,9.17043399810791,-6.428534030914307,3.296778917312622,-8.737770080566406,5.011394500732422,-9.227384567260742,3.778635025024414,-10.201929092407227,5.9120354652404785,-4.424708843231201,1.581727385520935,1535.3805435364122,0.18760517239570618,0.13434870541095734,0.21470944583415985,0.3946267366409302,0.25746870040893555,0.3199365735054016,0.2746811807155609,0.449275404214859,0.42793402075767517,0.290388822555542,0.2887314558029175,0.172882542014122
country.00060.wav,data/genres_original/country/country.00060.wav,-178.51937866210938,130.1326904296875,12.088973045349121,47.05108642578125,2.6224920749664307,24.09434700012207,-4.627711296081543,22.772083282470703,-10.941142082214355,13.5391263961792,-6.809722423553467,8.712160110473633,-6.090919494628906,4.079459190368652,-5.152720928192139,7.859420299530029,-5.255472660064697,3.956895112991333,-3.13993501663208,-4.387821197509766,1373.0379665331902,0.48721957206726074,0.27028703689575195,0.23183684051036835,0.21975353360176086,0.352872371673584,0.49097535014152527,0.41952013969421387,0.4466085135936737,0.3324427604675293,0.33111441135406494,0.24754288792610168,0.2744446396827698
country.00061.wav,data/genres_original/country/country.00061.wav,-186.39239501953125,135.86007690429688,5.928500652313232,45.86050033569336,-5.766274452209473,22.786794662475586,-13.002945899963379,17.122373580932617,-13.756378173828125,9.734511375427246,-8.36888599395752,6.65922737121582,-9.091540336608887,5.422997951507568,-6.85394811630249,1.5488516092300415,-8.558101654052734,5.447452068328857,-4.363457679748535,-4.706832408905029,1397.840984804417,0.15060625970363617,0.29895704984664917,0.4373871088027954,0.2550759017467499,0.29143136739730835,0.15945997834205627,0.23860768973827362,0.28944408893585205,0.3923190236091614,0.677494466304779,0.3518567979335785,0.23085343837738037
country.00062.wav,data/genres_original/country/country.00062.wav,-94.09416961669922,109.16863250732422,-11.84994888305664,41.56547164916992,-19.475982666015625,23.831954956054688,-19.935585021972656,20.37474822998047,-17.28199005126953,16.585613250732422,-10.199126243591309,9.39206600189209,-10.051931381225586,7.805493354797363,-15.095584869384766,3.274390935897827,-10.467716217041016,7.5478129386901855,-5.550230979919434,2.232779026031494,2167.0242315710375,0.33516165614128113,0.3869299292564392,0.5767059922218323,0.42654773592948914,0.4425508379936218,0.39907053112983704,0.3469398319721222,0.3145996332168579,0.36108624935150146,0.5269958972930908,0.28202560544013977,0.2858580946922302
country.00063.wav,data/genres_original/country/country.00063.wav,-185.42262268066406,118.46734619140625,17.7952938079834,48.88768768310547,-2.1608033180236816,21.370107650756836,-9.00115966796875,20.535987854003906,-11.416625022888184,9.282176971435547,-5.481669902801514,5.7548065185546875,-2.979569673538208,3.451474905014038,-6.0777106285095215,1.266959309577942,-5.953242301940918,7.072018623352051,-2.1684460639953613,4.868856430053711,1615.0641667795348,0.29398876428604126,0.3803144693374634,0.47583824396133423,0.3330623209476471,0.37840738892555237,0.28706347942352295,0.3856181204319,0.281602144241333,0.21900665760040283,0.2837980389595032,0.2996118366718292,0.38893505930900574
country.00064.wav,data/genres_original/country/country.00064.wav,-217.74221801757812,128.34689331054688,-7.513689041137695,39.2650032043457,-2.555619955062866,18.17300796508789,-15.166709899902344,16.77092170715332,-15.265885353088379,4.899209022521973,-6.513760089874268,2.8973567485809326,-11.506303787231445,-0.10554395616054535,-10.623799324035645,2.2620747089385986,-9.167434692382812,6.866771697998047,6.235957145690918,3.3692781925201416,1512.285769157878,0.3138984739780426,0.21534717082977295,0.2360142320394516,0.25578197836875916,0.33189743757247925,0.5469388961791992,0.27878499031066895,0.28720274567604065,0.20994579792022705,0.19205953180789948,0.15337486565113068,0.1383948177099228
country.00065.wav,data/genres_original/country/country.00065.wav,-250.87863159179688,163.0983123779297,-3.8807075023651123,30.153526306152344,5.5764241218566895,7.49603796005249,4.024820804595947,-2.110605478286743,-5.470409870147705,-1.0583418607711792,-9.981245040893555,1.81838059425354,-8.760416030883789,-7.043995380401611,-4.215171813964844,-8.841512680053711,-7.404842376708984,-3.301464080810547,-5.140649795532227,-9.970359802246094,894.2258292361238,0.24495479464530945,0.2276124507188797,0.14058658480644226,0.2042442262172699,0.3166545033454895,0.2854708135128021,0.3571526110172272,0.27866870164871216,0.37647444009780884,0.33484572172164917,0.2672165036201477,0.3597533404827118
country.00066.wav,data/genres_original/country/country.00066.wav,-102.51609802246094,135.72169494628906,-46.895442962646484,32.74629211425781,-11.160357475280762,23.46573829650879,-9.766419410705566,16.901643753051758,-11.685099601745605,13.207405090332031,-7.183141708374023,4.735625743865967,-8.202423095703125,2.6096532344818115,-2.987760543823242,6.80623722076416,-2.0788652896881104,3.2920236587524414,0.2834395170211792,-4.218770980834961,1701.133231854635,0.16779297590255737,0.24855905771255493,0.33179524540901184,0.23446542024612427,0.4512852132320404,0.25920093059539795,0.32590028643608093,0.3556375801563263,0.3136148452758789,0.6587488055229187,0.2704598605632782,0.23111788928508759
country.00067.wav,data/genres_original/country/country.00067.wav,-328.7254638671875,167.05113220214844,12.98839282989502,28.820632934570312,11.246063232421875,14.42672348022461,11.705961227416992,7.804121494293213,-11.729082107543945,2.385380744934082,-8.34757137298584,-3.8573145866394043,-6.7459235191345215,-5.7640862464904785,-8.251606941223145,-4.549577713012695,-1.0538642406463623,-4.606028079986572,-2.8582496643066406,-2.232487678527832,857.9961382033647,0.3398604393005371,0.3718282878398895,0.2967384159564972,0.3253302574157715,0.31921660900115967,0.37915122509002686,0.25290289521217346,0.27696165442466736,0.3784732520580292,0.3086451590061188,0.339856892824173,0.2666129171848297
country.00068.wav,data/genres_original/country/country.00068.wav,-229.46890258789062,157.3128204345703,-16.762048721313477,31.87986183166504,-0.11036781221628189,16.656442642211914,1.3551737070083618,12.223302841186523,-3.8625035285949707,6.839231491088867,-4.26322603225708,1.3375673294067383,-5.895663261413574,-4.034213542938232,-5.25495719909668,-4.54843807220459,-6.8075127601623535,-4.406004428863525,-4.179810047149658,-6.349775791168213,1130.940763773945,0.24516913294792175,0.3887263238430023,0.4616760015487671,0.3429388105869293,0.3292616605758667,0.3015311360359192,0.4491012692451477,0.2831572890281677,0.31443166732788086,0.4558332562446594,0.33894625306129456,0.2818756699562073
country.00069.wav,data/genres_original/country/country.00069.wav,-217.1639862060547,136.16940307617188,-10.362344741821289,51.389041900634766,2.612238883972168,15.127787590026855,-0.6809185743331909,12.28742504119873,-6.2264227867126465,7.802321910858154,-5.4090776443481445,3.6247029304504395,-2.807216167449951,-0.360288143157959,-0.559720516204834,0.36299628019332886,-2.2528905868530273,-2.496232032775879,4.1936774253845215,0.3514583706855774,1327.824096106779,0.20630916953086853,0.37514740228652954,0.5760189294815063,0.3349876403808594,0.26918825507164,0.22505003213882446,0.33582380414009094,0.3393835425376892,0.37896305322647095,0.5802433490753174,0.3168187141418457,0.2879626452922821
country.00070.wav,data/genres_original/country/country.00070.wav,-99.320068359375,117.56865692138672,-29.88463020324707,40.83229064941406,-15.263142585754395,27.980684280395508,-11.955395698547363,13.331402778625488,-11.367624282836914,10.538832664489746,-8.748046875,8.410869598388672,-6.844214916229248,0.43953460454940796,-5.308864593505859,1.6441798210144043,-7.353095531463623,0.5184652209281921,-1.4642417430877686,-5.926997184753418,1935.1584683595631,0.2969188690185547,0.3174959719181061,0.2707419693470001,0.44086307287216187,0.5798165798187256,0.3441195785999298,0.34008949995040894,0.2801194489002228,0.3957894444465637,0.3837319612503052,0.3051292300224304,0.4247259497642517
country.00071.wav,data/genres_original/country/country.00071.wav,-185.85665893554688,155.2994384765625,-25.034074783325195,20.532514572143555,-3.8348429203033447,-0.6002936363220215,-4.568850517272949,-5.914592266082764,-16.538049697875977,-0.4521847069263458,-16.3022518157959,-4.2136077880859375,-16.815841674804688,-4.5419535636901855,-8.360623359680176,-9.983513832092285,-7.767913818359375,-8.343301773071289,-6.844908714294434,-10.199348449707031,1261.3177003596256,0.19638867676258087,0.23038333654403687,0.42468908429145813,0.26773974299430847,0.29534590244293213,0.18918481469154358,0.28661251068115234,0.28556230664253235,0.2577960193157196,0.3618271052837372,0.2834447920322418,0.4287377595901489
country.00072.wav,data/genres_original/country/country.00072.wav,-96.2829818725586,131.92025756835938,-26.32213592529297,35.982154846191406,-22.807708740234375,14.489154815673828,-11.8341646194458,11.801547050476074,-21.218061447143555,11.527782440185547,-12.925010681152344,7.1762285232543945,-13.9385404586792,2.9490697383880615,-5.027492046356201,1.5300565958023071,-4.385611057281494,2.5454046726226807,-5.366109848022461,-5.970071315765381,1711.2104216664566,0.2491334080696106,0.4854218661785126,0.3710383176803589,0.23580479621887207,0.3294580578804016,0.3031979203224182,0.4974818229675293,0.29918739199638367,0.3245006203651428,0.4971367418766022,0.29696470499038696,0.2523145079612732
country.00073.wav,data/genres_original/country/country.00073.wav,-167.0098419189453,132.4434356689453,-17.294891357421875,46.93230438232422,-3.650355100631714,20.946674346923828,-8.8304443359375,8.546585083007812,-15.151556015014648,8.105512619018555,-16.944101333618164,6.647016525268555,-10.924016952514648,1.1015995740890503,-6.293739318847656,-3.641477584838867,-7.382184982299805,-2.1708154678344727,-3.8498694896698,-9.668264389038086,1549.1920056300594,0.36888840794563293,0.3025287985801697,0.24084867537021637,0.34523510932922363,0.38462212681770325,0.29486170411109924,0.45528632402420044,0.34055665135383606,0.38551458716392517,0.3653227984905243,0.39428484439849854,0.6213245987892151
country.00074.wav,data/genres_original/country/country.00074.wav,-207.2761688232422,130.9469757080078,-18.49676513671875,33.29912567138672,-3.9221625328063965,15.39346694946289,-6.382999420166016,2.951951265335083,-16.78615379333496,7.084848880767822,-8.594069480895996,4.795649528503418,-12.250598907470703,-1.0214053392410278,-4.5420403480529785,-6.066712379455566,-5.5392537117004395,-2.3645176887512207,-6.5289387702941895,-5.895574569702148,1533.8625889630157,0.35197654366493225,0.30720657110214233,0.49435919523239136,0.3416617512702942,0.2652886211872101,0.20216770470142365,0.3619880676269531,0.5635551810264587,0.34209999442100525,0.3793678283691406,0.2829350531101227,0.3684740662574768
country.00075.wav,data/genres_original/country/country.00075.wav,-60.84931182861328,105.47065734863281,-16.914596557617188,40.7011833190918,-15.038137435913086,36.046302795410156,-12.81877326965332,17.48331642150879,-16.75531768798828,11.757575035095215,-10.130224227905273,13.194356918334961,-12.209436416625977,2.357670545578003,-12.200346946716309,6.448178768157959,-1.7883270978927612,6.329571723937988,-1.3351489305496216,-2.7925984859466553,2187.464108981419,0.21290165185928345,0.2947869300842285,0.31451889872550964,0.4008001685142517,0.6376704573631287,0.3088987469673157,0.3471975326538086,0.4584680199623108,0.38674694299697876,0.5467197299003601,0.317730188369751,0.23525528609752655
country.00076.wav,data/genres_original/country/country.00076.wav,-183.9717254638672,159.81996154785156,-23.171310424804688,43.05397415161133,-9.468152046203613,8.831389427185059,-1.6515092849731445,4.351794719696045,-13.370458602905273,0.8398626446723938,-13.976322174072266,1.4428523778915405,-7.390411853790283,0.6109406352043152,-3.387033224105835,-3.586169481277466,-9.068071365356445,-3.164735794067383,-4.070172309875488,-7.053117752075195,1321.5897450564107,0.2210383415222168,0.29540979862213135,0.41105368733406067,0.290438711643219,0.3279269337654114,0.23515135049819946,0.2710255980491638,0.20833365619182587,0.25206637382507324,0.48078653216362,0.2839747369289398,0.2904873192310333
country.00077.wav,data/genres_original/country/country.00077.wav,-118.23319244384766,152.94320678710938,-46.513092041015625,31.120494842529297,-17.28691291809082,6.277329921722412,-3.679861307144165,13.048770904541016,-13.126935005187988,15.70604419708252,-13.07692813873291,5.701761245727539,-10.694594383239746,0.997958242893219,-6.701846122741699,2.587602376937866,-9.803431510925293,0.16060060262680054,-3.454817056655884,-7.419519901275635,1513.196622643609,0.5940151810646057,0.24348777532577515,0.24944551289081573,0.2097029983997345,0.3530009984970093,0.5141792297363281,0.2619686424732208,0.40027284622192383,0.2936917841434479,0.39903542399406433,0.2355727255344391,0.2931312024593353
country.00078.wav,data/genres_original/country/country.00078.wav,-302.58184814453125,150.15966796875,-3.7027928829193115,26.923803329467773,-0.26331332325935364,13.522551536560059,7.248563766479492,4.217867851257324,1.7668286561965942,6.563311576843262,-0.48897039890289307,7.896579742431641,1.329330325126648,0.4770667552947998,0.07484710216522217,-3.2051351070404053,-1.82651686668396,0.8744350075721741,0.5740035772323608,-3.1530656814575195,1143.943990289628,0.3765539526939392,0.39626118540763855,0.3581884503364563,0.4011523723602295,0.4408930242061615,0.31365033984184265,0.32437652349472046,0.2581435739994049,0.3577284514904022,0.4134850800037384,0.4043736457824707,0.47072792053222656
country.00079.wav,data/genres_original/country/country.00079.wav,-229.14720153808594,180.35635375976562,4.520912170410156,24.184398651123047,1.1109379529953003,3.9924328327178955,-5.996030330657959,1.8722131252288818,-13.13626480102539,0.004705092404037714,-13.499954223632812,1.5836830139160156,-13.435794830322266,-5.694530010223389,-7.607402801513672,-9.8027982711792,-3.7803759574890137,-4.796637058258057,-4.714709281921387,-2.9630825519561768,963.1958805922379,0.40901240706443787,0.21867536008358002,0.2999451458454132,0.24163936078548431,0.45526987314224243,0.3521099388599396,0.2593403458595276,0.4713013768196106,0.2526981830596924,0.30822819471359253,0.18266312777996063,0.272064745426178
country.00080.wav,data/genres_original/country/country.00080.wav,-100.95597076416016,111.60763549804688,-13.152134895324707,44.59754943847656,-5.961038589477539,29.337100982666016,-7.956896781921387,19.591026306152344,-22.446842193603516,17.270526885986328,-17.831653594970703,11.408343315124512,-12.451891899108887,1.6513617038726807,-8.525836944580078,2.7190499305725098,-7.307455539703369,4.868774890899658,-1.212941288948059,-1.293074607849121,2049.894019739639,0.3017368018627167,0.3505522906780243,0.6034161448478699,0.4613066017627716,0.2721840441226959,0.22461596131324768,0.38877102732658386,0.43410632014274597,0.34445473551750183,0.4929320216178894,0.37635451555252075,0.3973265290260315
country.00081.wav,data/genres_original/country/country.00081.wav,-74.14830017089844,107.63804626464844,-21.198165893554688,47.23445510864258,-5.976315498352051,17.81209373474121,-20.399551391601562,14.992423057556152,-15.965241432189941,15.7340726852417,-14.664024353027344,10.681490898132324,-10.128546714782715,4.450295925140381,-7.654798984527588,6.9238200187683105,-9.014678955078125,4.166694164276123,-3.748039960861206,-3.59291410446167,2101.538599563589,0.3227464556694031,0.3285999000072479,0.34286385774612427,0.36174240708351135,0.5066086649894714,0.30714118480682373,0.2886427640914917,0.31173425912857056,0.4165792465209961,0.5476252436637878,0.3876609802246094,0.42289602756500244
country.00082.wav,data/genres_original/country/country.00082.wav,-68.62351989746094,101.3541259765625,-16.908740997314453,51.52635192871094,-10.228337287902832,20.050033569335938,-21.784992218017578,15.524760246276855,-18.795236587524414,16.359050750732422,-17.89385223388672,12.12664794921875,-13.205327987670898,3.8833303451538086,-8.886960983276367,5.021148204803467,-9.827743530273438,6.5361456871032715,-4.506943225860596,-1.8084142208099365,2253.250681954205,0.351911336183548,0.33027663826942444,0.4483484923839569,0.3822387456893921,0.39022737741470337,0.35133886337280273,0.406574010848999,0.5471935272216797,0.37354525923728943,0.37753620743751526,0.3139878511428833,0.3568137288093567
country.00083.wav,data/genres_original/country/country.00083.wav,-148.5599365234375,141.280517578125,-15.883037567138672,44.65506362915039,0.9918742179870605,13.662189483642578,-13.240340232849121,12.651493072509766,-11.70223331451416,12.15990924835205,-10.476018905639648,9.908223152160645,-5.055810928344727,1.3398398160934448,-0.5577599406242371,2.856682538986206,-8.097519874572754,2.11348295211792,-2.483220100402832,-4.431661605834961,1436.0348088902886,0.26989468932151794,0.3416088819503784,0.2411794811487198,0.31908541917800903,0.3975381851196289,0.24863693118095398,0.2892707288265228,0.25569576025009155,0.4327142536640167,0.3557390868663788,0.28142184019088745,0.387595534324646
country.00084.wav,data/genres_original/country/country.00084.wav,-80.23639678955078,108.18648529052734,-23.827434539794922,52.601409912109375,-6.424083709716797,15.064197540283203,-17.635906219482422,9.739014625549316,-16.176488876342773,8.906124114990234,-15.964033126831055,8.001827239990234,-10.704085350036621,4.569238185882568,-4.960350036621094,3.996814727783203,-9.807706832885742,2.6804261207580566,-8.185659408569336,-5.239688873291016,1965.2766137464205,0.3410800099372864,0.27706602215766907,0.4412651062011719,0.2744830250740051,0.2926624119281769,0.22172531485557556,0.26487085223197937,0.4068867266178131,0.2823215425014496,0.3965283930301666,0.26374274492263794,0.3741477429866791
country.00085.wav,data/genres_original/country/country.00085.wav,-146.048828125,124.64810180664062,-17.922832489013672,49.22504425048828,-0.1794721782207489,22.78975486755371,-7.173454761505127,16.74798011779785,-9.723660469055176,15.444622039794922,-7.621328830718994,10.9087553024292,-3.455134391784668,5.4222636222839355,-4.935967922210693,5.12274169921875,-8.049168586730957,2.6350669860839844,-1.849801778793335,-3.417759418487549,1596.2209122528527,0.2253563404083252,0.30725687742233276,0.28550687432289124,0.33604565262794495,0.5213761329650879,0.3410698473453522,0.30465301871299744,0.21882034838199615,0.37224042415618896,0.5057223439216614,0.3081800937652588,0.329052209854126
country.00086.wav,data/genres_original/country/country.00086.wav,-122.42741394042969,111.48313903808594,-13.694293975830078,53.82841110229492,-2.677764892578125,19.677549362182617,-14.138922691345215,13.74367618560791,-14.016459465026855,14.626712799072266,-13.993216514587402,9.218205451965332,-10.559242248535156,3.0057260990142822,-8.31494140625,5.073638916015625,-9.646631240844727,4.321745872497559,-5.6819000244140625,-1.6688954830169678,1879.9377906980571,0.38913893699645996,0.3365221619606018,0.3981960415840149,0.41483813524246216,0.3574164807796478,0.446814626455307,0.32249200344085693,0.3358714282512665,0.2733774185180664,0.37093105912208557,0.46467581391334534,0.3523281216621399
country.00087.wav,data/genres_original/country/country.00087.wav,-170.9006805419922,124.81326293945312,-19.262189865112305,39.20719528198242,-3.7551028728485107,15.289894104003906,-12.972989082336426,8.53016185760498,-11.83366584777832,11.321367263793945,-13.773077964782715,3.102461099624634,-10.07878303527832,2.897003173828125,-5.484681606292725,2.5281550884246826,-9.198528289794922,1.0730355978012085,-3.572815418243408,-6.721493721008301,1589.6339834802307,0.3331688940525055,0.26487022638320923,0.3649671673774719,0.2731228470802307,0.37381142377853394,0.23617327213287354,0.27039939165115356,0.48070070147514343,0.3221990764141083,0.3547608554363251,0.28091663122177124,0.3861016035079956
country.00088.wav,data/genres_original/country/country.00088.wav,-121.94322967529297,123.23766326904297,-8.495368003845215,51.59637451171875,-0.10351177304983139,20.407001495361328,-11.875410079956055,16.275983810424805,-11.508766174316406,11.847224235534668,-8.08565616607666,9.130350112915039,-8.638806343078613,5.559068202972412,-5.714604377746582,3.9428207874298096,-5.466576099395752,4.975885391235352,-3.035578489303589,-3.316732883453369,1623.0094789002953,0.27207642793655396,0.3314756155014038,0.26022884249687195,0.3851607143878937,0.46274232864379883,0.3147691488265991,0.3570905327796936,0.2985338270664215,0.41971099376678467,0.4173600971698761,0.3419888913631439,0.38260936737060547
country.00089.wav,data/genres_original/country/country.00089.wav,-205.14923095703125,140.98760986328125,-8.957961082458496,36.979434967041016,6.4254469871521,14.875370025634766,-4.318114280700684,12.232442855834961,-11.431655883789062,11.850924491882324,-7.903379440307617,9.912307739257812,-2.3516478538513184,4.47726583480835,-5.011016368865967,3.138535737991333,-4.525134563446045,2.6503326892852783,-3.122873067855835,-10.712697982788086,1321.7303763628809,0.28979864716529846,0.3907008171081543,0.3500703275203705,0.24239179491996765,0.2949354350566864,0.2491278350353241,0.26476627588272095,0.21237768232822418,0.3576790988445282,0.5257365107536316,0.34390777349472046,0.34395983815193176
country.00090.wav,data/genres_original/country/country.00090.wav,-91.68523406982422,115.86116790771484,-30.20094871520996,52.27314758300781,-5.0251617431640625,16.95351219177246,-15.656585693359375,13.539403915405273,-12.762938499450684,15.969124794006348,-11.969893455505371,11.058926582336426,-9.96200180053711,2.095534563064575,-7.8270182609558105,5.033723831176758,-7.303042888641357,3.0504660606384277,-4.442381858825684,-2.2333920001983643,1927.4404450221414,0.29576629400253296,0.3374830186367035,0.24843011796474457,0.3982715308666229,0.48442745208740234,0.3638690114021301,0.49671095609664917,0.3345673084259033,0.41613906621932983,0.2745853364467621,0.3261309266090393,0.4779006838798523
country.00091.wav,data/genres_original/country/country.00091.wav,-193.78868103027344,125.56073760986328,-20.92411994934082,46.33799743652344,-2.6854281425476074,12.833364486694336,-6.601932048797607,10.727052688598633,-10.907480239868164,6.109270095825195,-9.442729949951172,5.163944721221924,-3.6584949493408203,0.32129472494125366,-8.018198013305664,0.3979208767414093,-6.523458480834961,1.183836817741394,0.7200218439102173,-5.2101521492004395,1563.4183306021262,0.3488733768463135,0.3001886308193207,0.3850906193256378,0.4756801426410675,0.32246166467666626,0.40201106667518616,0.30212920904159546,0.3598155081272125,0.3267327547073364,0.3132770359516144,0.39741775393486023,0.3064892888069153
country.00092.wav,data/genres_original/country/country.00092.wav,-50.776329040527344,96.71717834472656,-24.32611083984375,66.07612609863281,-14.680635452270508,24.391263961791992,-21.01748275756836,12.469584465026855,-18.13181495666504,13.26716423034668,-12.802160263061523,9.798450469970703,-11.344079971313477,4.92364501953125,-7.846175670623779,5.739018440246582,-10.303218841552734,3.731097936630249,-3.238226890563965,0.381930410861969,2334.8728689120853,0.2711215317249298,0.2868371605873108,0.4721181392669678,0.40720507502555847,0.45137131214141846,0.26809585094451904,0.3683644235134125,0.5441292524337769,0.40210509300231934,0.37562161684036255,0.26931142807006836,0.33000507950782776
country.00093.wav,data/genres_original/country/country.00093.wav,-213.60235595703125,117.21269989013672,-21.871767044067383,45.65765380859375,-10.274455070495605,5.060311317443848,-11.910962104797363,5.56785249710083,-17.804630279541016,0.18699678778648376,-14.165855407714844,-1.1532596349716187,-10.306381225585938,-4.047062397003174,-6.634064197540283,-5.417386054992676,-9.716230392456055,-3.2029149532318115,-4.448394298553467,-9.152064323425293,1537.7642290059414,0.12034943699836731,0.20670479536056519,0.3272709548473358,0.20982715487480164,0.2502954602241516,0.18342730402946472,0.31962984800338745,0.38152894377708435,0.25892454385757446,0.35481902956962585,0.19254040718078613,0.20459215342998505
country.00094.wav,data/genres_original/country/country.00094.wav,-104.37175750732422,136.39382934570312,-20.940237045288086,52.86117172241211,2.025892496109009,20.427709579467773,-11.619363784790039,17.663799285888672,-15.735384941101074,11.049822807312012,-11.320433616638184,3.6714091300964355,-6.4964919090271,0.03770940378308296,-2.041166067123413,2.1937968730926514,-7.11223840713501,1.8450230360031128,1.6776931285858154,-1.4936918020248413,1474.927396796844,0.456886887550354,0.2829989492893219,0.2993488013744354,0.26371100544929504,0.35568472743034363,0.36626696586608887,0.3579150140285492,0.5967020988464355,0.40349557995796204,0.3815021812915802,0.26300349831581116,0.3737560212612152
country.00095.wav,data/genres_original/country/country.00095.wav,-124.8395767211914,127.38223266601562,-23.38180923461914,47.3604621887207,0.5631120800971985,15.991252899169922,-9.95418643951416,16.18013572692871,-16.729549407958984,6.785197734832764,-8.187068939208984,3.204984664916992,-1.5920383930206299,-2.1546223163604736,-3.5263731479644775,2.207129716873169,-1.4075696468353271,-1.689278483390808,-1.0261391401290894,-2.6274638175964355,1555.9530444453296,0.2727636396884918,0.2662457525730133,0.45470455288887024,0.3458337187767029,0.33625346422195435,0.3944743871688843,0.28711366653442383,0.3828699588775635,0.2581856846809387,0.3722437918186188,0.33290520310401917,0.2404600977897644
country.00096.wav,data/genres_original/country/country.00096.wav,-69.88548278808594,124.21147155761719,-32.47019577026367,47.69470977783203,1.398379921913147,22.617671966552734,-8.75429630279541,21.443510055541992,-15.665969848632812,15.743200302124023,-12.42722225189209,9.581969261169434,-9.056124687194824,2.890331745147705,-3.196429967880249,5.830154895782471,-5.616021156311035,4.165293216705322,0.12036123126745224,-1.713439702987671,1754.1360136048195,0.24956487119197845,0.28991276025772095,0.5823785066604614,0.2524244487285614,0.21662244200706482,0.18787027895450592,0.36404311656951904,0.5042922496795654,0.2816547155380249,0.39392563700675964,0.24260982871055603,0.3432947099208832
country.00097.wav,data/genres_original/country/country.00097.wav,-148.44178771972656,126.85914611816406,-19.540855407714844,52.850608825683594,8.579710960388184,17.89101791381836,-8.081843376159668,17.78145980834961,-15.505313873291016,13.504546165466309,-10.957893371582031,9.47634220123291,-1.924604058265686,1.8717721700668335,-2.6636998653411865,3.380279302597046,-3.5191009044647217,2.1003568172454834,2.0882503986358643,-0.10796287655830383,1560.8796813263727,0.3550005257129669,0.27416712045669556,0.34448713064193726,0.2676202058792114,0.2956271767616272,0.4791979193687439,0.327870637178421,0.39832618832588196,0.3695492148399353,0.4457497000694275,0.34831735491752625,0.2700808346271515
country.00098.wav,data/genres_original/country/country.00098.wav,-139.62306213378906,128.7935333251953,-20.249359130859375,49.44361114501953,-2.1603596210479736,16.98802375793457,-8.355295181274414,9.8182954788208,-20.150693893432617,2.5017833709716797,-11.247767448425293,3.76603627204895,-6.424686908721924,-3.3514204025268555,-2.895394802093506,1.976312279701233,-4.182941436767578,1.3833520412445068,2.4402029514312744,-3.6237294673919678,1425.2635079969477,0.3236798048019409,0.18547020852565765,0.24020491540431976,0.18311335146427155,0.3011839687824249,0.32276833057403564,0.25847795605659485,0.4363713264465332,0.23537488281726837,0.26238176226615906,0.17992675304412842,0.3219713270664215
country.00099.wav,data/genres_original/country/country.00099.wav,-42.16572189331055,106.27835083007812,-24.220884323120117,44.671470642089844,-12.335060119628906,20.518545150756836,-16.044443130493164,18.488561630249023,-18.781009674072266,15.510899543762207,-15.464725494384766,8.930742263793945,-9.987847328186035,6.924535751342773,-8.796883583068848,4.5718278884887695,-9.043403625488281,1.0606863498687744,-6.4489336013793945,-0.991377055644989,2157.2057766804382,0.32071298360824585,0.4431329369544983,0.32231956720352173,0.3350710868835449,0.31806859374046326,0.42882177233695984,0.6389221549034119,0.3550823926925659,0.33893924951553345,0.2976546883583069,0.34263747930526733,0.4307587742805481
disco.00000.wav,data/genres_original/disco/disco.00000.wav,-111.17790985107422,94.03521728515625,12.515315055847168,16.74026107788086,8.18167781829834,15.667253494262695,-1.3758587837219238,7.039429664611816,0.9736095666885376,-1.4805396795272827,-3.069302558898926,-5.0681891441345215,-3.6841273307800293,0.23450812697410583,-2.0857088565826416,-1.8237210512161255,-5.340756893157959,1.2517449855804443,-5.591701507568359,-3.628164291381836,2297.0855298395068,0.317711740732193,0.3926256597042084,0.5103671550750732,0.4343743622303009,0.4930369257926941,0.48159101605415344,0.5762194395065308,0.4789125323295593,0.42832309007644653,0.41171637177467346,0.36879536509513855,0.4567333161830902
disco.00001.wav,data/genres_original/disco/disco.00001.wav,-28.93470573425293,51.9717903137207,-7.610495090484619,21.605566024780273,8.128360748291016,18.120981216430664,6.875497341156006,6.584002494812012,0.7281346321105957,11.1476469039917,-1.8413450717926025,1.6686252355575562,-2.626640558242798,-1.3988687992095947,-3.620312213897705,0.19592615962028503,-0.5023108124732971,2.4920971393585205,-3.476496696472168,-0.1297973245382309,3290.4921281244474,0.40078607201576233,0.3222646117210388,0.35982367396354675,0.4585120975971222,0.5937227606773376,0.4155083894729614,0.3546091318130493,0.38139840960502625,0.4312869906425476,0.4715276062488556,0.327091246843338,0.42587658762931824
disco.00002.wav,data/genres_original/disco/disco.00002.wav,-53.18524932861328,57.178466796875,21.16888427734375,11.32446575164795,18.12236213684082,1.6665678024291992,0.343816339969635,2.3196001052856445,-5.109741687774658,2.749939441680908,3.1528797149658203,-5.519138813018799,-3.1672284603118896,-0.5232684016227722,-2.6500191688537598,-1.9904131889343262,-1.2388088703155518,-3.371039390563965,-3.730813503265381,-1.440451979637146,3591.73383244625,0.3196161091327667,0.3119993507862091,0.37137848138809204,0.3714104890823364,0.5160928964614868,0.5069992542266846,0.5736419558525085,0.43112796545028687,0.3644232749938965,0.4436972439289093,0.3352171778678894,0.39714065194129944
disco.00003.wav,data/genres_original/disco/disco.00003.wav,-44.23430252075195,52.21941375732422,3.3025827407836914,43.80800247192383,12.616857528686523,24.42209815979004,4.970884323120117,15.334080696105957,2.0627646446228027,10.375375747680664,-1.5161041021347046,8.840580940246582,0.42485901713371277,4.697436332702637,-1.78482985496521,2.953739881515503,-2.019472599029541,-3.388282537460327,-4.194432258605957,-0.4216860830783844,3048.5690425083776,0.6620763540267944,0.45901769399642944,0.357286661863327,0.39380547404289246,0.40625622868537903,0.4287315011024475,0.3510917127132416,0.485268235206604,0.48363813757896423,0.6118593811988831,0.6933462619781494,0.6055483222007751
disco.00004.wav,data/genres_original/disco/disco.00004.wav,-83.58350372314453,64.47946166992188,5.655918121337891,2.701164960861206,0.7903158664703369,6.170802593231201,1.8922690153121948,1.9798595905303955,-1.816444993019104,1.857466459274292,2.459876775741577,-0.2279338836669922,2.955510377883911,-3.3824586868286133,-0.8796457648277283,0.04498560354113579,-1.5710961818695068,0.5579813122749329,0.30237284302711487,-2.7803592681884766,3328.830808812161,0.2964767813682556,0.3477014899253845,0.28332027792930603,0.3725786507129669,0.4299924373626709,0.32134339213371277,0.4173685908317566,0.3200801908969879,0.45330891013145447,0.41638076305389404,0.3897209167480469,0.5374495387077332
disco.00005.wav,data/genres_original/disco/disco.00005.wav,-24.691768646240234,73.74320220947266,-11.5584716796875,28.3942928314209,6.2409563064575195,2.4656219482421875,8.634088516235352,12.30910873413086,-4.102859020233154,13.385868072509766,1.9154305458068848,-0.9733683466911316,0.6083648204803467,2.3642091751098633,-3.7914464473724365,-0.9334679841995239,-0.885628342628479,-3.499582290649414,-0.9706035256385803,0.11684972792863846,2722.0804866206827,0.4573880136013031,0.37007322907447815,0.4556814432144165,0.388662189245224,0.49963483214378357,0.40337714552879333,0.37892788648605347,0.55491703748703,0.48633813858032227,0.5392054915428162,0.3961843252182007,0.46093153953552246
disco.00006.wav,data/genres_original/disco/disco.00006.wav,-14.574397087097168,65.21034240722656,-19.872638702392578,31.508333206176758,-4.826449871063232,11.862320899963379,9.994610786437988,5.957391262054443,-3.8033699989318848,9.377888679504395,-4.387916088104248,3.339540958404541,-4.444170951843262,-1.2671180963516235,-0.8362671732902527,-2.2020668983459473,-4.7423996925354,-2.6242146492004395,-7.46933126449585,0.2292221188545227,2848.2245207476594,0.4510386884212494,0.48132428526878357,0.3970595896244049,0.5355883240699768,0.4867514371871948,0.33870232105255127,0.42649778723716736,0.5258799195289612,0.6559699773788452,0.4179198443889618,0.45397570729255676,0.5171439051628113
disco.00007.wav,data/genres_original/disco/disco.00007.wav,-53.4480094909668,56.161033630371094,-6.320987701416016,31.61905860900879,4.653374671936035,16.347414016723633,4.119816780090332,1.8823283910751343,-0.38823866844177246,2.4959323406219482,-0.5415108799934387,0.9562786221504211,0.49564826488494873,-0.16682091355323792,-1.8157804012298584,-2.5324878692626953,0.8160483241081238,-0.3422204256057739,0.5600920915603638,2.785067558288574,3099.1841465490747,0.4333389699459076,0.483173668384552,0.35673677921295166,0.3403274416923523,0.44492676854133606,0.41432464122772217,0.41831496357917786,0.35520654916763306,0.47262629866600037,0.5628279447555542,0.4193960428237915,0.4775960445404053
disco.00008.wav,data/genres_original/disco/disco.00008.wav,-32.4671745300293,65.0010757446289,-26.697559356689453,30.28253746032715,5.743129253387451,11.739748001098633,-2.158412456512451,10.449981689453125,-2.361821174621582,5.323516368865967,-3.8081305027008057,-0.8611962199211121,-0.18782520294189453,3.4654250144958496,-3.0110604763031006,0.43562254309654236,-0.9314215183258057,1.1783150434494019,0.006235459353774786,2.858708381652832,2802.541418287883,0.4225410521030426,0.5016008019447327,0.39938884973526,0.44684258103370667,0.3832629323005676,0.5177702307701111,0.491615891456604,0.41731348633766174,0.5798384547233582,0.4587620496749878,0.45281943678855896,0.39233946800231934
disco.00009.wav,data/genres_original/disco/disco.00009.wav,-68.97056579589844,63.13104248046875,-15.85486125946045,28.0021915435791,8.183475494384766,7.321166515350342,-4.936118125915527,9.494793891906738,-0.9736148715019226,-1.603598713874817,-6.19012975692749,-3.936753273010254,-1.1710127592086792,-6.543671131134033,-6.177692890167236,-5.045213222503662,-4.406833648681641,-5.375081539154053,-1.6540106534957886,-0.8894558548927307,3016.630571985955,0.5567885637283325,0.48003309965133667,0.5719575881958008,0.49320435523986816,0.3802413046360016,0.5341897010803223,0.3870432674884796,0.386025995016098,0.2899268567562103,0.30293914675712585,0.4445098340511322,0.47899121046066284
disco.00010.wav,data/genres_original/disco/disco.00010.wav,-6.7841386795043945,61.1263313293457,-16.656654357910156,27.43199348449707,7.72236442565918,16.008893966674805,4.634706497192383,11.449501037597656,0.336292028427124,9.83217716217041,3.185621976852417,5.025588512420654,-1.862208366394043,1.4820431470870972,0.9412413835525513,-0.4382249116897583,-0.73170006275177,4.444671630859375,-1.844805121421814,-0.6028676629066467,2877.646855543141,0.43994277715682983,0.4550085961818695,0.39158138632774353,0.468740314245224,0.4246522784233093,0.5012540817260742,0.3924284279346466,0.3825237452983856,0.49884331226348877,0.4206946790218353,0.48948386311531067,0.3855339586734772
disco.00011.wav,data/genres_original/disco/disco.00011.wav,-41.32794952392578,62.79434585571289,7.325328350067139,12.125494956970215,6.356637477874756,9.265048027038574,3.093090534210205,13.867353439331055,0.1636040210723877,8.06710147857666,-2.6970012187957764,-7.219518184661865,-3.245378255844116,-1.9231244325637817,0.5200374126434326,-3.1877126693725586,-5.54701566696167,-9.166518211364746,-10.670772552490234,-5.972923755645752,3132.849239309041,0.3549961447715759,0.2670240104198456,0.26480597257614136,0.2873532176017761,0.3311002254486084,0.2604038417339325,0.27304089069366455,0.45629626512527466,0.47129708528518677,0.6159603595733643,0.4860943853855133,0.4156360328197479
disco.00012.wav,data/genres_original/disco/disco.00012.wav,-57.669273376464844,68.38035583496094,-15.251753807067871,23.41411590576172,14.855438232421875,13.172663688659668,2.1979191303253174,12.811308860778809,0.06121467053890228,12.777957916259766,0.03940572962164879,3.369821548461914,0.8151105046272278,1.0514907836914062,0.5454104542732239,2.9783315658569336,2.9126882553100586,4.0227370262146,0.5252391695976257,1.9603632688522339,2739.0755703377026,0.549065113067627,0.42336738109588623,0.37392354011535645,0.34937557578086853,0.4121292531490326,0.34279754757881165,0.3423518240451813,0.4814106822013855,0.46265101432800293,0.523391842842102,0.42847543954849243,0.45661330223083496
disco.00013.wav,data/genres_original/disco/disco.00013.wav,-40.0704345703125,56.209110260009766,23.67975425720215,31.925451278686523,2.4516677856445312,2.5737197399139404,-2.4787797927856445,3.0920588970184326,1.8828638792037964,3.350966215133667,0.00014276179717853665,-1.5209646224975586,-2.4554948806762695,-5.073821067810059,-3.6762688159942627,-7.849821090698242,-3.038609266281128,-2.783916711807251,-7.496366024017334,-3.6325724124908447,3391.8321168993366,0.2684252858161926,0.3110887408256531,0.3853693902492523,0.4173413813114166,0.5816738605499268,0.49486956000328064,0.47304490208625793,0.4808192253112793,0.4437539279460907,0.4585888683795929,0.3592444658279419,0.38168296217918396
disco.00014.wav,data/genres_original/disco/disco.00014.wav,-23.92766571044922,61.22075653076172,-0.9586992263793945,25.33101463317871,0.3942347764968872,6.030254364013672,2.489081859588623,6.189192295074463,-0.32926690578460693,9.69687557220459,-5.507835388183594,1.0618183612823486,-2.436965227127075,-0.5666199922561646,-1.556718349456787,-0.8967289924621582,-6.733776569366455,-3.710993528366089,-4.460508346557617,-0.7739850878715515,3087.483970853388,0.5521474480628967,0.32815849781036377,0.2911868691444397,0.3804513216018677,0.41945192217826843,0.6166234016418457,0.4280034601688385,0.41209861636161804,0.4307481050491333,0.4084431231021881,0.5546967387199402,0.4125521183013916
disco.00015.wav,data/genres_original/disco/disco.00015.wav,-46.826419830322266,103.72579956054688,22.14641571044922,9.23317813873291,2.2635014057159424,-4.791667938232422,4.809458255767822,0.9585233330726624,-9.410542488098145,-1.0655137300491333,-0.8630864024162292,-5.274380207061768,-1.7578696012496948,-3.6494386196136475,-4.3126373291015625,-0.08632922172546387,-2.501692771911621,0.5423790216445923,2.518467903137207,-3.5447371006011963,2361.735960891677,0.3926328420639038,0.3217516541481018,0.46526631712913513,0.3905995786190033,0.5191746950149536,0.3970898687839508,0.45181646943092346,0.4782741367816925,0.2985859215259552,0.44613412022590637,0.3136076033115387,0.5007898807525635
disco.00016.wav,data/genres_original/disco/disco.00016.wav,-36.030982971191406,83.65930938720703,-2.7294116020202637,32.392513275146484,9.196342468261719,4.13421630859375,0.03383917734026909,11.114395141601562,-2.8908205032348633,7.905869007110596,0.6144370436668396,3.6502342224121094,3.7515382766723633,4.070797920227051,-3.3186333179473877,0.0988803282380104,-3.843195915222168,-0.5068444609642029,-3.4149014949798584,-0.7712104916572571,2522.8702609517236,0.45528966188430786,0.5078770518302917,0.45548057556152344,0.4513836205005646,0.5272886157035828,0.40566474199295044,0.41065743565559387,0.33931905031204224,0.33447593450546265,0.43390899896621704,0.41866534948349,0.47481292486190796
disco.00017.wav,data/genres_original/disco/disco.00017.wav,-98.15685272216797,92.40119171142578,2.6636736392974854,19.3378963470459,3.5860509872436523,-1.7657077312469482,-1.7049834728240967,-3.171442747116089,-9.092040061950684,-4.0804572105407715,-5.185576915740967,-5.487850189208984,-4.233516693115234,-3.7713589668273926,-1.7159790992736816,-5.584648132324219,-4.687199115753174,-2.7077784538269043,-1.8423917293548584,-3.0930302143096924,2564.6775896822555,0.4866544306278229,0.36136963963508606,0.5287780165672302,0.43136167526245117,0.38047558069229126,0.43285655975341797,0.3746722340583801,0.5203524231910706,0.2694105803966522,0.28423163294792175,0.44647008180618286,0.33975037932395935
disco.00018.wav,data/genres_original/disco/disco.00018.wav,-73.15040588378906,71.75239562988281,12.095571517944336,1.3943438529968262,4.529426574707031,10.863226890563965,3.8709232807159424,0.9386609792709351,-5.979772090911865,9.034468650817871,-2.3677687644958496,3.5552127361297607,-0.14263981580734253,3.1092381477355957,-0.07392049580812454,0.36490580439567566,1.0845680236816406,1.5209070444107056,2.304687261581421,1.9287058115005493,3043.380831699277,0.3617834150791168,0.43799757957458496,0.2967345416545868,0.34031397104263306,0.2975943386554718,0.2812511920928955,0.4087364673614502,0.36493587493896484,0.49123328924179077,0.32736295461654663,0.3846244215965271,0.44794395565986633
disco.00019.wav,data/genres_original/disco/disco.00019.wav,-95.10371398925781,109.3531723022461,-30.16118049621582,16.358657836914062,20.03973388671875,11.96281623840332,3.4855306148529053,6.173969268798828,5.200182914733887,8.620757102966309,0.3425964117050171,0.38362711668014526,0.5362716913223267,-1.8029801845550537,0.9774778485298157,-0.06397859007120132,-3.6734533309936523,-2.1387338638305664,-3.651817560195923,-4.40777587890625,2117.5507614054177,0.36902105808258057,0.37296780943870544,0.5337149500846863,0.5034885406494141,0.44065478444099426,0.4748719036579132,0.36040329933166504,0.4375420808792114,0.38484686613082886,0.5146554708480835,0.5763266682624817,0.3708333969116211
disco.00020.wav,data/genres_original/disco/disco.00020.wav,-103.96162414550781,105.80915069580078,-14.325733184814453,36.738468170166016,-10.348668098449707,16.810850143432617,-6.82280969619751,8.140344619750977,-4.461959362030029,0.9882637858390808,-10.006155967712402,0.3835429847240448,-1.7078524827957153,2.965632200241089,-0.8947298526763916,-3.0466809272766113,-4.439488887786865,-6.513694763183594,-8.457304954528809,-2.7770848274230957,2117.828754709546,0.3423684239387512,0.34181085228919983,0.3224009573459625,0.41212859749794006,0.29366299510002136,0.247630774974823,0.34731537103652954,0.24552425742149353,0.2859821021556854,0.29709020256996155,0.4128381609916687,0.5637730956077576
disco.00021.wav,data/genres_original/disco/disco.00021.wav,-115.13256072998047,70.42538452148438,31.242795944213867,11.176328659057617,13.064189910888672,3.8674585819244385,1.8087031841278076,4.9707112312316895,-1.0388264656066895,3.926027774810791,-1.2926350831985474,-0.6884157657623291,-1.0751352310180664,-0.1414526104927063,-2.1613640785217285,-2.31705904006958,-6.391728401184082,-5.313370704650879,-4.997711181640625,-3.852228879928589,3248.532892801311,0.745841383934021,0.5255285501480103,0.3928939402103424,0.33277571201324463,0.28591227531433105,0.22925978899002075,0.23881323635578156,0.4118410050868988,0.35533758997917175,0.35691842436790466,0.43044528365135193,0.5082926154136658
disco.00022.wav,data/genres_original/disco/disco.00022.wav,-71.94239807128906,46.88916015625,21.026214599609375,29.950960159301758,9.497893333435059,2.4052786827087402,8.244612693786621,2.5142548084259033,-2.1629693508148193,0.4397125244140625,-0.23318736255168915,-1.5565152168273926,-3.6136653423309326,-3.817497730255127,-5.289668560028076,-2.9235541820526123,-2.9003372192382812,-1.7993289232254028,-0.7156234383583069,-0.9882604479789734,3707.487312505618,0.3408399522304535,0.36177247762680054,0.46624869108200073,0.4411680996417999,0.5043238401412964,0.47552254796028137,0.5736644268035889,0.43937191367149353,0.31560736894607544,0.4676750898361206,0.4281008839607239,0.41003262996673584
disco.00023.wav,data/genres_original/disco/disco.00023.wav,-32.17341232299805,60.033607482910156,3.3775675296783447,18.96906852722168,4.3263349533081055,0.6811349987983704,-2.0263912677764893,1.3316943645477295,-4.646989822387695,3.789341688156128,-6.734154224395752,-4.892331123352051,-2.343729257583618,-1.6774992942810059,-3.4933831691741943,-2.6775057315826416,1.006887435913086,4.012040138244629,4.702273845672607,5.85440731048584,3167.808308145324,0.4542120099067688,0.37328773736953735,0.39862409234046936,0.45108267664909363,0.3899964988231659,0.4731235206127167,0.4578346312046051,0.5330156683921814,0.46824178099632263,0.4108019769191742,0.4312615990638733,0.381675124168396
disco.00024.wav,data/genres_original/disco/disco.00024.wav,-69.59933471679688,83.0595703125,-16.599525451660156,0.11946937441825867,7.415704250335693,0.7696190476417542,1.337007999420166,4.690686225891113,-1.420871615409851,3.3284733295440674,-2.8755645751953125,-8.202937126159668,-5.765528202056885,-0.266381174325943,-3.210432529449463,-1.8850927352905273,4.043784141540527,3.654379367828369,1.9138739109039307,3.6086924076080322,2625.095043461179,0.2866545617580414,0.3698578476905823,0.2740750312805176,0.3716162145137787,0.310957670211792,0.48693591356277466,0.5516695380210876,0.37524664402008057,0.5085874199867249,0.28268200159072876,0.37579524517059326,0.277180016040802
disco.00025.wav,data/genres_original/disco/disco.00025.wav,-124.19868469238281,90.169677734375,-11.31260871887207,10.940361976623535,-1.1521437168121338,-3.7543976306915283,-0.853047251701355,-3.840254068374634,-3.708951473236084,-0.2670248746871948,-5.823246002197266,-3.430600881576538,-4.625741481781006,-4.559666156768799,-5.487039566040039,-5.199042797088623,-4.608679294586182,-1.8111320734024048,-1.3179177045822144,-1.9561291933059692,2410.0020281305497,0.5335789918899536,0.49466782808303833,0.3439455032348633,0.2575514018535614,0.2521325945854187,0.42769867181777954,0.33041149377822876,0.37279585003852844,0.3772837817668915,0.27984294295310974,0.3221457898616791,0.305026650428772
disco.00026.wav,data/genres_original/disco/disco.00026.wav,-68.09459686279297,66.36573028564453,11.869311332702637,21.982040405273438,9.769292831420898,6.6966753005981445,1.6115299463272095,3.8194947242736816,0.9587366580963135,4.773914337158203,-4.204498291015625,-0.05883118137717247,-1.2347756624221802,0.07779582589864731,-1.1298578977584839,-2.0621068477630615,2.5659894943237305,1.3888540267944336,2.179492473602295,2.2477426528930664,3042.993183926036,0.341667115688324,0.33522742986679077,0.4593113660812378,0.3648133873939514,0.4273991882801056,0.508998453617096,0.43045464158058167,0.5167151093482971,0.3717802166938782,0.3895100951194763,0.3744409680366516,0.2949276864528656
disco.00027.wav,data/genres_original/disco/disco.00027.wav,-155.6373291015625,60.568504333496094,23.1668643951416,31.186351776123047,25.054384231567383,16.906993865966797,9.438360214233398,8.449132919311523,5.317451000213623,6.556657791137695,5.762754917144775,3.9231863021850586,7.55971622467041,2.156522035598755,4.4279866218566895,4.345290660858154,-0.023135673254728317,0.8937064409255981,-0.4949650168418884,-4.784368515014648,2909.983968555962,0.44453164935112,0.422990083694458,0.4481782615184784,0.45016780495643616,0.5211662650108337,0.5123023986816406,0.4537975788116455,0.4550727903842926,0.4907171428203583,0.5588646531105042,0.5521586537361145,0.5141850709915161
disco.00028.wav,data/genres_original/disco/disco.00028.wav,-20.481245040893555,53.708106994628906,5.945927143096924,10.153069496154785,17.05716323852539,9.541378021240234,4.611902713775635,6.3989410400390625,-0.3333010971546173,1.7238894701004028,3.6845271587371826,-0.774631917476654,-5.887972831726074,2.321910858154297,0.3689120411872864,2.7516133785247803,-0.5318567752838135,-1.2027637958526611,0.24694538116455078,-1.275789499282837,3713.366946149792,0.4188724756240845,0.4984189569950104,0.6143240928649902,0.5234376788139343,0.45300206542015076,0.46475234627723694,0.45601341128349304,0.5768569707870483,0.47638970613479614,0.45103803277015686,0.4742530882358551,0.3886588513851166
disco.00029.wav,data/genres_original/disco/disco.00029.wav,-59.00656509399414,68.8701171875,-8.457221984863281,3.5900609493255615,5.0725226402282715,3.284627914428711,13.525486946105957,-1.36927330493927,1.6712125539779663,3.7126450538635254,-3.7159910202026367,-0.31718870997428894,-2.835763692855835,-8.801012992858887,-4.492696285247803,-6.412872791290283,0.45433881878852844,-2.2726714611053467,2.97929048538208,-0.01886850781738758,3075.059149844922,0.3111954629421234,0.3678976893424988,0.3528892993927002,0.3996891379356384,0.4882003664970398,0.44151413440704346,0.472618967294693,0.4307507872581482,0.4185088574886322,0.31451284885406494,0.294279545545578,0.316825807094574
disco.00030.wav,data/genres_original/disco/disco.00030.wav,-40.72924041748047,63.94740295410156,4.904890060424805,16.340808868408203,12.100068092346191,9.339081764221191,4.540617942810059,5.189632892608643,-0.5894374847412109,-0.06985204666852951,2.9546146392822266,-1.4821672439575195,-1.759872555732727,-2.266660451889038,-6.125470161437988,-4.72478723526001,-4.742950916290283,-5.76399564743042,-4.029355049133301,-5.362603187561035,3168.1112406928287,0.4936295747756958,0.42305120825767517,0.49463868141174316,0.4713420569896698,0.47036194801330566,0.3419257402420044,0.3577251434326172,0.42272406816482544,0.4362061321735382,0.5152310729026794,0.4359828233718872,0.5408594012260437
disco.00031.wav,data/genres_original/disco/disco.00031.wav,-66.56880950927734,58.31062698364258,-8.17902660369873,15.493416786193848,5.575189113616943,7.697162628173828,4.071543216705322,-3.583530902862549,-1.321885108947754,1.608825922012329,-5.4825334548950195,-3.7345499992370605,-3.239858627319336,-1.3290435075759888,-3.4326331615448,-1.1864657402038574,-4.382923126220703,-3.656522035598755,-2.090622663497925,-0.30984750390052795,3257.126964639291,0.3535933494567871,0.41014841198921204,0.46120530366897583,0.3191368281841278,0.3753167390823364,0.32037413120269775,0.5029468536376953,0.5410189032554626,0.4234648048877716,0.450516939163208,0.3612902760505676,0.48709407448768616
disco.00032.wav,data/genres_original/disco/disco.00032.wav,-123.20343780517578,86.96167755126953,-22.495187759399414,6.931238651275635,8.458765983581543,12.637701988220215,-0.8590044379234314,-0.832371175289154,-3.2620913982391357,2.6230344772338867,-0.7835580706596375,-0.4259603023529053,-3.829258441925049,-5.653187274932861,-1.8435529470443726,0.12274651974439621,-1.0618994235992432,4.50008487701416,-0.9746714234352112,-5.260677814483643,2447.5053952029866,0.3797210454940796,0.29433849453926086,0.39240869879722595,0.3573650121688843,0.46789512038230896,0.43418553471565247,0.30322563648223877,0.3218016028404236,0.3766421973705292,0.5944007635116577,0.24323385953903198,0.25723502039909363
disco.00033.wav,data/genres_original/disco/disco.00033.wav,-57.80061340332031,86.53878784179688,-11.776968002319336,38.776798248291016,2.375864028930664,8.829936981201172,-1.2931183576583862,9.917737007141113,-1.6644963026046753,9.836173057556152,3.0134122371673584,7.524686336517334,1.717929482460022,5.662630558013916,-0.7007107138633728,3.449606418609619,0.13334651291370392,-0.9558379650115967,-2.637058973312378,1.6531120538711548,2450.4078120136996,0.45876210927963257,0.290962815284729,0.33780112862586975,0.27626660466194153,0.4577174782752991,0.6384397745132446,0.3690526485443115,0.37858667969703674,0.34504884481430054,0.5001345872879028,0.3377363383769989,0.3122888207435608
disco.00034.wav,data/genres_original/disco/disco.00034.wav,-65.79325866699219,52.83180236816406,16.578832626342773,12.546980857849121,5.6043381690979,8.383381843566895,-0.6104742288589478,-0.6237840056419373,-4.082043170928955,0.686859130859375,-7.787458419799805,-1.8914623260498047,-7.249997615814209,-5.273299694061279,-3.0442163944244385,-4.339183807373047,-2.5437581539154053,0.7208260297775269,-0.309604287147522,2.936622142791748,3653.396938317012,0.2329758256673813,0.3737705945968628,0.5171019434928894,0.3783443570137024,0.3640669584274292,0.350395143032074,0.48758986592292786,0.3940427899360657,0.3074280619621277,0.3553540110588074,0.2365003377199173,0.2943475544452667
disco.00035.wav,data/genres_original/disco/disco.00035.wav,-51.813499450683594,55.66842269897461,11.396620750427246,7.4714860916137695,12.000198364257812,6.259165287017822,4.356969833374023,4.310426235198975,-5.940892696380615,0.5657939910888672,3.5993893146514893,-2.3887085914611816,-5.823011875152588,-4.526179313659668,-7.014692306518555,-4.256947994232178,-1.7328704595565796,-2.143815517425537,-2.490335702896118,-1.5405890941619873,3623.816329797985,0.2742934226989746,0.2913152873516083,0.3585223853588104,0.5783916115760803,0.4489305317401886,0.4528373181819916,0.44911429286003113,0.3761318027973175,0.39360275864601135,0.3770545423030853,0.5115119814872742,0.32024893164634705
disco.00036.wav,data/genres_original/disco/disco.00036.wav,-23.558340072631836,57.34353256225586,7.011987686157227,16.52512550354004,5.500359535217285,11.85977840423584,1.674933910369873,5.46185827255249,2.7552294731140137,7.339151382446289,1.9634922742843628,1.2612277269363403,-2.3459415435791016,-2.319746255874634,0.10894826054573059,-0.14546090364456177,2.2749884128570557,1.580436110496521,-1.8456300497055054,-2.442918300628662,3348.2009991791724,0.5260406136512756,0.40989893674850464,0.44934454560279846,0.3254631757736206,0.4001607894897461,0.4943884015083313,0.3749784827232361,0.5293848514556885,0.4244915843009949,0.5328263640403748,0.36464059352874756,0.38587406277656555
disco.00037.wav,data/genres_original/disco/disco.00037.wav,-26.568246841430664,52.047874450683594,4.177975177764893,12.859308242797852,16.740140914916992,10.133736610412598,4.475160598754883,6.326910972595215,1.1580268144607544,0.6461885571479797,4.612163543701172,2.1431963443756104,-3.3678746223449707,1.6292799711227417,-1.8801039457321167,-1.0871793031692505,-0.6725210547447205,2.3821051120758057,4.165998458862305,2.8615503311157227,3637.551798162976,0.3986499309539795,0.5024959444999695,0.41676098108291626,0.41670355200767517,0.45239564776420593,0.5758225917816162,0.7403257489204407,0.5115296840667725,0.4020744264125824,0.3452611267566681,0.39580440521240234,0.297159343957901
disco.00038.wav,data/genres_original/disco/disco.00038.wav,-77.395751953125,52.15557861328125,-8.997961044311523,12.852357864379883,8.56609058380127,2.8920133113861084,8.930744171142578,4.013753414154053,-7.34464168548584,-2.2605180740356445,0.9621685147285461,-1.0486536026000977,-3.7624762058258057,-3.532067060470581,-2.4292211532592773,-4.8809990882873535,-1.8485127687454224,-4.170673847198486,-1.6632474660873413,3.5087451934814453,3354.360372505759,0.39995577931404114,0.3339763581752777,0.3744497001171112,0.33614811301231384,0.41566532850265503,0.4851372241973877,0.4018200933933258,0.44785240292549133,0.3620878756046295,0.3023070991039276,0.282159686088562,0.30706000328063965
disco.00039.wav,data/genres_original/disco/disco.00039.wav,-107.36451721191406,91.02146911621094,-8.338967323303223,34.28446578979492,-1.9262824058532715,3.796600580215454,10.53145694732666,5.561392307281494,6.944075107574463,4.777405738830566,0.6849833726882935,-3.8546648025512695,-2.5791146755218506,-0.9039822220802307,7.024838924407959,3.783252239227295,3.3438799381256104,5.20635986328125,2.8768696784973145,3.1789965629577637,2328.7358232995766,0.242279052734375,0.19367767870426178,0.3392614424228668,0.29228177666664124,0.44166672229766846,0.2701522409915924,0.33380141854286194,0.5244488716125488,0.33937016129493713,0.49033260345458984,0.23663930594921112,0.3877998888492584
disco.00040.wav,data/genres_original/disco/disco.00040.wav,-78.35118865966797,80.07461547851562,-9.167376518249512,25.477054595947266,-3.3905441761016846,16.80940055847168,7.270706653594971,1.8186620473861694,0.49557408690452576,6.320318698883057,1.493897795677185,2.163630247116089,0.6581049561500549,-3.382021903991699,-0.9110810160636902,2.9360857009887695,-0.6341332197189331,5.876523971557617,1.8965187072753906,-0.6130138635635376,2605.158778871083,0.34768667817115784,0.3583509027957916,0.5210351943969727,0.3962076008319855,0.4370630085468292,0.5612673163414001,0.4873042106628418,0.5964305996894836,0.3762875497341156,0.3396431505680084,0.3402445614337921,0.2891157269477844
disco.00041.wav,data/genres_original/disco/disco.00041.wav,-122.06816864013672,116.81796264648438,28.333023071289062,24.72945213317871,10.9462308883667,-1.8944624662399292,-1.4049607515335083,-0.9484211206436157,-3.5381524562835693,-2.6139369010925293,-1.1199347972869873,-4.180541038513184,-2.552187919616699,-3.766392946243286,-0.25579145550727844,3.2379720211029053,-5.764341354370117,0.7164779305458069,0.2736762464046478,-2.279430389404297,1776.3958801199312,0.2247316837310791,0.3641006052494049,0.42334890365600586,0.32952815294265747,0.41328689455986023,0.300616979598999,0.3656126856803894,0.32187315821647644,0.35583755373954773,0.5752294659614563,0.3124822676181793,0.2827901244163513
disco.00042.wav,data/genres_original/disco/disco.00042.wav,-62.30524444580078,92.05400848388672,-19.720611572265625,17.629364013671875,-3.1775431632995605,5.419750213623047,-4.000616550445557,8.885711669921875,-2.490158796310425,3.1609387397766113,-0.5298750996589661,-1.490691065788269,1.2983328104019165,0.9118191003799438,-1.5740801095962524,-5.3453288078308105,-1.3775160312652588,1.9313311576843262,0.5238893628120422,-3.3288657665252686,2403.9325975307147,0.38558429479599,0.33433470129966736,0.6358652710914612,0.3985264003276825,0.34563496708869934,0.25724872946739197,0.3249552249908447,0.5445912480354309,0.4055425822734833,0.38736996054649353,0.31984037160873413,0.3898735046386719
disco.00043.wav,data/genres_original/disco/disco.00043.wav,-62.78811264038086,77.84590148925781,3.535339593887329,26.012880325317383,5.932444095611572,11.292922973632812,11.104592323303223,-1.9596619606018066,1.8299741744995117,9.186841011047363,4.068377494812012,0.9767577052116394,5.618281841278076,0.6827659010887146,-0.13502204418182373,2.2042741775512695,-1.858315348625183,-6.820175647735596,-3.192486047744751,-3.537325143814087,2875.523793893122,0.5086374878883362,0.3527259826660156,0.4116556644439697,0.3624235987663269,0.4484825134277344,0.3765823245048523,0.3762173652648926,0.44589078426361084,0.44093430042266846,0.49831104278564453,0.41348177194595337,0.4086324870586395
disco.00044.wav,data/genres_original/disco/disco.00044.wav,-71.24205780029297,97.72146606445312,-18.355276107788086,8.578152656555176,5.20203971862793,-0.9389219284057617,0.4680155813694,1.6290963888168335,-4.7780914306640625,0.06490767747163773,-0.5487089157104492,-4.452000141143799,-5.314455986022949,-4.784991264343262,-4.604325294494629,-5.987757205963135,-2.9043707847595215,-3.4409501552581787,-2.567782163619995,-3.0350146293640137,2330.4341487066677,0.4220132827758789,0.28953656554222107,0.3221598267555237,0.5323076248168945,0.37988823652267456,0.4015408456325531,0.26127415895462036,0.4111432135105133,0.4490324854850769,0.2702142596244812,0.3655989468097687,0.29982438683509827
disco.00045.wav,data/genres_original/disco/disco.00045.wav,-81.29733276367188,106.4761962890625,-9.534993171691895,17.970006942749023,3.011077404022217,8.301613807678223,3.8938751220703125,4.249102592468262,-3.739396810531616,-2.078543186187744,-2.2060985565185547,-4.587527751922607,-1.1600444316864014,-1.8838691711425781,-0.22667758166790009,-1.036716103553772,-3.286886692047119,-1.873979926109314,-0.7098232507705688,-0.5524986386299133,2248.158016320912,0.5152422189712524,0.3721466362476349,0.5361577272415161,0.3953126072883606,0.3183813989162445,0.4061761200428009,0.35593920946121216,0.51207435131073,0.31458911299705505,0.2779584527015686,0.47786617279052734,0.4069913923740387
disco.00046.wav,data/genres_original/disco/disco.00046.wav,-125.69446563720703,101.7862777709961,-17.488693237304688,33.677490234375,-15.244755744934082,23.698762893676758,-8.658019065856934,18.546083450317383,-14.059919357299805,19.96295738220215,-15.148181915283203,12.97559928894043,-14.307976722717285,3.0331664085388184,-7.098708629608154,1.6164042949676514,-3.905430555343628,5.386056423187256,0.9615930914878845,2.6921417713165283,2259.667499272963,0.31692609190940857,0.3359413146972656,0.4865480363368988,0.36314305663108826,0.31282493472099304,0.408694326877594,0.4062972068786621,0.6065250039100647,0.38845667243003845,0.31885841488838196,0.3003106713294983,0.27130958437919617
disco.00047.wav,data/genres_original/disco/disco.00047.wav,-280.9081115722656,120.81539916992188,-37.61225509643555,28.736146926879883,-10.78944206237793,-6.406522274017334,-13.80861759185791,-4.062509059906006,-14.859973907470703,4.791966438293457,-20.174320220947266,-5.0939507484436035,-6.792037010192871,-6.409427642822266,-1.7583930492401123,-4.126148223876953,3.4049899578094482,4.251873970031738,1.0147888660430908,-1.1414523124694824,1710.8442048759703,0.23503035306930542,0.1530277281999588,0.18411757051944733,0.157331645488739,0.23752570152282715,0.2282659262418747,0.215479776263237,0.33573031425476074,0.24113202095031738,0.29430994391441345,0.17731432616710663,0.18251362442970276
disco.00048.wav,data/genres_original/disco/disco.00048.wav,-105.02068328857422,80.22213745117188,-41.11157989501953,54.025760650634766,-8.379422187805176,25.72120475769043,-12.471841812133789,28.713754653930664,-15.008991241455078,15.610892295837402,-7.617062568664551,12.414464950561523,-7.368524074554443,5.769286155700684,-9.625082015991211,3.9907066822052,-7.352028846740723,3.4371159076690674,-3.5141046047210693,-2.907331943511963,2616.176846102278,0.3539772033691406,0.33416685461997986,0.5216591358184814,0.5455853343009949,0.562315046787262,0.47979840636253357,0.41284799575805664,0.3145146369934082,0.26528292894363403,0.343562513589859,0.3542858064174652,0.42809411883354187
disco.00049.wav,data/genres_original/disco/disco.00049.wav,-45.13199996948242,98.67164611816406,-24.66842269897461,40.512596130371094,-18.104604721069336,26.11530113220215,-12.694839477539062,13.98850154876709,-15.421140670776367,16.179258346557617,-14.377715110778809,8.140355110168457,-11.939817428588867,5.377604961395264,-7.6865644454956055,3.684056282043457,-6.807863712310791,1.4850624799728394,-5.8072285652160645,-2.5007104873657227,2397.052524918614,0.43720880150794983,0.3664992153644562,0.3419862985610962,0.44601869583129883,0.35006991028785706,0.35522404313087463,0.46793311834335327,0.3370790183544159,0.4944804608821869,0.39018359780311584,0.46188828349113464,0.6079052686691284
disco.00050.wav,data/genres_original/disco/disco.00050.wav,-45.805320739746094,101.74010467529297,-32.07863998413086,34.265602111816406,-17.547401428222656,32.327186584472656,-15.645261764526367,22.0412654876709,-16.110876083374023,18.677488327026367,-13.079385757446289,16.4752197265625,-9.913808822631836,11.567793846130371,-7.740398406982422,6.13140869140625,-7.361423492431641,3.5779809951782227,-6.616034030914307,2.8414466381073,2376.1512622758464,0.6395318508148193,0.35225623846054077,0.3783394396305084,0.552651584148407,0.3801157474517822,0.41053903102874756,0.42117545008659363,0.6166194081306458,0.38760897517204285,0.33120670914649963,0.5056670308113098,0.43829581141471863
disco.00051.wav,data/genres_original/disco/disco.00051.wav,-77.19868469238281,89.36663818359375,-34.23228454589844,38.681270599365234,-22.269874572753906,31.254674911499023,-16.385425567626953,22.344226837158203,-16.015026092529297,19.283666610717773,-13.230426788330078,16.724140167236328,-10.393916130065918,11.381442070007324,-8.547001838684082,5.72911262512207,-8.349093437194824,3.0559768676757812,-7.578091621398926,2.251922607421875,2651.3202472461626,0.6301676034927368,0.35654985904693604,0.38998374342918396,0.5551742911338806,0.3920089304447174,0.42048323154449463,0.43886798620224,0.6398006677627563,0.39405539631843567,0.34655728936195374,0.5198205709457397,0.44277024269104004
disco.00052.wav,data/genres_original/disco/disco.00052.wav,-70.51618957519531,90.47601318359375,-48.08651351928711,36.67485046386719,-17.66603660583496,21.603975296020508,-30.18695068359375,24.03990936279297,-20.447668075561523,14.482977867126465,-18.50306510925293,9.126517295837402,-12.047066688537598,6.265968322753906,-11.558921813964844,4.908773899078369,-7.877405643463135,-0.6448124647140503,-4.355742931365967,0.19770345091819763,2591.5017766838123,0.41466623544692993,0.3803148567676544,0.532023012638092,0.3373744487762451,0.3889208436012268,0.40084782242774963,0.3851538598537445,0.4409695565700531,0.3442709445953369,0.49218031764030457,0.4576278626918793,0.42302408814430237
disco.00053.wav,data/genres_original/disco/disco.00053.wav,-108.5107650756836,69.9331283569336,14.87028694152832,45.53962326049805,-5.384936809539795,41.803653717041016,-13.5187406539917,32.55927658081055,-20.397464752197266,23.435901641845703,-12.123884201049805,17.999404907226562,-9.03880786895752,6.99276065826416,-4.731377124786377,2.3560431003570557,0.19970405101776123,2.345897912979126,-0.7866600751876831,-0.5949072241783142,3079.4689128269815,0.36384281516075134,0.43472105264663696,0.44290870428085327,0.5566837191581726,0.4097372591495514,0.4039110541343689,0.4521734416484833,0.5164003372192383,0.6598597168922424,0.5455523729324341,0.4705333411693573,0.35598787665367126
disco.00054.wav,data/genres_original/disco/disco.00054.wav,-226.3543243408203,78.27161407470703,7.84522008895874,53.85680389404297,-1.151934266090393,11.302834510803223,-7.8484787940979,24.365110397338867,-14.952828407287598,18.494564056396484,-19.137502670288086,6.156276226043701,-10.068166732788086,5.287829875946045,-11.683895111083984,3.3380041122436523,-11.27522087097168,1.3868333101272583,-10.699085235595703,-4.329200744628906,2566.1260441601803,0.40743696689605713,0.29585057497024536,0.3477952480316162,0.4363965392112732,0.5248336791992188,0.37693652510643005,0.26499873399734497,0.3954715132713318,0.4743955135345459,0.5277697443962097,0.3983355164527893,0.3662109971046448
disco.00055.wav,data/genres_original/disco/disco.00055.wav,-103.09194946289062,107.49750518798828,-33.5264892578125,52.796356201171875,-9.143338203430176,30.36568832397461,-9.337430000305176,23.046274185180664,-11.900219917297363,18.170900344848633,-7.554080009460449,9.401473999023438,-5.4444260597229,6.653224945068359,-5.613326549530029,4.149189472198486,-5.471507549285889,0.8388841152191162,-0.05420488864183426,3.7572107315063477,2108.1997863703073,0.6203573346138,0.44628405570983887,0.4564841091632843,0.3882105350494385,0.4256012737751007,0.4380461871623993,0.4102382957935333,0.5693337917327881,0.4083500802516937,0.45964816212654114,0.4801197350025177,0.45373162627220154
disco.00056.wav,data/genres_original/disco/disco.00056.wav,-182.78819274902344,124.18510437011719,-10.062484741210938,41.59244918823242,-7.389993667602539,26.952116012573242,-12.36284351348877,19.8203067779541,-16.069171905517578,16.20638656616211,-10.253923416137695,3.123711585998535,-8.989255905151367,2.1562552452087402,-6.1063055992126465,3.9118845462799072,-3.7005362510681152,4.940194606781006,-1.2491518259048462,2.5313780307769775,1755.2903582545093,0.32325613498687744,0.27846941351890564,0.30778419971466064,0.28781479597091675,0.362958699464798,0.3532120883464813,0.5171017646789551,0.48819294571876526,0.3143095076084137,0.34673234820365906,0.31317439675331116,0.40601739287376404
disco.00057.wav,data/genres_original/disco/disco.00057.wav,-143.208984375,122.59268951416016,-23.920421600341797,28.148860931396484,-23.68915557861328,23.081340789794922,-17.911197662353516,18.753313064575195,-18.636001586914062,18.356426239013672,-13.914460182189941,9.73025894165039,-12.243753433227539,4.93804931640625,-8.392430305480957,5.480607509613037,-7.870688438415527,3.9378468990325928,-5.715529918670654,-0.6342348456382751,1937.935756160484,0.4139234721660614,0.2785046398639679,0.3369254171848297,0.5819364786148071,0.3464204967021942,0.35064637660980225,0.25862255692481995,0.3921833634376526,0.5200924873352051,0.32469552755355835,0.3457943797111511,0.2921648621559143
disco.00058.wav,data/genres_original/disco/disco.00058.wav,-109.59149932861328,104.14510345458984,-16.217409133911133,45.37646484375,-10.195764541625977,25.55859375,-17.158018112182617,22.278688430786133,-16.850662231445312,16.53579330444336,-12.096704483032227,8.670635223388672,-8.847187995910645,5.246452331542969,-9.296136856079102,3.4515886306762695,-7.895840167999268,1.5266690254211426,-4.045669078826904,-0.10831576585769653,2217.9682141739054,0.3934975266456604,0.37331274151802063,0.43833044171333313,0.37776950001716614,0.4666280448436737,0.46187490224838257,0.3736633062362671,0.3864573836326599,0.45684370398521423,0.5255073308944702,0.38001736998558044,0.37301766872406006
disco.00059.wav,data/genres_original/disco/disco.00059.wav,-109.05280303955078,106.84856414794922,-18.279069900512695,23.42359161376953,-17.76458168029785,19.019662857055664,-13.615213394165039,18.686105728149414,-18.371767044067383,18.402843475341797,-9.714786529541016,11.857382774353027,-5.560522556304932,12.884756088256836,-3.8281431198120117,8.684379577636719,-7.081266403198242,5.4192938804626465,-6.198667049407959,2.3279168605804443,2279.818496274842,0.37926045060157776,0.44702622294425964,0.49668753147125244,0.3177975118160248,0.3244636356830597,0.31227996945381165,0.43816646933555603,0.36832180619239807,0.34783095121383667,0.45016568899154663,0.4398329555988312,0.5184078812599182
disco.00060.wav,data/genres_original/disco/disco.00060.wav,-121.0952377319336,116.9425048828125,-22.786968231201172,45.14893341064453,-4.23905086517334,30.256324768066406,-12.245272636413574,21.729875564575195,-16.54076385498047,16.233280181884766,-10.655167579650879,7.330419540405273,-9.353949546813965,5.7834062576293945,-8.419079780578613,2.7517528533935547,-8.094254493713379,0.3694722354412079,-3.2401583194732666,3.5852837562561035,1975.227458099991,0.5874335765838623,0.3989192247390747,0.3898555040359497,0.3450675308704376,0.403643399477005,0.4381701648235321,0.40774446725845337,0.5447368621826172,0.38222309947013855,0.4303123950958252,0.4574931561946869,0.4325132668018341
disco.00061.wav,data/genres_original/disco/disco.00061.wav,-91.88630676269531,87.60405731201172,-2.0581741333007812,34.28553771972656,-18.153369903564453,19.344701766967773,-14.697325706481934,17.116172790527344,-15.334747314453125,17.040912628173828,-13.558690071105957,11.84803295135498,-9.811619758605957,9.113958358764648,-11.469915390014648,-1.0519096851348877,-11.649620056152344,0.2934403419494629,-1.279736042022705,0.09898107498884201,2550.135383866737,0.433184415102005,0.32183167338371277,0.36659732460975647,0.344640851020813,0.3214251697063446,0.33465972542762756,0.3329947590827942,0.35296890139579773,0.26968809962272644,0.24502532184123993,0.23916758596897125,0.3181825280189514
disco.00062.wav,data/genres_original/disco/disco.00062.wav,-107.86759948730469,81.93658447265625,-30.634069442749023,41.33193588256836,-8.509501457214355,31.33373260498047,-8.86906909942627,26.030902862548828,-8.28014087677002,17.894874572753906,-4.652871131896973,7.425511360168457,-4.352715492248535,4.491105079650879,-4.098701477050781,3.0722193717956543,-0.2864223122596741,4.993084907531738,0.40634843707084656,3.8392715454101562,2387.922380957909,0.47569727897644043,0.38163772225379944,0.3847959339618683,0.4101090431213379,0.4042918086051941,0.5006989240646362,0.4035545885562897,0.5069438219070435,0.3353320360183716,0.41196057200431824,0.4662473797798157,0.4414733350276947
disco.00063.wav,data/genres_original/disco/disco.00063.wav,-51.776084899902344,70.33135223388672,-3.911700487136841,49.742279052734375,1.5879714488983154,35.703487396240234,-4.0886945724487305,24.78790855407715,-9.707022666931152,22.039283752441406,-6.11499547958374,17.181259155273438,-2.766423463821411,11.962386131286621,-1.6310150623321533,6.924508571624756,-2.909796953201294,4.9149699211120605,-0.487812340259552,6.734444618225098,2583.3267231399764,0.6457223892211914,0.5417718291282654,0.5184456706047058,0.5624662041664124,0.5448766946792603,0.6049708724021912,0.5018194317817688,0.5085885524749756,0.5231691002845764,0.5246670842170715,0.5326877236366272,0.5653195977210999
disco.00064.wav,data/genres_original/disco/disco.00064.wav,-189.21514892578125,93.95932006835938,7.905784606933594,41.89059829711914,-7.092045783996582,31.882492065429688,-12.586034774780273,24.220500946044922,-6.0576982498168945,24.537946701049805,-6.025236129760742,16.763090133666992,-2.0117969512939453,6.338116645812988,-8.548104286193848,3.8101696968078613,-2.584512710571289,-0.8613346219062805,-3.1122641563415527,10.213785171508789,2144.2930792368275,0.610771656036377,0.4427916407585144,0.36717647314071655,0.2936668395996094,0.36183273792266846,0.374925434589386,0.3814922273159027,0.4515076279640198,0.2891732454299927,0.2509908080101013,0.3127210736274719,0.5214906334877014
disco.00065.wav,data/genres_original/disco/disco.00065.wav,-106.24382019042969,105.57587432861328,-5.513560771942139,50.055816650390625,1.2439854145050049,37.00260543823242,-9.622075080871582,24.011703491210938,-8.668455123901367,14.975655555725098,-2.5260403156280518,9.7654390335083,-0.9115703701972961,3.8560733795166016,-1.5508843660354614,3.5663249492645264,1.5332680940628052,2.096923828125,-4.0135321617126465,-2.623452663421631,1887.648892045496,0.41943174600601196,0.42443862557411194,0.444949746131897,0.37061914801597595,0.428097665309906,0.5002659559249878,0.6825805902481079,0.5093237161636353,0.40825191140174866,0.47937390208244324,0.4354934096336365,0.550248920917511
disco.00066.wav,data/genres_original/disco/disco.00066.wav,-57.60671615600586,96.69188690185547,-24.42201805114746,40.014190673828125,-17.260250091552734,27.834213256835938,-13.297420501708984,23.196401596069336,-16.528562545776367,19.42714500427246,-15.485601425170898,11.825689315795898,-10.574846267700195,8.359429359436035,-9.370790481567383,6.546206951141357,-3.695061445236206,0.34709078073501587,-4.408956527709961,1.554701328277588,2492.8521058348206,0.42486751079559326,0.44761860370635986,0.4587537944316864,0.44812196493148804,0.5866356492042542,0.43610307574272156,0.40663355588912964,0.43897438049316406,0.4387584924697876,0.5192184448242188,0.39438286423683167,0.41002675890922546
disco.00067.wav,data/genres_original/disco/disco.00067.wav,-103.7603759765625,92.46227264404297,-27.23040771484375,39.221290588378906,-23.052734375,20.634798049926758,-17.76690101623535,18.95055389404297,-15.204781532287598,16.394330978393555,-14.662065505981445,12.249460220336914,-14.973012924194336,8.244379043579102,-11.897316932678223,1.0192468166351318,-8.905780792236328,5.179014205932617,-6.445103168487549,1.7000205516815186,2541.995563795192,0.30316874384880066,0.41776084899902344,0.3546201288700104,0.3097436726093292,0.5725090503692627,0.32989180088043213,0.33597439527511597,0.24073396623134613,0.3456789553165436,0.5177400708198547,0.3121582269668579,0.3400634825229645
disco.00068.wav,data/genres_original/disco/disco.00068.wav,-93.31912994384766,77.8344497680664,-8.784327507019043,42.071250915527344,-11.249411582946777,24.245376586914062,-17.912214279174805,22.240354537963867,-16.03913688659668,16.687469482421875,-15.66524600982666,15.410944938659668,-18.128244400024414,10.212017059326172,-14.608055114746094,1.847678542137146,-11.091008186340332,1.1463712453842163,-10.55275821685791,5.189854621887207,2956.6002017744845,0.38454723358154297,0.6065009832382202,0.366609126329422,0.35208675265312195,0.39024680852890015,0.4416661560535431,0.5622698664665222,0.3916058838367462,0.43582233786582947,0.30841654539108276,0.36987772583961487,0.38471361994743347
disco.00069.wav,data/genres_original/disco/disco.00069.wav,-118.3656997680664,114.2373046875,-6.782298564910889,37.40087127685547,-17.431936264038086,28.362869262695312,-23.72653579711914,9.283807754516602,-10.439458847045898,12.624764442443848,-5.148674964904785,12.25314712524414,-3.870520830154419,4.377999782562256,-9.250748634338379,3.473721981048584,-7.952149391174316,3.664417028427124,-6.1568803787231445,2.7070276737213135,1931.1496588575947,0.5608975887298584,0.2951078712940216,0.36705997586250305,0.5486964583396912,0.40145769715309143,0.49003785848617554,0.34879618883132935,0.39550477266311646,0.2769298255443573,0.28046467900276184,0.33487606048583984,0.3707980513572693
disco.00070.wav,data/genres_original/disco/disco.00070.wav,-81.7271728515625,97.61068725585938,-27.583755493164062,36.644187927246094,-17.25299835205078,30.769319534301758,-15.94863510131836,20.968244552612305,-16.226930618286133,17.418455123901367,-13.363808631896973,15.080845832824707,-10.386919975280762,10.253874778747559,-8.392582893371582,4.792266368865967,-7.943187236785889,2.3002283573150635,-7.105158805847168,1.7681185007095337,2449.2969214438754,0.6376875638961792,0.3563401997089386,0.3808094263076782,0.542236328125,0.3819373548030853,0.42372751235961914,0.43392008543014526,0.6159112453460693,0.3935301601886749,0.34433019161224365,0.5114649534225464,0.44412851333618164
disco.00071.wav,data/genres_original/disco/disco.00071.wav,-105.51603698730469,79.256591796875,-15.207651138305664,40.82554626464844,-12.267788887023926,23.559669494628906,-19.938488006591797,27.31925392150879,-16.512426376342773,21.53839683532715,-11.680119514465332,13.991890907287598,-10.77501106262207,9.37795352935791,-12.22489070892334,2.075352907180786,-12.23067855834961,2.872421979904175,-4.684764385223389,8.174019813537598,2809.021561476355,0.4924744963645935,0.353653222322464,0.38223063945770264,0.5729154944419861,0.557089626789093,0.6481767296791077,0.38152629137039185,0.32613593339920044,0.3424888849258423,0.35872137546539307,0.41115105152130127,0.39951545000076294
disco.00072.wav,data/genres_original/disco/disco.00072.wav,-128.46766662597656,67.26374816894531,-36.918983459472656,40.90837478637695,-21.745594024658203,23.162696838378906,-13.252984046936035,13.09386157989502,-14.004485130310059,17.7995662689209,-15.179245948791504,16.372459411621094,-10.465580940246582,12.835855484008789,-9.216797828674316,4.389608860015869,-5.443276405334473,7.246391773223877,-2.6676228046417236,6.573777198791504,2902.983480055396,0.3389364778995514,0.48796525597572327,0.6147786974906921,0.4024811387062073,0.47215333580970764,0.3663906455039978,0.41108468174934387,0.34962010383605957,0.3992820680141449,0.5688926577568054,0.40249207615852356,0.39752957224845886
disco.00073.wav,data/genres_original/disco/disco.00073.wav,-95.25164031982422,82.25366973876953,-26.221525192260742,37.522613525390625,-16.355100631713867,25.29429054260254,-21.79648208618164,21.811946868896484,-20.064441680908203,16.297643661499023,-16.119651794433594,14.439221382141113,-11.907042503356934,7.168986797332764,-11.668229103088379,5.0781097412109375,-10.222131729125977,4.793478965759277,-6.018383026123047,-0.24143436551094055,2846.8226092079603,0.3845939338207245,0.399065226316452,0.6496489644050598,0.35071927309036255,0.40940621495246887,0.5112839341163635,0.4486927092075348,0.6207119226455688,0.34414660930633545,0.36891624331474304,0.4470570981502533,0.42260247468948364
disco.00074.wav,data/genres_original/disco/disco.00074.wav,-40.7629280090332,86.78238677978516,-26.962373733520508,34.941532135009766,-20.048147201538086,21.657638549804688,-23.95370864868164,19.265037536621094,-17.531558990478516,18.037151336669922,-16.020782470703125,12.446076393127441,-13.877285957336426,6.013271331787109,-14.21426010131836,-0.8154338598251343,-14.490394592285156,-1.2298425436019897,-7.69956111907959,4.327603340148926,2649.217859026324,0.47373831272125244,0.3015480041503906,0.34001025557518005,0.5437532067298889,0.5155929327011108,0.6323509812355042,0.32100537419319153,0.2805643677711487,0.32210177183151245,0.3493366241455078,0.3968842327594757,0.35674867033958435
disco.00075.wav,data/genres_original/disco/disco.00075.wav,-91.75991821289062,86.31499481201172,-17.351943969726562,43.1060676574707,-18.407480239868164,34.05898666381836,-18.420602798461914,26.83688735961914,-13.565130233764648,20.21440887451172,-14.637163162231445,12.66814136505127,-12.608888626098633,6.200997829437256,-10.44986629486084,7.36513090133667,-8.057861328125,7.115172386169434,-2.459064245223999,-0.1161709800362587,2690.932759278845,0.47952955961227417,0.4319843351840973,0.42595207691192627,0.3652593195438385,0.36071503162384033,0.38898998498916626,0.42692065238952637,0.5895805358886719,0.5173866748809814,0.4133642911911011,0.3607010245323181,0.3880501985549927
disco.00076.wav,data/genres_original/disco/disco.00076.wav,-95.8729019165039,103.33598327636719,-36.46080017089844,27.125102996826172,-22.8731632232666,9.98593521118164,-24.656694412231445,15.670154571533203,-20.151212692260742,18.746261596679688,-18.563173294067383,9.864556312561035,-15.108638763427734,3.8944132328033447,-11.188668251037598,0.512420654296875,-5.470924377441406,3.117652654647827,-7.906383037567139,2.9722518920898438,2252.122477978003,0.3110705614089966,0.22075031697750092,0.3953153192996979,0.4392815828323364,0.44339287281036377,0.5083156824111938,0.29881176352500916,0.36197805404663086,0.3088713586330414,0.3351934850215912,0.33067139983177185,0.2842816412448883
disco.00077.wav,data/genres_original/disco/disco.00077.wav,-56.90147399902344,97.02407836914062,-17.874454498291016,44.933502197265625,-6.932388782501221,23.813329696655273,-23.314041137695312,25.996196746826172,-10.480185508728027,10.453680992126465,-15.226058006286621,10.030942916870117,-9.161243438720703,3.7398648262023926,-9.396588325500488,3.483015537261963,-8.04963207244873,1.657037615776062,-6.018548965454102,4.411454677581787,2308.7942063741325,0.5510221123695374,0.378849059343338,0.4071464538574219,0.34287405014038086,0.42893415689468384,0.3773611783981323,0.3428187072277069,0.49828067421913147,0.41096457839012146,0.5211892127990723,0.3288498520851135,0.40007108449935913
disco.00078.wav,data/genres_original/disco/disco.00078.wav,-182.05026245117188,103.41655731201172,-18.227279663085938,31.200912475585938,-12.540435791015625,18.842092514038086,-12.869497299194336,19.37890625,-17.70433235168457,18.500280380249023,-14.324433326721191,11.545080184936523,-11.634119033813477,5.595460414886475,-8.039427757263184,0.2704886198043823,-8.09001350402832,2.727341413497925,-3.2884347438812256,3.507127046585083,2219.3232376250994,0.4399546682834625,0.2872093915939331,0.24704430997371674,0.2838088572025299,0.42997798323631287,0.6030824184417725,0.37390339374542236,0.30660149455070496,0.25317057967185974,0.24095456302165985,0.23581065237522125,0.2821236848831177
disco.00079.wav,data/genres_original/disco/disco.00079.wav,-154.62330627441406,97.93260192871094,-10.357318878173828,39.1236686706543,-11.213964462280273,24.111309051513672,-11.846502304077148,24.19123077392578,-13.460304260253906,20.55318832397461,-8.327631950378418,5.867450714111328,-9.686903953552246,3.944322347640991,-8.81982135772705,3.312211751937866,-0.29934224486351013,7.59432315826416,0.656211256980896,0.8080185651779175,2292.577700466476,0.3885824680328369,0.4243878722190857,0.4063050448894501,0.4474751949310303,0.48486608266830444,0.6473561525344849,0.5113729238510132,0.43328672647476196,0.557518482208252,0.3919559121131897,0.3904200792312622,0.3526679575443268
disco.00080.wav,data/genres_original/disco/disco.00080.wav,-219.45565795898438,94.70133209228516,12.129365921020508,48.87006759643555,-7.212082386016846,16.62851333618164,-15.087896347045898,21.714439392089844,-20.002349853515625,13.23880386352539,-15.698356628417969,5.057011604309082,-15.283743858337402,0.07390023022890091,-9.203970909118652,0.23449835181236267,-9.558945655822754,-0.7515619397163391,-4.529402732849121,-3.6864774227142334,2143.645601948083,0.35413601994514465,0.4550626277923584,0.2855951189994812,0.30539628863334656,0.3393328785896301,0.5422214865684509,0.48502087593078613,0.35730236768722534,0.4614781141281128,0.35165274143218994,0.42618945240974426,0.30098727345466614
disco.00081.wav,data/genres_original/disco/disco.00081.wav,-193.22007751464844,89.19422149658203,-20.013870239257812,38.7435302734375,-2.715959072113037,17.057266235351562,-7.950159549713135,16.086509704589844,-16.764881134033203,7.716306209564209,-15.712639808654785,9.034707069396973,-11.316749572753906,3.895385265350342,-8.224793434143066,3.0170583724975586,-6.87908411026001,-0.7077234983444214,-6.4076361656188965,-0.546875536441803,2292.41885340361,0.41584932804107666,0.3455435335636139,0.3403658866882324,0.37620535492897034,0.5527127981185913,0.4312957227230072,0.24565079808235168,0.33148157596588135,0.31540629267692566,0.34562569856643677,0.27957791090011597,0.3208867013454437
disco.00082.wav,data/genres_original/disco/disco.00082.wav,-63.65034103393555,94.46595764160156,-13.425884246826172,32.7712287902832,-13.714616775512695,26.780269622802734,-19.395610809326172,24.65254020690918,-11.667616844177246,13.727569580078125,-9.442893981933594,8.833793640136719,-4.980144500732422,9.214889526367188,-3.4704749584198,1.4862674474716187,-8.885649681091309,0.253214031457901,-5.452748775482178,-1.1330751180648804,2577.013955506876,0.6224194169044495,0.3912184238433838,0.35408201813697815,0.43103575706481934,0.34982332587242126,0.41966626048088074,0.3633686602115631,0.4848021864891052,0.45300397276878357,0.34294235706329346,0.4077862799167633,0.4519098103046417
disco.00083.wav,data/genres_original/disco/disco.00083.wav,-167.378173828125,112.48348236083984,-4.582418441772461,37.09086990356445,-8.613286018371582,27.826745986938477,-14.716944694519043,18.52263069152832,-16.490127563476562,13.760584831237793,-13.331284523010254,10.215414047241211,-11.575289726257324,6.744856357574463,-9.200849533081055,4.901154518127441,-9.726242065429688,1.5202264785766602,-5.577380180358887,-2.0606307983398438,1959.5165152861578,0.3226122260093689,0.39603713154792786,0.43785572052001953,0.45701414346694946,0.5521378517150879,0.46514368057250977,0.396648108959198,0.4174480140209198,0.4888198971748352,0.3831899166107178,0.3081348240375519,0.34455081820487976
disco.00084.wav,data/genres_original/disco/disco.00084.wav,-197.17926025390625,83.36067962646484,-38.557830810546875,43.71670150756836,-7.295538425445557,25.659225463867188,-8.64200210571289,13.397130966186523,-12.15369701385498,12.154943466186523,-12.050202369689941,10.627792358398438,-2.405341863632202,12.013288497924805,1.3748276233673096,6.764341354370117,-3.376776695251465,-1.651937484741211,0.06695334613323212,1.4112638235092163,2455.1239938572585,0.47894296050071716,0.55599045753479,0.49461403489112854,0.4273379445075989,0.4395788908004761,0.398144006729126,0.47138291597366333,0.4276827871799469,0.5221271514892578,0.561488687992096,0.6588278412818909,0.6059224009513855
disco.00085.wav,data/genres_original/disco/disco.00085.wav,-166.76927185058594,67.7310562133789,11.180093765258789,37.42921829223633,-10.941417694091797,27.396169662475586,-18.940847396850586,27.29737091064453,-15.843281745910645,20.550397872924805,-8.6220064163208,14.187618255615234,-6.048985481262207,12.008674621582031,-6.071846961975098,7.280309677124023,-4.233471870422363,5.134374618530273,-4.524284839630127,3.4615283012390137,3002.526732630542,0.6478121280670166,0.5292873382568359,0.5142660140991211,0.5565874576568604,0.6329271793365479,0.5825980305671692,0.5212239623069763,0.55926913022995,0.5432330369949341,0.529816210269928,0.5353531241416931,0.6645973324775696
disco.00086.wav,data/genres_original/disco/disco.00086.wav,-95.80325317382812,122.05659484863281,-29.319120407104492,50.31650161743164,-11.940643310546875,28.410152435302734,-7.047780513763428,11.851944923400879,-8.61201286315918,11.56843376159668,-18.395963668823242,6.862090587615967,-11.662833213806152,2.684542655944824,-5.7926506996154785,0.6457206606864929,-7.255483627319336,1.7374228239059448,-6.154602527618408,-3.7481870651245117,1867.9206448682273,0.46788087487220764,0.34794357419013977,0.3943069279193878,0.42951107025146484,0.40034887194633484,0.3332575559616089,0.3391123414039612,0.4809311330318451,0.39634236693382263,0.3928361237049103,0.3664179742336273,0.3915443420410156
disco.00087.wav,data/genres_original/disco/disco.00087.wav,-100.29301452636719,110.01216888427734,-26.644556045532227,36.823760986328125,-10.413420677185059,28.777048110961914,-14.843354225158691,21.28986930847168,-19.675668716430664,18.52243423461914,-16.387474060058594,9.15771484375,-13.791584014892578,3.990370512008667,-10.459232330322266,2.8376305103302,-4.316737174987793,3.1700069904327393,-3.7465789318084717,3.557265043258667,2139.4226685316107,0.45020055770874023,0.3682502806186676,0.35836225748062134,0.3901899755001068,0.3807257115840912,0.48120009899139404,0.4208325445652008,0.40608277916908264,0.3861711323261261,0.3386244773864746,0.32022491097450256,0.3136162757873535
disco.00088.wav,data/genres_original/disco/disco.00088.wav,-97.8856201171875,101.00360107421875,-40.547607421875,51.05018997192383,-11.70961856842041,25.064743041992188,-14.048205375671387,17.1973934173584,-9.623665809631348,16.973527908325195,-7.173521041870117,11.723430633544922,-5.7162275314331055,6.249411106109619,-6.060789585113525,4.687673091888428,-6.252403736114502,-0.9843173623085022,-2.744109869003296,0.627366304397583,2238.799259178444,0.4983716905117035,0.3422572612762451,0.47635897994041443,0.3107091784477234,0.35979512333869934,0.4030682444572449,0.35358181595802307,0.5765141844749451,0.3635508418083191,0.40916088223457336,0.30133020877838135,0.38074567914009094
disco.00089.wav,data/genres_original/disco/disco.00089.wav,-114.93206024169922,113.4638671875,-29.804311752319336,42.61210250854492,-10.326009750366211,26.973411560058594,-14.493735313415527,21.240530014038086,-17.65053939819336,17.097871780395508,-13.478900909423828,8.591482162475586,-11.427422523498535,6.205874443054199,-10.899924278259277,3.658357620239258,-10.317460060119629,0.5621728897094727,-4.165684223175049,3.474560260772705,2129.3458917106645,0.5651812553405762,0.37786993384361267,0.39667370915412903,0.34269747138023376,0.41269052028656006,0.4495140016078949,0.41114816069602966,0.5718225836753845,0.3788253962993622,0.4215725064277649,0.43757444620132446,0.39303529262542725
disco.00090.wav,data/genres_original/disco/disco.00090.wav,-125.71577453613281,88.52809143066406,-16.73884391784668,42.798133850097656,-9.901165962219238,29.18585205078125,-19.342819213867188,20.458702087402344,-16.505529403686523,15.012511253356934,-8.765583038330078,12.784117698669434,-7.75888729095459,7.052415370941162,-8.516407012939453,3.2717602252960205,-6.4989447593688965,5.795520305633545,-3.500715732574463,-0.04913067817687988,2574.7458410439813,0.4458443820476532,0.4444362223148346,0.6394376754760742,0.4016653299331665,0.47822290658950806,0.6109679341316223,0.5515591502189636,0.548240602016449,0.3951123058795929,0.44562390446662903,0.4377216100692749,0.42733505368232727
disco.00091.wav,data/genres_original/disco/disco.00091.wav,-116.98033905029297,98.51445770263672,-19.01401138305664,44.84703826904297,3.8032031059265137,28.483186721801758,-1.1026862859725952,14.693483352661133,-7.753822326660156,9.75631332397461,-10.111344337463379,6.367254734039307,-3.920231819152832,7.902921199798584,-3.212644100189209,0.13057971000671387,-7.8416337966918945,-1.7346327304840088,-2.4309780597686768,-0.7216538190841675,2036.7728048043857,0.5551560521125793,0.5278283357620239,0.5070919990539551,0.4789128303527832,0.3235686123371124,0.32315441966056824,0.32769763469696045,0.4733709990978241,0.3352958858013153,0.2347496896982193,0.45133262872695923,0.4594973623752594
disco.00092.wav,data/genres_original/disco/disco.00092.wav,-123.78829193115234,89.82484436035156,-1.8406453132629395,51.169795989990234,-16.26130485534668,28.283544540405273,-12.495137214660645,19.032148361206055,-13.280037879943848,18.500019073486328,-13.776394844055176,12.866394996643066,-8.755499839782715,8.260725975036621,-8.236544609069824,5.519251823425293,-8.406668663024902,4.479526042938232,0.3087597191333771,1.82991623878479,2457.998545443571,0.30480965971946716,0.39763402938842773,0.30513858795166016,0.39752164483070374,0.5853292346000671,0.40328049659729004,0.31024593114852905,0.32809823751449585,0.5291545987129211,0.24098549783229828,0.22390872240066528,0.42264342308044434
disco.00093.wav,data/genres_original/disco/disco.00093.wav,-86.0438003540039,87.53872680664062,-20.17231559753418,54.01907730102539,-1.0642155408859253,19.562545776367188,-4.089778900146484,21.037769317626953,-19.567508697509766,12.389662742614746,-22.01080894470215,9.599064826965332,-15.931526184082031,3.972332000732422,-13.93270206451416,2.383716583251953,-7.737425804138184,3.4512779712677,-4.158040523529053,5.918419361114502,2461.1864561929897,0.5154300928115845,0.41044655442237854,0.45765966176986694,0.353132039308548,0.4040074348449707,0.5227999687194824,0.3347208499908447,0.40756136178970337,0.31019049882888794,0.45620858669281006,0.3868274390697479,0.3406437933444977
disco.00094.wav,data/genres_original/disco/disco.00094.wav,-130.0057830810547,102.49774932861328,-4.443130970001221,50.061092376708984,-15.532888412475586,32.128150939941406,-18.18231964111328,24.28784942626953,-11.902588844299316,13.763346672058105,-12.89806842803955,7.2710957527160645,-9.379469871520996,4.604164123535156,-9.579842567443848,4.248680114746094,-4.683294296264648,-0.45490220189094543,-6.882829189300537,4.762650489807129,2208.1328125649534,0.700756847858429,0.4383890628814697,0.3583020269870758,0.3412220776081085,0.40210282802581787,0.3873756229877472,0.3248797357082367,0.44051727652549744,0.33541980385780334,0.3420254588127136,0.4461069405078888,0.48610174655914307
disco.00095.wav,data/genres_original/disco/disco.00095.wav,-159.86688232421875,81.97526550292969,-16.76537322998047,52.50609588623047,-4.4480299949646,22.86505126953125,-8.226280212402344,23.3674259185791,-5.528468608856201,17.6933536529541,-15.369107246398926,10.806196212768555,-13.526737213134766,1.7440379858016968,-6.560187816619873,5.105751991271973,0.3296962082386017,6.998457908630371,-5.4562087059021,0.8063127994537354,2487.5432668509993,0.4221023619174957,0.39405277371406555,0.571239709854126,0.4799073338508606,0.43490535020828247,0.4856981635093689,0.4374927282333374,0.5346068739891052,0.49976012110710144,0.5174595713615417,0.437222421169281,0.4046494662761688
disco.00096.wav,data/genres_original/disco/disco.00096.wav,-133.8668212890625,93.47174072265625,-24.215986251831055,61.44255065917969,-22.856273651123047,30.976551055908203,-14.959397315979004,20.244455337524414,-9.292842864990234,15.786767959594727,-8.740782737731934,11.968789100646973,-5.3208136558532715,4.992869853973389,-0.672859251499176,3.722719669342041,2.0979809761047363,5.443535327911377,3.0960006713867188,2.459108352661133,2481.887352406179,0.42868572473526,0.3748903274536133,0.4367097020149231,0.3521498441696167,0.3849141597747803,0.3303127586841583,0.41968968510627747,0.5242673754692078,0.41423299908638,0.41263189911842346,0.3878476023674011,0.5321626663208008
disco.00097.wav,data/genres_original/disco/disco.00097.wav,-116.92594146728516,75.75965881347656,-4.205478191375732,37.28703689575195,-5.338406085968018,31.376094818115234,-12.168356895446777,22.909481048583984,-11.437957763671875,14.624770164489746,-13.04989242553711,13.411262512207031,-13.2288179397583,8.251240730285645,-15.236952781677246,9.831917762756348,-6.212926387786865,8.001914024353027,-8.030048370361328,4.399165153503418,2826.0632063160606,0.3752342164516449,0.3304937183856964,0.3607465624809265,0.2750779390335083,0.2973313629627228,0.5955650806427002,0.3301941752433777,0.2699984014034271,0.3993742763996124,0.4616070091724396,0.8022119998931885,0.48320266604423523
disco.00098.wav,data/genres_original/disco/disco.00098.wav,-91.59773254394531,99.46397399902344,-8.991618156433105,40.18504333496094,-18.037633895874023,22.56721305847168,-21.95627212524414,15.782541275024414,-25.665386199951172,17.664222717285156,-13.675539016723633,15.635083198547363,-15.469162940979004,4.521296977996826,-10.157354354858398,0.4606548249721527,-10.151419639587402,4.796900272369385,-6.883542537689209,-0.9924852848052979,2417.457577864453,0.3862679898738861,0.45169883966445923,0.46911749243736267,0.42789340019226074,0.5165408253669739,0.4850330650806427,0.6251105070114136,0.43903297185897827,0.31512129306793213,0.3294532597064972,0.34611380100250244,0.4990394115447998
disco.00099.wav,data/genres_original/disco/disco.00099.wav,-91.59773254394531,99.46397399902344,-8.991618156433105,40.18504333496094,-18.037633895874023,22.56721305847168,-21.95627212524414,15.782541275024414,-25.665386199951172,17.664222717285156,-13.675539016723633,15.635083198547363,-15.469162940979004,4.521296977996826,-10.157354354858398,0.4606548249721527,-10.151419639587402,4.796900272369385,-6.883542537689209,-0.9924852848052979,2417.457577864453,0.3862679898738861,0.45169883966445923,0.46911749243736267,0.42789340019226074,0.5165408253669739,0.4850330650806427,0.6251105070114136,0.43903297185897827,0.31512129306793213,0.3294532597064972,0.34611380100250244,0.4990394115447998
hiphop.00000.wav,data/genres_original/hiphop/hiphop.00000.wav,-80.92658233642578,84.79292297363281,-31.540653228759766,33.899261474609375,-19.84876823425293,23.558197021484375,-22.125015258789062,20.021150588989258,-16.759601593017578,19.211896896362305,-13.1061372756958,11.505602836608887,-10.726899147033691,10.569202423095703,-8.427003860473633,7.323450565338135,-5.374945163726807,7.690596580505371,-5.54404354095459,1.525704264640808,2667.6644949271727,0.37509438395500183,0.3575153946876526,0.4785568118095398,0.4516783058643341,0.6137968301773071,0.47035032510757446,0.45576250553131104,0.46835947036743164,0.46510741114616394,0.5388956665992737,0.4170683026313782,0.43578487634658813
hiphop.00001.wav,data/genres_original/hiphop/hiphop.00001.wav,-81.1395034790039,49.60653305053711,-14.548334121704102,57.9869270324707,6.843472003936768,27.14821434020996,-6.85522985458374,31.3040771484375,-10.0863618850708,20.312963485717773,-2.5413625240325928,12.746543884277344,3.9735281467437744,13.235149383544922,-2.375617265701294,12.268519401550293,-7.035883903503418,4.756270885467529,1.8735884428024292,0.02231893129646778,2808.1424053109326,0.49282217025756836,0.5508847832679749,0.713408350944519,0.8048773407936096,0.6255111694335938,0.4157598614692688,0.298738956451416,0.24183182418346405,0.2700258195400238,0.330337792634964,0.3477773070335388,0.39517879486083984
hiphop.00002.wav,data/genres_original/hiphop/hiphop.00002.wav,-202.88755798339844,132.38377380371094,12.001249313354492,43.77103805541992,-10.231292724609375,17.12233543395996,-13.562596321105957,15.0440092086792,-16.2617244720459,9.421975135803223,-11.645678520202637,7.047657489776611,-4.31720495223999,0.8322123885154724,-5.603878974914551,1.263429880142212,-6.975629806518555,0.39049315452575684,-2.4323792457580566,-2.932157516479492,1490.5209977308093,0.3924197852611542,0.4013161063194275,0.41601330041885376,0.375294953584671,0.3433859348297119,0.3706197142601013,0.30611997842788696,0.2874196767807007,0.3615443706512451,0.46980077028274536,0.607330858707428,0.5175275206565857
hiphop.00003.wav,data/genres_original/hiphop/hiphop.00003.wav,-40.25515365600586,80.83008575439453,-25.643091201782227,38.426090240478516,-11.07286548614502,24.912195205688477,-7.368898868560791,26.772397994995117,-5.286709308624268,16.798524856567383,-3.4986274242401123,8.451584815979004,-5.596708297729492,12.057393074035645,-1.892448902130127,10.485353469848633,0.6510156989097595,0.27163252234458923,-5.093353748321533,-4.009427070617676,2493.1638737463427,0.571709156036377,0.5507718324661255,0.5817188620567322,0.5053489804267883,0.3837166726589203,0.3428700268268585,0.3356659710407257,0.33422186970710754,0.336169570684433,0.49893617630004883,0.5548498034477234,0.6111767888069153
hiphop.00004.wav,data/genres_original/hiphop/hiphop.00004.wav,-140.21090698242188,71.62181091308594,-3.775388240814209,39.00546646118164,4.194395065307617,31.50735855102539,-3.9653079509735107,19.7635440826416,-3.7660906314849854,16.000133514404297,-3.170909881591797,11.850969314575195,-1.255204200744629,5.775349140167236,1.2760406732559204,1.6593856811523438,-0.838862955570221,1.6146657466888428,-4.074909210205078,1.1415369510650635,2372.727829534901,0.40303683280944824,0.3773099482059479,0.470725953578949,0.4103167653083801,0.4710659384727478,0.4555104672908783,0.3938717544078827,0.469841867685318,0.5286317467689514,0.5215349793434143,0.45737847685813904,0.43359503149986267
hiphop.00005.wav,data/genres_original/hiphop/hiphop.00005.wav,-11.675508499145508,81.99324798583984,-8.505696296691895,52.76783752441406,-14.704219818115234,31.96473503112793,-19.689998626708984,22.869426727294922,-14.710647583007812,14.518813133239746,-10.083077430725098,14.005071640014648,-8.073013305664062,7.434213638305664,-5.497814655303955,12.842174530029297,-3.6973352432250977,6.217958450317383,-2.5902512073516846,0.10540749877691269,2708.9613684451087,0.4346809387207031,0.46970152854919434,0.48316413164138794,0.4798714816570282,0.48783808946609497,0.5238267779350281,0.5369221568107605,0.5410371422767639,0.5057567954063416,0.544185221195221,0.4567309319972992,0.4242933988571167
hiphop.00006.wav,data/genres_original/hiphop/hiphop.00006.wav,-59.61099624633789,63.90055847167969,3.488585948944092,45.2357063293457,-1.1763192415237427,28.239429473876953,-13.16677474975586,23.605127334594727,-6.623219013214111,16.478992462158203,-7.2890729904174805,14.477245330810547,-5.7934417724609375,8.176777839660645,-6.8806257247924805,6.73612117767334,-4.475574970245361,0.9611831307411194,-7.133025646209717,-1.2612324953079224,2859.0217012683083,0.4254269003868103,0.39991435408592224,0.4120878279209137,0.48353251814842224,0.528210461139679,0.4219980537891388,0.38716602325439453,0.4292432963848114,0.4910508990287781,0.567543625831604,0.5249960422515869,0.4994804561138153
hiphop.00007.wav,data/genres_original/hiphop/hiphop.00007.wav,-58.45187759399414,103.05016326904297,-7.215404510498047,44.881866455078125,-8.616436958312988,12.345843315124512,-13.746114730834961,19.974220275878906,-13.128944396972656,17.136245727539062,-3.9520180225372314,15.581610679626465,-0.4627671241760254,6.928035259246826,-6.032931804656982,5.636642932891846,-3.179873466491699,1.815958023071289,-2.5663435459136963,0.10787333548069,2047.1206937169864,0.3877333998680115,0.37632450461387634,0.4291083812713623,0.5305994749069214,0.6232901215553284,0.3741234540939331,0.33116474747657776,0.35171371698379517,0.41265949606895447,0.48839882016181946,0.44859012961387634,0.43444445729255676
hiphop.00008.wav,data/genres_original/hiphop/hiphop.00008.wav,-111.1655044555664,55.19440460205078,-18.444690704345703,47.21847915649414,-24.78782081604004,22.52642059326172,-21.138931274414062,12.542854309082031,-15.849727630615234,16.296558380126953,-12.565081596374512,9.609179496765137,-12.127596855163574,4.850223064422607,-2.2139861583709717,6.885990142822266,0.49253708124160767,13.001816749572754,5.953299045562744,5.440598011016846,3069.395746222052,0.3997052013874054,0.3513115644454956,0.3201746940612793,0.37854263186454773,0.4238680303096771,0.43616822361946106,0.48409169912338257,0.5075365304946899,0.571882426738739,0.55974280834198,0.5109589099884033,0.49731171131134033
hiphop.00009.wav,data/genres_original/hiphop/hiphop.00009.wav,-95.08695220947266,94.1934814453125,-2.517667055130005,49.53371810913086,-6.613985061645508,33.199676513671875,-7.596035480499268,20.96307945251465,-8.853171348571777,16.792491912841797,-5.245885372161865,10.775888442993164,-3.460481643676758,7.310612678527832,-3.442085027694702,3.8423047065734863,-3.2273755073547363,1.7994252443313599,0.09320569038391113,4.005059242248535,2199.9161931162494,0.6224749088287354,0.5302032232284546,0.5407103300094604,0.5954059362411499,0.6400058269500732,0.6360834836959839,0.5603899955749512,0.4808812141418457,0.4436548054218292,0.46532905101776123,0.5596407055854797,0.6529878973960876
hiphop.00010.wav,data/genres_original/hiphop/hiphop.00010.wav,-67.45474243164062,94.84137725830078,-38.85322952270508,37.64175033569336,-12.254446983337402,36.9015007019043,-12.65212631225586,18.29703712463379,-8.852411270141602,17.983482360839844,-7.276880264282227,9.71690845489502,-8.743619918823242,4.505953311920166,-7.589960098266602,0.22546321153640747,-4.874093055725098,4.848042011260986,-2.00339937210083,-0.7525283694267273,2284.5537023938355,0.40581396222114563,0.4123263657093048,0.40408140420913696,0.42555585503578186,0.41782787442207336,0.40470919013023376,0.42666390538215637,0.47922301292419434,0.46542149782180786,0.421709269285202,0.43867191672325134,0.42643100023269653
hiphop.00011.wav,data/genres_original/hiphop/hiphop.00011.wav,-74.19892883300781,104.60867309570312,-8.396770477294922,49.6582145690918,-9.376968383789062,21.43830680847168,-16.337013244628906,18.781410217285156,-13.079522132873535,18.464000701904297,-14.953655242919922,6.876264572143555,-15.32654094696045,4.772735118865967,-11.097987174987793,4.743538856506348,-2.802868604660034,6.797865867614746,-5.8092241287231445,-3.786318302154541,2095.2999106477832,0.37310680747032166,0.38001590967178345,0.44666245579719543,0.4563700556755066,0.42528238892555237,0.48123905062675476,0.4209730923175812,0.4098479449748993,0.48407846689224243,0.5551499724388123,0.4863765835762024,0.4096042513847351
hiphop.00012.wav,data/genres_original/hiphop/hiphop.00012.wav,-67.10566711425781,112.4154281616211,-23.642478942871094,44.281246185302734,-18.86181640625,23.874338150024414,-13.404415130615234,20.146224975585938,-10.650067329406738,20.62359619140625,-7.508759021759033,14.423368453979492,-9.391209602355957,11.295232772827148,-8.861958503723145,7.085529327392578,0.45575419068336487,9.39279556274414,-0.8869529962539673,-0.5751079320907593,1976.5494346772984,0.20171859860420227,0.3067680597305298,0.33309441804885864,0.5106544494628906,0.433793306350708,0.37899112701416016,0.3950466811656952,0.42430388927459717,0.4036792814731598,0.38934260606765747,0.3120884895324707,0.215680330991745
hiphop.00013.wav,data/genres_original/hiphop/hiphop.00013.wav,-129.403564453125,141.74864196777344,-42.52815246582031,34.001808166503906,-6.971371173858643,8.687779426574707,-11.363058090209961,15.943838119506836,-9.01501750946045,6.639108657836914,-8.326202392578125,7.559482097625732,-5.469923973083496,5.8708648681640625,-3.1525161266326904,-1.6954052448272705,-8.80761432647705,-4.858022212982178,-9.291837692260742,2.123159646987915,1798.2344278466167,0.2909215986728668,0.2339836061000824,0.3706743121147156,0.6092994809150696,0.5560449361801147,0.38686296343803406,0.19229035079479218,0.21492896974086761,0.26366886496543884,0.2135186642408371,0.302202433347702,0.44716042280197144
hiphop.00014.wav,data/genres_original/hiphop/hiphop.00014.wav,-51.27444839477539,91.09927368164062,-33.76968765258789,69.93060302734375,-12.950169563293457,23.187633514404297,-13.769307136535645,23.78400230407715,-14.735113143920898,10.699328422546387,-13.481393814086914,6.0735249519348145,-14.72009563446045,1.686245083808899,-7.245056629180908,3.9597935676574707,-2.653482675552368,7.55263614654541,-0.12975479662418365,-0.7301483750343323,2437.1444906156676,0.47218042612075806,0.40665966272354126,0.39150235056877136,0.5931233763694763,0.5057321786880493,0.3460533320903778,0.4182716906070709,0.635818362236023,0.776960551738739,0.5865558981895447,0.3725406229496002,0.37040355801582336
hiphop.00015.wav,data/genres_original/hiphop/hiphop.00015.wav,-81.9178695678711,94.77232360839844,-16.236648559570312,40.53056716918945,-12.247199058532715,28.1861572265625,-20.102428436279297,18.10137176513672,-14.641278266906738,14.184541702270508,-7.254330158233643,13.658236503601074,-8.487998962402344,7.899718761444092,-4.832513332366943,5.101996421813965,-5.884973049163818,2.0725226402282715,-5.665476322174072,-1.3740298748016357,2395.496191736084,0.5479193329811096,0.541654646396637,0.4972652792930603,0.4437759816646576,0.4704169034957886,0.4253422021865845,0.36090436577796936,0.34589940309524536,0.3477882742881775,0.33859652280807495,0.36070629954338074,0.4031845033168793
hiphop.00016.wav,data/genres_original/hiphop/hiphop.00016.wav,-88.06500244140625,77.37210083007812,-19.096099853515625,51.57594680786133,-11.776864051818848,22.21097755432129,-4.727705955505371,20.10921859741211,-8.329367637634277,14.603727340698242,-3.8112471103668213,8.579864501953125,-11.464594841003418,2.1605775356292725,-12.678756713867188,0.39530470967292786,0.9852864742279053,10.532833099365234,7.629764080047607,4.388355731964111,2433.764468111271,0.5212697386741638,0.5465664863586426,0.554311215877533,0.5379911661148071,0.4350547194480896,0.3926734924316406,0.39478766918182373,0.4505418837070465,0.4882517158985138,0.4357597827911377,0.39847642183303833,0.45215749740600586
hiphop.00017.wav,data/genres_original/hiphop/hiphop.00017.wav,-76.8237075805664,98.3895492553711,-5.026061058044434,49.33168411254883,-10.28821849822998,33.28682327270508,-9.961770057678223,17.616519927978516,-12.231269836425781,18.665477752685547,-10.976790428161621,11.51085090637207,-10.49024772644043,6.261918544769287,-6.977470874786377,2.4990711212158203,-4.89557409286499,5.468562602996826,-1.8260891437530518,0.6364123821258545,2144.794528258055,0.5547246336936951,0.5347094535827637,0.5223081111907959,0.4879245460033417,0.4421825706958771,0.4515846073627472,0.47847115993499756,0.46454930305480957,0.47486159205436707,0.5321137309074402,0.4291972219944,0.4012297987937927
hiphop.00018.wav,data/genres_original/hiphop/hiphop.00018.wav,-113.4963150024414,68.4594497680664,-15.76408863067627,56.38856887817383,-8.150659561157227,27.04155921936035,-12.364463806152344,20.66541290283203,-12.666248321533203,15.433279037475586,-10.998273849487305,14.049125671386719,-12.502552032470703,7.401501655578613,-13.3185453414917,-0.24479219317436218,-12.045157432556152,3.818794012069702,-2.6738061904907227,5.645594596862793,2677.639716066268,0.4734867811203003,0.49276530742645264,0.5355643033981323,0.5821748971939087,0.6137726306915283,0.564889132976532,0.44183388352394104,0.35958680510520935,0.332394003868103,0.34419339895248413,0.37903979420661926,0.42297476530075073
hiphop.00019.wav,data/genres_original/hiphop/hiphop.00019.wav,-64.6525650024414,88.2173080444336,-10.360633850097656,41.79439163208008,-2.5611276626586914,22.90143394470215,-6.498873710632324,16.630943298339844,-5.801909923553467,13.093462944030762,-6.912006378173828,3.0270063877105713,-9.772855758666992,2.343487024307251,-7.0578532218933105,3.2029778957366943,1.7207870483398438,6.090177059173584,0.3734074532985687,-3.0363776683807373,2470.7222619019626,0.4265965223312378,0.42678987979888916,0.46044808626174927,0.42870432138442993,0.37296903133392334,0.3607650101184845,0.3672766089439392,0.44314348697662354,0.4974377155303955,0.4913966953754425,0.48377466201782227,0.42751654982566833
hiphop.00020.wav,data/genres_original/hiphop/hiphop.00020.wav,-122.2708969116211,50.5846061706543,-27.78964614868164,66.59070587158203,-6.604405879974365,32.06758499145508,-8.222271919250488,22.451204299926758,-6.941655158996582,21.064743041992188,-6.183084487915039,13.653635025024414,-3.0919604301452637,8.70637321472168,-2.921811580657959,3.6755144596099854,0.273409903049469,12.869027137756348,14.640284538269043,15.362201690673828,2677.5983922065384,0.3945135474205017,0.3449461758136749,0.36977848410606384,0.4207930862903595,0.44180548191070557,0.5107171535491943,0.5306597948074341,0.5856713056564331,0.6578896045684814,0.6407837271690369,0.5345026850700378,0.45028185844421387
hiphop.00021.wav,data/genres_original/hiphop/hiphop.00021.wav,-27.619718551635742,94.39550018310547,-20.580795288085938,49.872005462646484,-14.710575103759766,23.870302200317383,-17.60820198059082,24.036556243896484,-15.884778022766113,16.427289962768555,-10.625279426574707,13.890170097351074,-10.467001914978027,8.206330299377441,-10.300274848937988,5.019435405731201,-5.749616622924805,10.313241958618164,3.6337451934814453,9.231846809387207,2405.5835283761526,0.36060282588005066,0.3626016080379486,0.3754478096961975,0.4397152066230774,0.4245850741863251,0.4984290599822998,0.6437861919403076,0.5433527231216431,0.4756234884262085,0.38369154930114746,0.3302898108959198,0.3247644305229187
hiphop.00022.wav,data/genres_original/hiphop/hiphop.00022.wav,-100.66327667236328,110.21073150634766,1.0357718467712402,38.76592254638672,-14.493541717529297,20.652626037597656,-18.038021087646484,12.56884479522705,-14.126204490661621,15.102986335754395,-9.241575241088867,11.399988174438477,-9.50900936126709,8.644916534423828,-7.103829860687256,2.9938859939575195,-4.505924701690674,4.691579341888428,-4.123481273651123,-2.786311626434326,2025.7166368995133,0.4747926592826843,0.4735221862792969,0.4059654176235199,0.33572742342948914,0.37352830171585083,0.484638512134552,0.41438236832618713,0.38226568698883057,0.4407670795917511,0.44293293356895447,0.5501564741134644,0.49718084931373596
hiphop.00023.wav,data/genres_original/hiphop/hiphop.00023.wav,-44.67913055419922,101.19932556152344,-26.271495819091797,52.9307746887207,-11.720012664794922,26.934398651123047,-13.28641128540039,20.705005645751953,-17.487638473510742,11.862386703491211,-10.670159339904785,8.376946449279785,-15.428057670593262,4.877152919769287,-10.053336143493652,4.5628180503845215,-1.987415075302124,7.982761859893799,1.214754581451416,1.3717048168182373,2240.303180287592,0.3221636414527893,0.2766634225845337,0.38021108508110046,0.33298373222351074,0.3447929918766022,0.4865987300872803,0.4282398521900177,0.6186748147010803,0.42212432622909546,0.40466609597206116,0.2908705770969391,0.2647121548652649
hiphop.00024.wav,data/genres_original/hiphop/hiphop.00024.wav,-62.99481201171875,86.32369995117188,-37.947296142578125,39.57345199584961,-16.532899856567383,21.116252899169922,-12.255192756652832,13.09414291381836,-12.382425308227539,16.648332595825195,-3.980501174926758,8.853623390197754,-6.325511455535889,5.704400539398193,-6.310834884643555,2.3043606281280518,-0.8654877543449402,6.5173258781433105,4.682213306427002,4.396810054779053,2517.747734885853,0.31602105498313904,0.3378264904022217,0.38993096351623535,0.3993704617023468,0.42057427763938904,0.500724196434021,0.5500842332839966,0.523101270198822,0.516636312007904,0.4963056743144989,0.3893109858036041,0.3305409252643585
hiphop.00025.wav,data/genres_original/hiphop/hiphop.00025.wav,-44.37471389770508,93.3746566772461,-22.270524978637695,48.86194610595703,-13.884771347045898,34.41938400268555,-6.297979831695557,25.889358520507812,-12.322333335876465,20.435731887817383,-5.749463081359863,11.85434627532959,-11.549434661865234,10.156774520874023,-3.9590327739715576,10.586918830871582,0.8432894945144653,9.215948104858398,1.7228974103927612,-0.23039892315864563,2305.1590945533026,0.3805079460144043,0.3448367714881897,0.37690702080726624,0.44901394844055176,0.5295574069023132,0.5729113817214966,0.580714225769043,0.6239126920700073,0.670830249786377,0.6166651248931885,0.5046159625053406,0.4378347098827362
hiphop.00026.wav,data/genres_original/hiphop/hiphop.00026.wav,-103.22315216064453,30.572120666503906,20.80903434753418,45.81602096557617,9.800679206848145,8.627315521240234,1.6164566278457642,12.33467960357666,0.5186646580696106,4.992222309112549,-2.8359498977661133,8.032367706298828,-1.397461175918579,3.317728281021118,1.2085942029953003,3.301628589630127,-2.6962645053863525,5.636079788208008,-0.7149581909179688,2.758795976638794,3459.980501661103,0.48939815163612366,0.45070675015449524,0.48303917050361633,0.47867104411125183,0.476281076669693,0.49911928176879883,0.48638221621513367,0.5174933075904846,0.47523191571235657,0.43033578991889954,0.43741416931152344,0.48210611939430237
hiphop.00027.wav,data/genres_original/hiphop/hiphop.00027.wav,-109.07124328613281,76.9149169921875,2.592334508895874,19.05963706970215,0.55028235912323,8.17456340789795,-8.068408012390137,5.9523515701293945,-4.330567836761475,3.656076192855835,-1.5556678771972656,2.6334877014160156,2.252040386199951,2.8522262573242188,-5.210043907165527,5.358038425445557,-6.185615539550781,2.2385311126708984,-2.470872163772583,-5.973831653594971,2637.4232219262044,0.5394147038459778,0.5402975082397461,0.5630791783332825,0.40713363885879517,0.31313028931617737,0.2993706166744232,0.32234200835227966,0.32909026741981506,0.333291620016098,0.4081190228462219,0.4931003749370575,0.5844235420227051
hiphop.00028.wav,data/genres_original/hiphop/hiphop.00028.wav,-83.2026596069336,67.71298217773438,1.230516791343689,29.658491134643555,12.577920913696289,5.61306619644165,6.211838245391846,8.097906112670898,-4.784865856170654,7.664915084838867,-1.1791574954986572,4.24271821975708,1.930667519569397,1.0202534198760986,2.38057017326355,3.1090047359466553,-8.059311866760254,1.67205810546875,-1.6564000844955444,-3.2753491401672363,2774.871060337549,0.631981611251831,0.3573031723499298,0.2639220654964447,0.23212546110153198,0.24076151847839355,0.24422091245651245,0.3123971223831177,0.42449161410331726,0.42502760887145996,0.4142792522907257,0.42585107684135437,0.523176372051239
hiphop.00029.wav,data/genres_original/hiphop/hiphop.00029.wav,-72.51429748535156,57.03794860839844,5.948390007019043,25.90442657470703,6.662389755249023,11.494861602783203,5.109200954437256,10.105277061462402,0.9503965377807617,8.685616493225098,-1.6870508193969727,5.997684955596924,0.1430419385433197,4.966505527496338,-2.012679100036621,6.097602367401123,0.09555128961801529,4.1566691398620605,0.2513653635978699,5.891547203063965,3131.3432607004365,0.3648527264595032,0.3830251693725586,0.3614867925643921,0.4485434889793396,0.5145344734191895,0.3790563941001892,0.39667221903800964,0.46671199798583984,0.5853396058082581,0.5046638250350952,0.456571489572525,0.42480742931365967
hiphop.00030.wav,data/genres_original/hiphop/hiphop.00030.wav,-23.794031143188477,43.71694564819336,30.55069351196289,26.501972198486328,4.336692810058594,21.913753509521484,2.5762875080108643,6.990405082702637,-1.4965213537216187,4.582283020019531,0.4170425534248352,2.464586019515991,-4.074756145477295,-2.0174925327301025,-3.564728260040283,-0.1283262073993683,-2.476689577102661,-1.0378423929214478,-4.768673419952393,-2.6154189109802246,3724.7745542619245,0.6903626918792725,0.6030499935150146,0.4925144612789154,0.49270179867744446,0.4956318736076355,0.5282262563705444,0.537423849105835,0.5292742848396301,0.47350120544433594,0.49643605947494507,0.5522763729095459,0.5793352127075195
hiphop.00031.wav,data/genres_original/hiphop/hiphop.00031.wav,-25.108787536621094,60.825592041015625,-4.187173366546631,14.848390579223633,6.795022964477539,6.098333835601807,15.451297760009766,3.7847344875335693,5.659809112548828,10.247507095336914,0.8633309602737427,4.183889389038086,0.9262048006057739,3.252739191055298,0.2155904620885849,2.6983184814453125,0.7047306895256042,0.8962899446487427,0.3617592453956604,-0.006407226901501417,3084.823804546642,0.43892425298690796,0.41009587049484253,0.4578365087509155,0.4018745422363281,0.49904176592826843,0.47774121165275574,0.3737168312072754,0.4664868712425232,0.5463935136795044,0.6818476915359497,0.5474817752838135,0.4567076861858368
hiphop.00032.wav,data/genres_original/hiphop/hiphop.00032.wav,-148.12136840820312,90.56765747070312,-0.27532321214675903,28.85523796081543,19.306163787841797,15.245031356811523,4.281466484069824,15.5199556350708,1.2726043462753296,11.129076957702637,8.849079132080078,6.3161725997924805,1.6312522888183594,1.4264014959335327,-3.4119391441345215,1.1954083442687988,-0.7235135436058044,0.7817316651344299,-0.4509488344192505,1.7203565835952759,2145.890945678912,0.5252237319946289,0.5453065633773804,0.4868883192539215,0.4984973073005676,0.5087469220161438,0.4416782557964325,0.4742636978626251,0.4262896478176117,0.4775785803794861,0.4295812249183655,0.4141101837158203,0.4757993817329407
hiphop.00033.wav,data/genres_original/hiphop/hiphop.00033.wav,-31.93762969970703,59.89348602294922,-2.707521677017212,33.51490020751953,13.086965560913086,9.461901664733887,-1.6719098091125488,14.184528350830078,3.138348340988159,6.803654193878174,1.169560194015503,3.8993725776672363,1.6967898607254028,1.254310965538025,-1.4599716663360596,-0.16600093245506287,-1.5947375297546387,1.8287376165390015,1.5520316362380981,-2.3023359775543213,2982.0828218625525,0.470403254032135,0.5018710494041443,0.5407397150993347,0.5889769196510315,0.5379671454429626,0.5832935571670532,0.4958648681640625,0.40567880868911743,0.44485968351364136,0.442474365234375,0.5158272385597229,0.47596117854118347
hiphop.00034.wav,data/genres_original/hiphop/hiphop.00034.wav,5.841989517211914,53.23731231689453,-8.97913646697998,26.946001052856445,0.441150963306427,15.555137634277344,1.6571180820465088,7.66583251953125,4.984779357910156,8.606435775756836,3.414468288421631,8.525943756103516,1.132990837097168,4.909482002258301,0.8620597720146179,3.402404308319092,-2.8807528018951416,2.790043592453003,-1.7171186208724976,-0.27817854285240173,3191.1765117370255,0.44533953070640564,0.47117793560028076,0.48211443424224854,0.5124896764755249,0.5016034245491028,0.48633846640586853,0.45524299144744873,0.4367280900478363,0.4597471356391907,0.43070709705352783,0.49949946999549866,0.45778751373291016
hiphop.00035.wav,data/genres_original/hiphop/hiphop.00035.wav,-100.91944122314453,64.29094696044922,12.551603317260742,26.48169708251953,12.407430648803711,12.13595962524414,2.4698941707611084,18.496999740600586,1.5057790279388428,12.057713508605957,-1.4862085580825806,6.731626510620117,3.8606369495391846,3.0960423946380615,1.757584810256958,4.55509614944458,-2.3657751083374023,5.436001300811768,2.7719078063964844,3.7227253913879395,2825.5302060644444,0.5845924615859985,0.4860574007034302,0.3967083990573883,0.33250337839126587,0.3428398370742798,0.3870235085487366,0.4819313585758209,0.5350823402404785,0.6569203734397888,0.7561743259429932,0.7163573503494263,0.6697870492935181
hiphop.00036.wav,data/genres_original/hiphop/hiphop.00036.wav,-220.95443725585938,41.13650894165039,-13.999250411987305,33.61878967285156,12.183350563049316,13.665728569030762,5.954324722290039,7.631933212280273,5.290375232696533,10.472712516784668,4.765573501586914,6.500653266906738,6.490899562835693,5.459078311920166,2.5724356174468994,-1.6358829736709595,-1.5488934516906738,3.086272716522217,4.928208827972412,3.7156033515930176,2960.013105340155,0.4265784025192261,0.4097440242767334,0.5129199624061584,0.612511396408081,0.45902836322784424,0.42909783124923706,0.440834105014801,0.5261940360069275,0.6416674852371216,0.6619840860366821,0.6278457641601562,0.4770353436470032
hiphop.00037.wav,data/genres_original/hiphop/hiphop.00037.wav,-96.66390228271484,30.600751876831055,2.5303542613983154,12.692530632019043,-10.97372817993164,-2.1038084030151367,-3.632410764694214,-7.589944839477539,-5.321712493896484,-0.6840311884880066,-4.148995876312256,-3.1092333793640137,-4.859254837036133,-3.099071741104126,-4.161171913146973,-2.5633745193481445,-3.482543468475342,-0.3457977771759033,-2.8692476749420166,2.329916477203369,3770.0765106624654,0.40668949484825134,0.4316009283065796,0.4529001712799072,0.36940672993659973,0.369501531124115,0.4096648395061493,0.391778826713562,0.4839150011539459,0.4099034070968628,0.35442984104156494,0.41972827911376953,0.4086224436759949
hiphop.00038.wav,data/genres_original/hiphop/hiphop.00038.wav,-62.80690002441406,72.10189819335938,-16.114137649536133,27.41850471496582,5.560953617095947,1.8214279413223267,3.902392864227295,8.463777542114258,-2.00744891166687,5.825008869171143,0.15586376190185547,-0.30150026082992554,-0.6675374507904053,-1.483299970626831,-0.06580477952957153,3.2086806297302246,0.6697354912757874,1.1243902444839478,-0.9367659687995911,-3.077510118484497,2202.2948946843676,0.29257771372795105,0.2793472707271576,0.38540181517601013,0.30624350905418396,0.3335684835910797,0.43795493245124817,0.4719371497631073,0.48045170307159424,0.43394002318382263,0.5283179879188538,0.4777049124240875,0.3535999357700348
hiphop.00039.wav,data/genres_original/hiphop/hiphop.00039.wav,-121.61007690429688,76.91941833496094,29.01348114013672,9.935918807983398,3.173764705657959,5.175322532653809,4.968313217163086,-1.0265125036239624,1.1707607507705688,2.1393537521362305,3.1176486015319824,1.136677622795105,-0.7820611000061035,-4.982222557067871,-0.12525717914104462,-4.50537633895874,-2.1900975704193115,-1.3730920553207397,-3.155975341796875,-7.364275932312012,2706.6714628489012,0.43632790446281433,0.4001734256744385,0.409431517124176,0.41104385256767273,0.38353246450424194,0.3730727434158325,0.3540404140949249,0.4063778817653656,0.33794572949409485,0.3919180929660797,0.40940573811531067,0.36737850308418274
hiphop.00040.wav,data/genres_original/hiphop/hiphop.00040.wav,-185.25148010253906,96.74281311035156,44.60040283203125,13.892826080322266,6.014659881591797,-2.906555652618408,3.2618510723114014,-9.664787292480469,-3.648592472076416,5.2512078285217285,-0.9549691081047058,7.6877121925354,6.088024616241455,-0.11232192814350128,0.5732216238975525,0.509272038936615,-5.86958122253418,-5.458772659301758,-3.0603396892547607,-4.781970024108887,2431.6745536158296,0.24407704174518585,0.41597414016723633,0.3337513208389282,0.527815043926239,0.3246396780014038,0.33601701259613037,0.4147479236125946,0.3062921166419983,0.28799211978912354,0.26435691118240356,0.35386863350868225,0.3614872097969055
hiphop.00041.wav,data/genres_original/hiphop/hiphop.00041.wav,-76.5826416015625,68.33753204345703,-0.9878047704696655,30.346250534057617,3.6340491771698,5.201216220855713,3.2781922817230225,2.940854787826538,5.555166244506836,4.673672199249268,4.329291343688965,3.4459428787231445,2.855705499649048,1.4406077861785889,-2.32285737991333,-2.6037673950195312,-5.056962490081787,-3.9807498455047607,-5.564883232116699,-0.0007119429646991193,2708.8083141428915,0.40686890482902527,0.47071582078933716,0.42924901843070984,0.36301305890083313,0.4005357027053833,0.40274620056152344,0.44243496656417847,0.5180116891860962,0.5340588092803955,0.43943360447883606,0.3373461961746216,0.35539552569389343
hiphop.00042.wav,data/genres_original/hiphop/hiphop.00042.wav,-74.35974884033203,48.817752838134766,4.047643184661865,35.846370697021484,12.497232437133789,13.474960327148438,9.024468421936035,12.567509651184082,2.486557960510254,12.132177352905273,9.134346961975098,3.928713321685791,4.571033000946045,1.3762094974517822,3.1932342052459717,4.33253812789917,-4.257221221923828,2.8328747749328613,2.6930997371673584,2.746927499771118,2908.796471318714,0.4268149733543396,0.4950941801071167,0.658637523651123,0.7593485116958618,0.5908048748970032,0.45080476999282837,0.3682277798652649,0.37191203236579895,0.3422163724899292,0.3022710978984833,0.2875005900859833,0.3323715627193451
hiphop.00043.wav,data/genres_original/hiphop/hiphop.00043.wav,-155.6377410888672,113.65833282470703,-4.024228096008301,18.278228759765625,13.483909606933594,8.251856803894043,8.810651779174805,11.110943794250488,8.910264015197754,10.224348068237305,6.1002116203308105,9.73854923248291,9.32022762298584,2.2594478130340576,2.847440004348755,7.5475544929504395,-2.6623220443725586,0.9173482656478882,0.4431045949459076,0.7698159217834473,1834.8226201664872,0.42379501461982727,0.43223893642425537,0.320217490196228,0.40334293246269226,0.6414912939071655,0.35447958111763,0.310085266828537,0.4081990718841553,0.5463396906852722,0.6583053469657898,0.45176082849502563,0.3923673927783966
hiphop.00044.wav,data/genres_original/hiphop/hiphop.00044.wav,-267.5225524902344,77.79212188720703,-18.18976593017578,18.888139724731445,1.9943974018096924,-7.58877420425415,4.713878631591797,-7.698332786560059,-10.356959342956543,10.97526741027832,-2.8659427165985107,-5.7574381828308105,2.3471524715423584,-7.099607944488525,0.4050517976284027,-1.8043371438980103,-8.364888191223145,-3.0725455284118652,-4.399868965148926,-1.6514450311660767,2548.7636099360616,0.30715131759643555,0.2787141799926758,0.3469158411026001,0.30558720231056213,0.36296314001083374,0.33087244629859924,0.43310290575027466,0.419513463973999,0.36703142523765564,0.4292958378791809,0.3317053020000458,0.35364288091659546
hiphop.00045.wav,data/genres_original/hiphop/hiphop.00045.wav,-121.61007690429688,76.91941833496094,29.01348114013672,9.935918807983398,3.173764705657959,5.175322532653809,4.968313217163086,-1.0265125036239624,1.1707607507705688,2.1393537521362305,3.1176486015319824,1.136677622795105,-0.7820611000061035,-4.982222557067871,-0.12525717914104462,-4.50537633895874,-2.1900975704193115,-1.3730920553207397,-3.155975341796875,-7.364275932312012,2706.6714628489012,0.43632790446281433,0.4001734256744385,0.409431517124176,0.41104385256767273,0.38353246450424194,0.3730727434158325,0.3540404140949249,0.4063778817653656,0.33794572949409485,0.3919180929660797,0.40940573811531067,0.36737850308418274
hiphop.00046.wav,data/genres_original/hiphop/hiphop.00046.wav,-75.66786193847656,91.02240753173828,9.864940643310547,25.09408187866211,11.801715850830078,10.166982650756836,0.12458106875419617,8.227128982543945,1.6348944902420044,0.49703988432884216,1.8070878982543945,5.492985725402832,1.2929039001464844,1.1345568895339966,-1.189508080482483,0.37554049491882324,-1.2076174020767212,-2.060605764389038,-1.2071043252944946,-2.634706735610962,2306.786333638483,0.5366699695587158,0.5014604330062866,0.48201337456703186,0.5023897290229797,0.5397164225578308,0.5187546610832214,0.426327109336853,0.40768495202064514,0.4502248466014862,0.5171728730201721,0.5295589566230774,0.49414491653442383
hiphop.00047.wav,data/genres_original/hiphop/hiphop.00047.wav,-76.64228820800781,52.77650451660156,34.64007568359375,26.187644958496094,16.660329818725586,11.346407890319824,5.853891849517822,6.904238700866699,3.664475917816162,-0.9604272842407227,3.875897169113159,4.487945079803467,0.6365995407104492,5.433753490447998,4.194068908691406,0.8124226927757263,1.630631446838379,0.6943533420562744,-2.806063175201416,-3.4109480381011963,3236.2092131808367,0.37881046533584595,0.37046024203300476,0.38839173316955566,0.41022390127182007,0.4805644452571869,0.5237683057785034,0.5399743914604187,0.5693120956420898,0.5306037664413452,0.44355353713035583,0.37774550914764404,0.3794666826725006
hiphop.00048.wav,data/genres_original/hiphop/hiphop.00048.wav,-87.68079376220703,79.37557983398438,25.071247100830078,45.16530990600586,11.19914436340332,18.170175552368164,3.5208580493927,6.995575428009033,1.2674154043197632,2.360788106918335,-1.7764662504196167,-0.012601728551089764,-2.705974578857422,-0.4882839322090149,-5.2594146728515625,-3.865269184112549,-2.5075833797454834,-4.682102203369141,-4.9848833084106445,-4.423426151275635,2344.385703637443,0.3214665949344635,0.28559020161628723,0.27935314178466797,0.36181753873825073,0.5339645743370056,0.4925045669078827,0.45296311378479004,0.4611726701259613,0.46688246726989746,0.5874322652816772,0.4425743818283081,0.31045639514923096
hiphop.00049.wav,data/genres_original/hiphop/hiphop.00049.wav,-44.555233001708984,41.62350082397461,29.91263198852539,51.86369323730469,12.875632286071777,13.72489070892334,7.962604999542236,9.290233612060547,8.388367652893066,1.8994230031967163,1.1413116455078125,4.5649919509887695,5.524622917175293,1.3144537210464478,2.3494503498077393,-0.7992001175880432,-4.252003192901611,-3.572897434234619,-3.8355391025543213,-4.442142486572266,3084.4973664314452,0.5014446973800659,0.5058046579360962,0.4842569828033447,0.44040119647979736,0.4057275652885437,0.3978329598903656,0.3820696473121643,0.41821202635765076,0.5198114514350891,0.6286153793334961,0.5779522657394409,0.5466330051422119
hiphop.00050.wav,data/genres_original/hiphop/hiphop.00050.wav,-114.06303405761719,110.11894989013672,17.93018341064453,37.93009567260742,27.968828201293945,1.4038034677505493,15.553620338439941,1.4255458116531372,7.354289531707764,-3.325509786605835,8.241861343383789,-0.18475691974163055,0.6828672885894775,3.3338143825531006,-2.4720284938812256,0.7509779334068298,-4.847812175750732,-2.3932740688323975,-3.291440486907959,-4.609848976135254,1683.7287656142807,0.4206412136554718,0.40918195247650146,0.39060652256011963,0.4749152660369873,0.4584747552871704,0.46097514033317566,0.43126028776168823,0.41028979420661926,0.3883679211139679,0.39151445031166077,0.45558813214302063,0.4326501488685608
hiphop.00051.wav,data/genres_original/hiphop/hiphop.00051.wav,-78.71351623535156,73.09977722167969,21.83403968811035,49.21601104736328,3.114288806915283,18.307453155517578,1.8565906286239624,8.398898124694824,1.425784707069397,4.219165325164795,-1.323271632194519,1.2506557703018188,-3.0139784812927246,1.7983278036117554,-1.8407834768295288,-0.992669939994812,-1.9069361686706543,-2.634608507156372,-4.791962146759033,-4.862099647521973,2500.521404911738,0.39947906136512756,0.37700796127319336,0.4189201891422272,0.473670095205307,0.466167151927948,0.3307982385158539,0.28852301836013794,0.3190392851829529,0.32045650482177734,0.4585271179676056,0.44665664434432983,0.4239593744277954
hiphop.00052.wav,data/genres_original/hiphop/hiphop.00052.wav,-146.51693725585938,81.55853271484375,31.962297439575195,22.430374145507812,5.098354816436768,13.628087043762207,6.495131015777588,8.408917427062988,4.438316345214844,5.01066255569458,1.8354233503341675,2.86458158493042,4.526801586151123,3.8527684211730957,1.3351527452468872,1.2303359508514404,0.577353298664093,-0.17094114422798157,-0.659072995185852,-0.08891955018043518,2595.782821610755,0.528315007686615,0.4252012372016907,0.4432867169380188,0.4385965168476105,0.35620999336242676,0.3785838782787323,0.3661704659461975,0.3749043047428131,0.420870840549469,0.5096703767776489,0.6311761140823364,0.6637934446334839
hiphop.00053.wav,data/genres_original/hiphop/hiphop.00053.wav,-144.97781372070312,66.6715316772461,44.280059814453125,22.528505325317383,6.521360397338867,8.850330352783203,11.895541191101074,5.837181568145752,3.0436742305755615,6.451862812042236,3.5622899532318115,2.5228521823883057,3.830937623977661,3.7200965881347656,6.821516513824463,5.068901538848877,0.4771592915058136,1.0826526880264282,1.9560731649398804,-0.07564610987901688,3079.1103340087907,0.5522600412368774,0.4731887876987457,0.4486384391784668,0.4703817367553711,0.444843590259552,0.4607771635055542,0.40170231461524963,0.5005135536193848,0.6074036955833435,0.5618931651115417,0.5947040319442749,0.5663589835166931
hiphop.00054.wav,data/genres_original/hiphop/hiphop.00054.wav,-104.71600341796875,64.03459930419922,28.791671752929688,10.546080589294434,15.168904304504395,13.066783905029297,8.023292541503906,5.234204292297363,6.736820220947266,5.124850273132324,4.446024417877197,4.464317798614502,3.354733943939209,2.422060966491699,0.18586985766887665,-1.5202584266662598,-2.5679931640625,-1.1960529088974,-2.1893506050109863,-1.8801896572113037,3258.7937668169607,0.565268337726593,0.5088657140731812,0.4181210994720459,0.37020036578178406,0.36655882000923157,0.3762895464897156,0.4141137897968292,0.44099920988082886,0.44182461500167847,0.44273585081100464,0.49032431840896606,0.5284179449081421
hiphop.00055.wav,data/genres_original/hiphop/hiphop.00055.wav,-161.476806640625,104.0411148071289,-10.936408996582031,43.693084716796875,13.973776817321777,14.462218284606934,7.506261348724365,9.48156452178955,6.43916654586792,6.995228290557861,1.3608633279800415,4.438622951507568,-2.926755905151367,-3.214432954788208,0.04458488151431084,4.159956932067871,-6.439525604248047,-4.963832378387451,-4.214211940765381,-2.27823805809021,1735.5854903743884,0.27883678674697876,0.37668049335479736,0.45154380798339844,0.5852821469306946,0.5627275109291077,0.4496312141418457,0.40959054231643677,0.33101165294647217,0.2798757553100586,0.28151261806488037,0.3624328076839447,0.31877970695495605
hiphop.00056.wav,data/genres_original/hiphop/hiphop.00056.wav,-101.08124542236328,72.4087142944336,-2.374791145324707,46.051170349121094,5.545094013214111,24.215152740478516,3.5403549671173096,14.531002044677734,5.654685974121094,13.535110473632812,4.972192764282227,9.905891418457031,2.9368956089019775,-2.998805284500122,-1.2425074577331543,2.305874824523926,-2.819226026535034,1.7559552192687988,0.8558956384658813,-4.35269832611084,2355.621296823601,0.47904902696609497,0.3933916985988617,0.3623459041118622,0.40715745091438293,0.4929555058479309,0.5716715455055237,0.5519908666610718,0.5221606492996216,0.49316567182540894,0.5211795568466187,0.546545147895813,0.5585528612136841
hiphop.00057.wav,data/genres_original/hiphop/hiphop.00057.wav,-113.62826538085938,87.07086944580078,-0.6380835175514221,52.25518798828125,19.37762451171875,19.676193237304688,15.387044906616211,13.7107515335083,6.9510931968688965,9.077070236206055,7.965795993804932,4.412705421447754,-0.15473133325576782,-0.4329039454460144,0.22154207527637482,-0.8372171521186829,-2.1796700954437256,-1.9916912317276,-4.442806243896484,-4.30102014541626,1811.0907893923022,0.20128832757472992,0.20914217829704285,0.29343530535697937,0.39400556683540344,0.4181655943393707,0.35121026635169983,0.44629380106925964,0.6297242045402527,0.6576860547065735,0.6024589538574219,0.3676585853099823,0.23699447512626648
hiphop.00058.wav,data/genres_original/hiphop/hiphop.00058.wav,-109.83065032958984,63.10463333129883,-13.84090518951416,43.019500732421875,6.142044544219971,23.18745994567871,8.019649505615234,10.656030654907227,0.9803228974342346,5.321308612823486,-1.832165002822876,-1.4251208305358887,-1.863975167274475,-3.183500051498413,-4.740080833435059,-3.805250644683838,-5.536844730377197,-3.185931921005249,-3.2629239559173584,-3.928107500076294,2676.5339159173477,0.5054155588150024,0.5013135075569153,0.47637873888015747,0.4459472894668579,0.47719159722328186,0.43457433581352234,0.4494137167930603,0.5068960189819336,0.5425369739532471,0.6284096837043762,0.5825672149658203,0.5230318307876587
hiphop.00059.wav,data/genres_original/hiphop/hiphop.00059.wav,-133.22669982910156,93.95075225830078,-2.2413456439971924,50.195457458496094,12.518454551696777,15.036698341369629,11.511906623840332,10.248601913452148,7.951724529266357,10.803760528564453,1.9746123552322388,5.198634624481201,1.0662620067596436,2.1747071743011475,-1.5162954330444336,-0.44872036576271057,-2.4607768058776855,-3.8682591915130615,-1.7064383029937744,-2.7746222019195557,1949.3068336318568,0.5269323587417603,0.45214757323265076,0.4461343586444855,0.47264358401298523,0.5487645268440247,0.6857482194900513,0.5459302067756653,0.44870316982269287,0.4532832205295563,0.5033798217773438,0.4550701379776001,0.45609554648399353
hiphop.00060.wav,data/genres_original/hiphop/hiphop.00060.wav,-153.50096130371094,92.77770233154297,-15.882088661193848,57.952430725097656,8.575669288635254,18.462398529052734,13.276263236999512,11.162718772888184,7.613733291625977,12.974226951599121,5.661205291748047,7.017446041107178,2.8843374252319336,1.6163464784622192,0.012030917219817638,3.024331569671631,-0.234188050031662,-1.3870301246643066,-2.3182177543640137,-1.3271762132644653,1717.834483382323,0.4689764380455017,0.4223184883594513,0.4372275769710541,0.4003389775753021,0.30945155024528503,0.27311307191848755,0.3259328603744507,0.429822713136673,0.5775477886199951,0.5833272337913513,0.5225483179092407,0.5256127119064331
hiphop.00061.wav,data/genres_original/hiphop/hiphop.00061.wav,-127.29856872558594,95.7888412475586,-12.756138801574707,37.964439392089844,20.57931900024414,23.185550689697266,8.27698802947998,9.6158447265625,8.685041427612305,5.521230220794678,6.679731369018555,4.026427745819092,1.7274878025054932,0.7245982885360718,-0.42298802733421326,2.2443923950195312,-1.6068018674850464,-1.2154622077941895,-2.2126097679138184,-0.7387682199478149,1811.4872110056333,0.5904588103294373,0.48204976320266724,0.4026109576225281,0.36014634370803833,0.45931223034858704,0.5013031363487244,0.4808693528175354,0.4842594861984253,0.4589099586009979,0.4455645680427551,0.501908004283905,0.5162302255630493
hiphop.00062.wav,data/genres_original/hiphop/hiphop.00062.wav,-144.1154022216797,73.38273620605469,4.6895012855529785,24.034183502197266,12.896576881408691,14.024166107177734,8.642745018005371,6.908735275268555,-1.2130752801895142,-0.8405231833457947,1.1626183986663818,2.5793063640594482,-1.1129529476165771,3.141817092895508,-4.232442855834961,-0.4560926556587219,1.6542617082595825,1.213550329208374,-0.4755747318267822,-2.0354864597320557,2449.072471257414,0.44480952620506287,0.40886592864990234,0.4485657811164856,0.4826050400733948,0.5502623319625854,0.49290117621421814,0.5067494511604309,0.4816654622554779,0.47095009684562683,0.45381948351860046,0.4535631537437439,0.4682575762271881
hiphop.00063.wav,data/genres_original/hiphop/hiphop.00063.wav,-98.84099578857422,71.10852813720703,-10.045742988586426,31.7233943939209,5.144659519195557,1.875218391418457,-8.893280029296875,-4.264450550079346,-5.9622368812561035,-4.269474506378174,-0.6587038636207581,-1.8606144189834595,-0.5169801115989685,2.574435234069824,-1.058643102645874,2.204282522201538,-3.943896770477295,1.204868197441101,0.28331440687179565,0.06957230716943741,2671.0740466843918,0.40628501772880554,0.4039742052555084,0.3545636534690857,0.39252886176109314,0.3846972584724426,0.42467108368873596,0.5346254110336304,0.44555577635765076,0.44560515880584717,0.491630494594574,0.5817529559135437,0.47974321246147156
hiphop.00064.wav,data/genres_original/hiphop/hiphop.00064.wav,-82.42477416992188,69.95746612548828,10.693318367004395,48.804080963134766,4.639569282531738,13.286026954650879,-1.7903581857681274,5.122208118438721,-1.084924340248108,-2.7959134578704834,-2.5498504638671875,0.21808503568172455,-3.1269519329071045,2.3010358810424805,-2.7060978412628174,-0.7829092144966125,1.731945514678955,-5.139214515686035,-5.694949150085449,-3.793952226638794,2429.9366980056257,0.3532939851284027,0.34746479988098145,0.33432263135910034,0.3640170097351074,0.37509092688560486,0.3897697329521179,0.3742579519748688,0.40017959475517273,0.555583119392395,0.5536648035049438,0.4605919420719147,0.3878355622291565
hiphop.00065.wav,data/genres_original/hiphop/hiphop.00065.wav,-140.14877319335938,77.0610580444336,42.02964782714844,31.239227294921875,12.191808700561523,10.21524429321289,3.7374846935272217,8.286639213562012,-1.5532023906707764,-1.7558183670043945,3.626760721206665,4.589858531951904,-2.549266815185547,1.8537718057632446,-2.7621264457702637,-3.623142957687378,-2.6331491470336914,-1.5240896940231323,-2.6590380668640137,-5.086118698120117,2447.981517210075,0.44587886333465576,0.48705175518989563,0.5250639319419861,0.5317696928977966,0.49891284108161926,0.43894344568252563,0.3948539197444916,0.31538259983062744,0.2864161729812622,0.31989797949790955,0.365523099899292,0.4037223756313324
hiphop.00066.wav,data/genres_original/hiphop/hiphop.00066.wav,-111.84788513183594,89.10123443603516,13.179903984069824,36.3446159362793,-3.2759246826171875,3.8778235912323,0.5638424158096313,6.337728500366211,-2.179610013961792,2.9791018962860107,-1.6365569829940796,-0.36629119515419006,-3.4718987941741943,0.7764608263969421,-0.23096853494644165,-3.1901185512542725,-3.7024405002593994,-4.001075267791748,-3.020352602005005,-2.4579572677612305,2245.1543617872862,0.6214185953140259,0.539222240447998,0.348375141620636,0.28171777725219727,0.24999040365219116,0.21833212673664093,0.3738554120063782,0.3219403922557831,0.37803226709365845,0.4336920976638794,0.49542340636253357,0.6551182270050049
hiphop.00067.wav,data/genres_original/hiphop/hiphop.00067.wav,-74.77094268798828,58.740543365478516,9.939785957336426,21.57010841369629,15.071629524230957,4.937729358673096,2.282747983932495,5.468897819519043,3.1200337409973145,0.6039443016052246,2.4664065837860107,4.2114410400390625,3.474580764770508,3.595339298248291,2.774033784866333,1.884574055671692,-1.701231598854065,-1.1449334621429443,-1.3548873662948608,-4.013696670532227,3053.2752032918966,0.5529336929321289,0.4836949110031128,0.5030986070632935,0.44187647104263306,0.4049436151981354,0.42907094955444336,0.45791980624198914,0.5269033908843994,0.5466470718383789,0.5432074069976807,0.5382267236709595,0.552119791507721
hiphop.00068.wav,data/genres_original/hiphop/hiphop.00068.wav,-66.06443786621094,74.915771484375,20.63437843322754,39.27426528930664,8.157337188720703,15.135334014892578,-0.3828369677066803,5.572951793670654,1.4617356061935425,-0.6336608529090881,-1.571073293685913,1.4559903144836426,-2.4145190715789795,-2.1937203407287598,-4.321058750152588,-4.420351505279541,-5.131102085113525,-4.290365219116211,-6.337594509124756,-5.016503810882568,2545.058137328884,0.33397603034973145,0.3324834704399109,0.34684693813323975,0.40522176027297974,0.4759661853313446,0.45107364654541016,0.44373294711112976,0.446001261472702,0.4724123477935791,0.5801655054092407,0.4503968060016632,0.3270213007926941
hiphop.00069.wav,data/genres_original/hiphop/hiphop.00069.wav,-59.20925521850586,36.20804214477539,39.83428192138672,49.9761962890625,10.150851249694824,16.89043426513672,9.769881248474121,4.446044445037842,2.411560297012329,1.7071006298065186,2.367370843887329,3.909562110900879,3.2013638019561768,2.622762680053711,3.2187159061431885,1.475741982460022,-0.6944125890731812,-3.158522844314575,-2.104499101638794,-2.373783588409424,3299.440188118393,0.42728492617607117,0.4107929766178131,0.4244970977306366,0.41960710287094116,0.415195107460022,0.4307900667190552,0.4541400969028473,0.5111299157142639,0.602908194065094,0.681522786617279,0.5905430316925049,0.5065128207206726
hiphop.00070.wav,data/genres_original/hiphop/hiphop.00070.wav,-81.68595886230469,82.33597564697266,53.542030334472656,25.494243621826172,15.711484909057617,19.212011337280273,8.440927505493164,6.372036933898926,0.20460090041160583,0.15445604920387268,1.198461651802063,1.5259027481079102,-0.7252470254898071,1.3517003059387207,-0.38283345103263855,-3.1292309761047363,-0.4921671450138092,-0.7394750118255615,-3.7766733169555664,-2.505176544189453,2501.25903379901,0.3389224708080292,0.2944774925708771,0.31911614537239075,0.33408665657043457,0.4201106131076813,0.5590132474899292,0.5389770865440369,0.5136188268661499,0.48122525215148926,0.45308545231819153,0.4971754848957062,0.42107346653938293
hiphop.00071.wav,data/genres_original/hiphop/hiphop.00071.wav,-78.69876861572266,51.46028518676758,42.2170524597168,30.07628631591797,20.110864639282227,6.993342399597168,8.018717765808105,6.883306980133057,-4.62015962600708,3.649606704711914,3.6401917934417725,4.324947834014893,2.607875108718872,0.7662420868873596,-9.165977478027344,-2.1590144634246826,-2.6716978549957275,-5.522291660308838,-1.324162483215332,-2.478013753890991,3186.910019337875,0.48330557346343994,0.5362443327903748,0.5632624626159668,0.499549925327301,0.38253867626190186,0.3499447703361511,0.3515983521938324,0.38649675250053406,0.346459299325943,0.32895296812057495,0.3012973666191101,0.3169119954109192
hiphop.00072.wav,data/genres_original/hiphop/hiphop.00072.wav,-118.02059173583984,102.30681610107422,20.772592544555664,37.01067352294922,24.395526885986328,7.802753925323486,15.927474021911621,-1.5940946340560913,6.763178825378418,-0.7802004218101501,8.579757690429688,1.4736061096191406,-4.2227301597595215,3.018922805786133,1.0109889507293701,-0.9802994132041931,-5.466814041137695,-1.3039748668670654,-4.241458892822266,-5.007420063018799,1818.8189646845494,0.42928528785705566,0.38966017961502075,0.38120320439338684,0.5117002129554749,0.5010557770729065,0.48009076714515686,0.46960511803627014,0.45132607221603394,0.4139971137046814,0.37373432517051697,0.4362274408340454,0.4189624488353729
hiphop.00073.wav,data/genres_original/hiphop/hiphop.00073.wav,-78.25045776367188,70.1887435913086,45.90895462036133,42.07598876953125,15.097314834594727,10.68984603881836,-0.6920254826545715,-0.6105204224586487,0.3715643286705017,-0.3509228229522705,1.1027350425720215,-0.6717469692230225,-0.8145328760147095,-0.8111803531646729,-4.241297245025635,-6.08405065536499,-2.9617292881011963,-3.7095823287963867,-4.6067280769348145,-4.981907844543457,2566.5587161240874,0.33598434925079346,0.3069450557231903,0.40289199352264404,0.4598538279533386,0.542567253112793,0.4773240089416504,0.5244107246398926,0.5158475637435913,0.37044984102249146,0.3128482699394226,0.3798362612724304,0.44122257828712463
hiphop.00074.wav,data/genres_original/hiphop/hiphop.00074.wav,-68.78752899169922,62.37388610839844,24.279098510742188,53.78571701049805,-1.9191564321517944,12.823493003845215,-4.358759880065918,12.35451602935791,-0.22019344568252563,9.05352783203125,-0.9775518178939819,3.941970109939575,1.916253924369812,2.2540576457977295,-2.5221896171569824,-3.5294876098632812,-2.92468523979187,-3.6497654914855957,-3.4206950664520264,-3.7197105884552,2775.2916756205336,0.37533119320869446,0.4215308129787445,0.5089464783668518,0.5486422181129456,0.5274853110313416,0.5135294198989868,0.44495445489883423,0.46477681398391724,0.4971751272678375,0.5541998147964478,0.4397831857204437,0.3909818232059479
hiphop.00075.wav,data/genres_original/hiphop/hiphop.00075.wav,-94.57142639160156,51.72364807128906,17.519943237304688,28.90424156188965,2.0637571811676025,3.727111339569092,-1.8516203165054321,4.3683600425720215,8.781322479248047,2.1316025257110596,-1.3799784183502197,4.691601276397705,4.077907085418701,0.014572852291166782,0.21375863254070282,-0.4370366632938385,-4.119476318359375,-1.1030105352401733,-0.12764860689640045,-2.7631571292877197,3139.605595979825,0.44054514169692993,0.3820689618587494,0.40238654613494873,0.388746052980423,0.37330907583236694,0.40535828471183777,0.4522978961467743,0.532903254032135,0.5384005308151245,0.5296472907066345,0.49272456765174866,0.47580239176750183
hiphop.00076.wav,data/genres_original/hiphop/hiphop.00076.wav,-111.2291488647461,89.941162109375,4.453145980834961,14.53057861328125,9.934057235717773,-9.44196891784668,2.904958486557007,-0.13894076645374298,-3.0650675296783447,3.2723684310913086,-1.4969656467437744,1.5704436302185059,2.39640474319458,-1.1631627082824707,0.8710984587669373,0.6744047403335571,-5.169126033782959,2.7299320697784424,2.3492884635925293,-0.25580811500549316,2328.3253525938053,0.5565378665924072,0.5461030006408691,0.49201342463493347,0.3587091267108917,0.40002796053886414,0.38380366563796997,0.4274366497993469,0.3395765721797943,0.3201172351837158,0.3647978901863098,0.3982728123664856,0.512485921382904
hiphop.00077.wav,data/genres_original/hiphop/hiphop.00077.wav,-25.853551864624023,70.94635772705078,9.548489570617676,17.479751586914062,-1.6311875581741333,-0.547435998916626,0.26069021224975586,-4.643626689910889,-0.5859255194664001,-3.086073160171509,-2.4065418243408203,0.3865390717983246,-2.1581430435180664,-0.3449554443359375,-2.3784096240997314,1.9354965686798096,1.3124206066131592,-1.279585599899292,-2.0184261798858643,-0.19688798487186432,2986.424482322364,0.5259910225868225,0.44858819246292114,0.43532079458236694,0.5317114591598511,0.4127190113067627,0.33692800998687744,0.3856223225593567,0.5018417239189148,0.4686184227466583,0.4425896406173706,0.5099959969520569,0.5312120914459229
hiphop.00078.wav,data/genres_original/hiphop/hiphop.00078.wav,-111.2291488647461,89.941162109375,4.453145980834961,14.53057861328125,9.934057235717773,-9.44196891784668,2.904958486557007,-0.13894076645374298,-3.0650675296783447,3.2723684310913086,-1.4969656467437744,1.5704436302185059,2.39640474319458,-1.1631627082824707,0.8710984587669373,0.6744047403335571,-5.169126033782959,2.7299320697784424,2.3492884635925293,-0.25580811500549316,2328.3253525938053,0.5565378665924072,0.5461030006408691,0.49201342463493347,0.3587091267108917,0.40002796053886414,0.38380366563796997,0.4274366497993469,0.3395765721797943,0.3201172351837158,0.3647978901863098,0.3982728123664856,0.512485921382904
hiphop.00079.wav,data/genres_original/hiphop/hiphop.00079.wav,-79.74996185302734,62.275123596191406,-5.1084465980529785,18.22997283935547,12.862356185913086,-14.114572525024414,4.911667346954346,1.675095558166504,-5.780055522918701,0.8144437670707703,-3.8078806400299072,2.012064218521118,3.414438247680664,-2.8724234104156494,1.2645156383514404,1.7522672414779663,-2.27229642868042,-1.035090684890747,-4.609197616577148,-2.8224663734436035,3213.1475995725405,0.4393622875213623,0.4936317503452301,0.45549747347831726,0.4333554804325104,0.3819177448749542,0.36538317799568176,0.3570999205112457,0.3723031282424927,0.386798620223999,0.44824928045272827,0.5279394388198853,0.46575096249580383
hiphop.00080.wav,data/genres_original/hiphop/hiphop.00080.wav,-64.00121307373047,50.8045654296875,6.60215950012207,27.830774307250977,6.633703708648682,0.2985534071922302,2.8219568729400635,3.21342134475708,0.16524182260036469,0.6103196740150452,0.09556547552347183,-5.067102909088135,2.6628103256225586,-1.637956976890564,3.1019539833068848,5.152145862579346,-0.8355961441993713,4.847153186798096,0.24540166556835175,-4.8498382568359375,3377.342805929625,0.3759933114051819,0.33835268020629883,0.3260327875614166,0.3430406153202057,0.3350910246372223,0.3320349454879761,0.3359069526195526,0.40213385224342346,0.5466949939727783,0.5713099837303162,0.5039466023445129,0.4322887361049652
hiphop.00081.wav,data/genres_original/hiphop/hiphop.00081.wav,-216.06976318359375,122.55899047851562,0.9373206496238708,39.35661315917969,9.288223266601562,26.045793533325195,-4.027801990509033,18.256380081176758,-6.511407375335693,13.911770820617676,-3.0722856521606445,8.876829147338867,-4.358551025390625,4.691727638244629,-0.10699854791164398,0.9101852774620056,-1.9222286939620972,-1.780116081237793,1.1610227823257446,-4.025160312652588,1469.3760072038708,0.708000659942627,0.7792871594429016,0.6686787605285645,0.4763835072517395,0.43976542353630066,0.3833475112915039,0.36759501695632935,0.395128458738327,0.5493140816688538,0.49909165501594543,0.45672106742858887,0.523709774017334
hiphop.00082.wav,data/genres_original/hiphop/hiphop.00082.wav,-122.78052520751953,95.06128692626953,-29.363250732421875,46.78004455566406,-15.998560905456543,27.117586135864258,-13.113777160644531,20.25800323486328,-5.389464378356934,15.459250450134277,-6.909564971923828,15.645837783813477,-6.707095623016357,8.281756401062012,-0.7531092166900635,9.420002937316895,1.2628141641616821,1.6747181415557861,0.4860519468784332,1.6133192777633667,2290.107317796501,0.4630533754825592,0.47137024998664856,0.4644743800163269,0.4379937946796417,0.47152629494667053,0.4651566743850708,0.48364168405532837,0.5854246020317078,0.52975994348526,0.5451235175132751,0.6280490159988403,0.49785739183425903
hiphop.00083.wav,data/genres_original/hiphop/hiphop.00083.wav,-122.01622772216797,89.59381866455078,-25.749513626098633,40.978492736816406,-4.280536651611328,27.573909759521484,-15.565974235534668,22.410400390625,-10.840676307678223,19.818462371826172,-8.638995170593262,19.100217819213867,-8.472635269165039,9.432503700256348,-3.4016778469085693,0.9833328723907471,-5.649016380310059,2.014029026031494,-4.319845199584961,1.8859320878982544,2368.0288949553296,0.43708670139312744,0.4969503581523895,0.5073262453079224,0.4617313742637634,0.42152905464172363,0.4469447731971741,0.4257853627204895,0.4250360131263733,0.4519595205783844,0.43063637614250183,0.43348926305770874,0.43663451075553894
hiphop.00084.wav,data/genres_original/hiphop/hiphop.00084.wav,-214.3130340576172,100.31755828857422,-33.45656967163086,47.25947952270508,-8.953327178955078,12.991591453552246,-17.3225040435791,11.068473815917969,-11.724058151245117,8.81274127960205,-7.832298755645752,6.264817714691162,-0.10495859384536743,4.896773338317871,1.1980620622634888,3.786282539367676,1.4717633724212646,3.484802007675171,0.6526588201522827,4.151069164276123,2044.4018831699113,0.4396652281284332,0.46548905968666077,0.4658227562904358,0.5163847804069519,0.587470531463623,0.6246183514595032,0.5704277157783508,0.5633479952812195,0.5143516063690186,0.4678601622581482,0.4809052050113678,0.46393144130706787
hiphop.00085.wav,data/genres_original/hiphop/hiphop.00085.wav,-114.30270385742188,80.86408233642578,-18.181608200073242,50.66254806518555,-14.933624267578125,29.264699935913086,-20.05033302307129,18.588348388671875,-17.686914443969727,16.672950744628906,-11.41613483428955,16.297128677368164,-4.473331928253174,10.562878608703613,-4.071207046508789,9.144474983215332,-2.8473763465881348,0.6379274129867554,-1.996901512145996,0.5702686905860901,2607.901477732147,0.4281347393989563,0.4754336476325989,0.4525943398475647,0.4669745862483978,0.47373872995376587,0.4533675014972687,0.43607786297798157,0.47923028469085693,0.4939277172088623,0.5159183740615845,0.5556898713111877,0.49049410223960876
hiphop.00086.wav,data/genres_original/hiphop/hiphop.00086.wav,-198.9750518798828,92.61563110351562,-19.535985946655273,39.54047775268555,-0.6448062658309937,33.5914306640625,-6.465561866760254,27.517139434814453,-2.4129953384399414,14.99436092376709,-2.9805126190185547,14.907299041748047,-3.387165069580078,9.281901359558105,0.8351747393608093,8.284869194030762,-0.5857234001159668,-1.613676905632019,1.2587300539016724,3.0526349544525146,2083.393807295725,0.4492399990558624,0.4348579943180084,0.42451703548431396,0.40108171105384827,0.35424473881721497,0.37072649598121643,0.4758012592792511,0.5687583684921265,0.6631305813789368,0.7083675265312195,0.5002146363258362,0.40713098645210266
hiphop.00087.wav,data/genres_original/hiphop/hiphop.00087.wav,-168.34710693359375,70.93956756591797,-3.0408029556274414,54.825477600097656,-12.104618072509766,30.5152645111084,-1.5212887525558472,28.84446144104004,-8.925711631774902,18.759963989257812,-6.6007890701293945,14.602880477905273,-3.575061559677124,14.192749977111816,-3.963710069656372,6.930108547210693,-4.1718339920043945,5.8686370849609375,-1.5135248899459839,1.283896803855896,2472.488643988058,0.5285791158676147,0.4938484728336334,0.5459863543510437,0.5658143758773804,0.5695081949234009,0.5820965766906738,0.606156051158905,0.6739353537559509,0.6517298817634583,0.6397145986557007,0.603367269039154,0.5448219180107117
hiphop.00088.wav,data/genres_original/hiphop/hiphop.00088.wav,-89.86679077148438,79.76334381103516,-25.7373046875,47.72638702392578,-10.019149780273438,31.556943893432617,-22.197519302368164,26.661226272583008,-10.976783752441406,18.82318115234375,-15.56501293182373,14.414715766906738,-10.038893699645996,8.900901794433594,-8.932948112487793,7.239286422729492,-5.013772487640381,3.128952980041504,-4.738142013549805,-1.584781527519226,2694.9757203214963,0.46507805585861206,0.4727781414985657,0.48848608136177063,0.4074978530406952,0.46004602313041687,0.46310967206954956,0.38470160961151123,0.4116500914096832,0.42824047803878784,0.5192214250564575,0.5220353603363037,0.49726641178131104
hiphop.00089.wav,data/genres_original/hiphop/hiphop.00089.wav,-103.13826751708984,74.0902328491211,-22.434640884399414,51.60478973388672,-7.079813480377197,32.67097473144531,-14.993523597717285,19.642501831054688,-7.07123327255249,22.27215003967285,-7.324057579040527,17.61178207397461,-0.04568455368280411,14.720985412597656,-4.242954254150391,10.659666061401367,-6.337610721588135,1.0340240001678467,-1.8354763984680176,5.550283908843994,2670.154564498446,0.4925762414932251,0.6311309337615967,0.5252246856689453,0.47302958369255066,0.5103117823600769,0.5472689867019653,0.47850924730300903,0.46805059909820557,0.5430187582969666,0.46151313185691833,0.41944941878318787,0.42965978384017944
hiphop.00090.wav,data/genres_original/hiphop/hiphop.00090.wav,-109.50919342041016,97.38956451416016,-20.619619369506836,37.366668701171875,-3.12599515914917,28.611204147338867,-14.16942310333252,23.862110137939453,-8.736167907714844,19.89246368408203,-11.298629760742188,17.93968963623047,-3.4823849201202393,8.219096183776855,-8.952911376953125,9.264579772949219,-4.989856243133545,1.8386605978012085,-2.251431703567505,0.6753694415092468,2272.8344394005203,0.5084263682365417,0.43667951226234436,0.42345279455184937,0.47497880458831787,0.5690552592277527,0.5226908326148987,0.45866909623146057,0.45641595125198364,0.46733537316322327,0.4923437833786011,0.4979901909828186,0.4811346232891083
hiphop.00091.wav,data/genres_original/hiphop/hiphop.00091.wav,-105.56951141357422,76.67491912841797,-24.77430534362793,55.19900131225586,-8.257657051086426,28.89926528930664,-15.747581481933594,26.304574966430664,-8.491438865661621,20.45464324951172,-8.151382446289062,13.922347068786621,-6.566312313079834,9.869239807128906,-4.863672256469727,5.876528263092041,-1.9471778869628906,3.9654107093811035,-3.6028051376342773,-2.2880117893218994,2628.9767336632103,0.48958298563957214,0.5061677098274231,0.5015619397163391,0.525812566280365,0.6087073683738708,0.6299617290496826,0.5486997365951538,0.5046517252922058,0.5137081146240234,0.5379690527915955,0.5613828301429749,0.47718343138694763
hiphop.00092.wav,data/genres_original/hiphop/hiphop.00092.wav,-144.99234008789062,84.06177520751953,10.848203659057617,43.60133361816406,6.2819013595581055,36.12910842895508,-14.66227912902832,26.80546760559082,-10.336029052734375,24.696184158325195,-8.724149703979492,18.79265022277832,-4.396878719329834,9.87795352935791,-8.135769844055176,8.8175630569458,-7.885716438293457,2.8736493587493896,-4.346151351928711,-1.117504596710205,2330.839628497738,0.424809992313385,0.402385413646698,0.38756686449050903,0.43820658326148987,0.48103067278862,0.41440895199775696,0.397218257188797,0.46261605620384216,0.5681731700897217,0.6984355449676514,0.586479127407074,0.47206053137779236
hiphop.00093.wav,data/genres_original/hiphop/hiphop.00093.wav,-191.63844299316406,41.317806243896484,4.992500305175781,65.46561431884766,-4.320228576660156,42.641536712646484,-12.253159523010254,23.81720733642578,-4.27325963973999,16.039920806884766,-5.085684299468994,16.431041717529297,-9.372977256774902,6.664067268371582,-2.730555295944214,-0.44324779510498047,-7.4212727546691895,4.5704145431518555,-6.974579811096191,2.468441963195801,3185.1421645019136,0.4468453824520111,0.427094966173172,0.4258958697319031,0.46762850880622864,0.5652268528938293,0.6245810389518738,0.49716365337371826,0.46919769048690796,0.4617617130279541,0.44724607467651367,0.44282791018486023,0.4427868723869324
hiphop.00094.wav,data/genres_original/hiphop/hiphop.00094.wav,-169.93531799316406,98.05762481689453,-11.311487197875977,38.26552200317383,5.0696210861206055,25.395584106445312,-11.830672264099121,25.108501434326172,-5.558387279510498,19.205223083496094,-2.9109878540039062,18.213062286376953,6.105381011962891,13.954814910888672,-0.3012995719909668,12.484423637390137,0.4084346890449524,1.6486968994140625,1.5285941362380981,2.809131622314453,1929.5861395660595,0.5304390788078308,0.4304800033569336,0.35271283984184265,0.3429110050201416,0.3518639802932739,0.34101295471191406,0.36419177055358887,0.43131202459335327,0.5366590023040771,0.6150508522987366,0.6036298871040344,0.6070427894592285
hiphop.00095.wav,data/genres_original/hiphop/hiphop.00095.wav,-92.59165954589844,77.41268157958984,-32.75636672973633,54.59611892700195,-13.199193000793457,33.656280517578125,-12.085769653320312,28.01538848876953,-11.966778755187988,18.829347610473633,-6.670475006103516,13.036637306213379,-7.021346092224121,7.0742058753967285,-4.537121772766113,6.4979095458984375,-2.9733738899230957,3.706270933151245,-5.411388874053955,-4.213471412658691,2735.79580212033,0.5782085061073303,0.5125276446342468,0.5176578164100647,0.5241666436195374,0.5505073666572571,0.5555652976036072,0.5712716579437256,0.6083285808563232,0.6382325887680054,0.6060565710067749,0.5337340831756592,0.5520480275154114
hiphop.00096.wav,data/genres_original/hiphop/hiphop.00096.wav,-128.1535186767578,124.58419799804688,-37.20049285888672,43.89212417602539,-12.789881706237793,18.988996505737305,-9.285406112670898,19.78160858154297,-6.878118515014648,13.477490425109863,-5.979897499084473,12.329025268554688,-4.652767658233643,5.8328537940979,-2.87288236618042,3.682467460632324,-1.8806278705596924,-0.13902096450328827,-2.0508012771606445,-3.2196102142333984,1752.0147471390128,0.3771771788597107,0.3752399981021881,0.4155636727809906,0.4896625578403473,0.5750036835670471,0.5030999183654785,0.367369681596756,0.3450832664966583,0.4065752625465393,0.42024359107017517,0.40545403957366943,0.4165029525756836
hiphop.00097.wav,data/genres_original/hiphop/hiphop.00097.wav,-111.1899642944336,80.63883209228516,-0.8759579658508301,50.617801666259766,-13.474102973937988,35.325801849365234,-14.840683937072754,21.193803787231445,-13.577964782714844,19.628597259521484,-11.768653869628906,16.96880531311035,-9.362854957580566,8.700681686401367,-9.892547607421875,5.813979148864746,-9.137594223022461,0.8777097463607788,-5.991046905517578,-0.3092370629310608,2581.727525217468,0.47624319791793823,0.48540493845939636,0.49322617053985596,0.5829417109489441,0.5244469046592712,0.4319532513618469,0.4093363881111145,0.40669840574264526,0.44015589356422424,0.4442189335823059,0.49655255675315857,0.49447932839393616
hiphop.00098.wav,data/genres_original/hiphop/hiphop.00098.wav,-129.9517059326172,72.02136993408203,-23.253374099731445,63.23063659667969,-6.873466968536377,34.40077209472656,-12.189913749694824,30.506071090698242,-7.582157611846924,20.6044979095459,-6.19744873046875,14.683234214782715,-2.939594268798828,9.047845840454102,-4.74008846282959,5.383764266967773,-2.4144318103790283,1.6269440650939941,-5.980829238891602,-0.8234173655509949,2538.2434921295203,0.5032558441162109,0.5881572365760803,0.6252491474151611,0.5389016270637512,0.491898775100708,0.4590989947319031,0.4403052031993866,0.46691182255744934,0.583071231842041,0.6088254451751709,0.5563082098960876,0.5400721430778503
hiphop.00099.wav,data/genres_original/hiphop/hiphop.00099.wav,-138.74835205078125,100.209228515625,-31.457195281982422,32.44475555419922,-2.7770354747772217,13.11102294921875,-14.5094575881958,13.948756217956543,-15.169027328491211,8.204795837402344,-4.9205851554870605,3.5231573581695557,-7.980301856994629,0.7993204593658447,-2.9753172397613525,-0.7297651171684265,-7.719960689544678,-1.2179406881332397,-6.522993087768555,-5.39518404006958,1963.1932861624277,0.376780241727829,0.45188045501708984,0.5967008471488953,0.47170010209083557,0.40843814611434937,0.3763028383255005,0.42000260949134827,0.4170473515987396,0.4461871087551117,0.48073291778564453,0.37278252840042114,0.3528655469417572
jazz.00000.wav,data/genres_original/jazz/jazz.00000.wav,-251.99102783203125,137.88876342773438,-11.156676292419434,8.355846405029297,0.717598557472229,1.588883638381958,-3.736992120742798,-4.138826370239258,-5.510426044464111,-2.6428098678588867,-3.5355753898620605,-3.145066499710083,-1.845610499382019,-0.999687671661377,-2.5880939960479736,-1.9635671377182007,-1.5052293539047241,0.21605916321277618,-1.9949427843093872,-3.3498685359954834,1504.4850155324564,0.4411800503730774,0.3049900531768799,0.32514849305152893,0.4008047878742218,0.45688319206237793,0.3333986699581146,0.21857187151908875,0.3620448112487793,0.3876485824584961,0.3219725787639618,0.2843277156352997,0.2969471514225006
jazz.00001.wav,data/genres_original/jazz/jazz.00001.wav,-345.7682189941406,146.9813995361328,-0.49109452962875366,22.63897132873535,5.818592548370361,10.342899322509766,-0.17026770114898682,-1.7211477756500244,-6.119700908660889,-0.5134584307670593,1.0318325757980347,1.2220971584320068,-1.944628119468689,-5.553698539733887,-4.403472900390625,-2.5995616912841797,-5.1962690353393555,-5.426081657409668,-3.1292614936828613,-0.7939453125,1266.346201396591,0.35441383719444275,0.3236207962036133,0.3267255127429962,0.2978436350822449,0.3659656345844269,0.5559316277503967,0.373529851436615,0.2773183286190033,0.23306803405284882,0.25736474990844727,0.23908202350139618,0.33299776911735535
jazz.00002.wav,data/genres_original/jazz/jazz.00002.wav,-257.0179748535156,175.31582641601562,-44.81546401977539,25.66322898864746,-4.2567362785339355,-0.22129155695438385,-11.3231201171875,-9.186281204223633,-4.099931240081787,-8.300056457519531,-22.553421020507812,-7.608669757843018,-7.653321743011475,-11.745615005493164,-8.175761222839355,-7.5016984939575195,-12.297940254211426,-6.771422386169434,-3.4978840351104736,-8.646907806396484,1064.8215157992543,0.3992210328578949,0.32671278715133667,0.22911688685417175,0.1875137984752655,0.12928131222724915,0.2396303117275238,0.20663747191429138,0.18866203725337982,0.24314887821674347,0.3114471733570099,0.4416622519493103,0.30849817395210266
jazz.00003.wav,data/genres_original/jazz/jazz.00003.wav,-297.2326965332031,193.094482421875,10.135856628417969,-1.6042609214782715,3.4037556648254395,9.997605323791504,-7.269056797027588,4.690433025360107,-5.3988447189331055,-2.8661935329437256,-10.235335350036621,0.3849228322505951,-4.966054916381836,3.2423818111419678,-4.4782819747924805,-1.8856791257858276,-2.2746381759643555,3.880451202392578,0.34528306126594543,-2.213221788406372,813.4386379736895,0.22550641000270844,0.32352134585380554,0.4928218424320221,0.23907515406608582,0.2727350890636444,0.3530915081501007,0.44136127829551697,0.21447689831256866,0.2830660343170166,0.2231275737285614,0.3695099353790283,0.3940805494785309
jazz.00004.wav,data/genres_original/jazz/jazz.00004.wav,-270.3120422363281,137.55494689941406,5.622033596038818,42.50809860229492,-7.959410667419434,9.935897827148438,-6.823991775512695,8.2443208694458,-6.188953876495361,5.469561576843262,-5.445731163024902,-5.178624153137207,-6.994631767272949,-3.231184482574463,-2.0175716876983643,4.40621280670166,1.9930397272109985,4.988617420196533,6.586949825286865,-2.4186289310455322,1039.7104745190284,0.08927322924137115,0.07788440585136414,0.18287451565265656,0.2720507085323334,0.13224643468856812,0.1006597951054573,0.2944297790527344,0.19611899554729462,0.13526137173175812,0.2124197781085968,0.15579921007156372,0.21222053468227386
jazz.00005.wav,data/genres_original/jazz/jazz.00005.wav,-246.3209228515625,120.2031021118164,-0.9341636896133423,30.68938636779785,0.19115492701530457,23.146516799926758,0.42938554286956787,9.1720552444458,-0.5738317370414734,5.722521781921387,-3.75693416595459,4.231670379638672,-0.27937397360801697,7.446286201477051,0.7113853693008423,7.07083797454834,0.8656323552131653,0.9513317346572876,1.7338496446609497,-1.3477299213409424,1267.9899185341335,0.30321019887924194,0.16462701559066772,0.16641922295093536,0.2575414478778839,0.18295857310295105,0.22509720921516418,0.17260898649692535,0.22824835777282715,0.4035239815711975,0.28491342067718506,0.2935146987438202,0.2966693043708801
jazz.00006.wav,data/genres_original/jazz/jazz.00006.wav,-234.3426055908203,142.72239685058594,-14.277183532714844,51.923065185546875,-8.200177192687988,12.773933410644531,-4.2952165603637695,12.082511901855469,-13.72385025024414,-1.5506794452667236,-3.9817657470703125,4.9375128746032715,-3.9372150897979736,2.190150499343872,-6.684216499328613,-9.763287544250488,-4.4732584953308105,-5.533499240875244,-1.1700694561004639,-1.102110505104065,1220.0295209430099,0.22274239361286163,0.19612891972064972,0.2950863540172577,0.3502501845359802,0.24953925609588623,0.3464343547821045,0.3720300495624542,0.20964352786540985,0.20861686766147614,0.21478800475597382,0.3107568621635437,0.32244566082954407
jazz.00007.wav,data/genres_original/jazz/jazz.00007.wav,-291.9665222167969,137.6410675048828,2.6701085567474365,35.63743209838867,-12.310617446899414,15.607237815856934,-6.798581123352051,-2.8389642238616943,-3.7904322147369385,-3.477177381515503,-1.7255403995513916,10.397662162780762,8.311190605163574,5.228630542755127,0.33438384532928467,0.38182422518730164,-1.4845994710922241,-0.7641720771789551,-6.311322212219238,-5.534648895263672,1170.1567961600012,0.24016539752483368,0.25854089856147766,0.16559520363807678,0.26019224524497986,0.172868549823761,0.27891701459884644,0.10984534025192261,0.11427244544029236,0.11191614717245102,0.1523205190896988,0.3352537453174591,0.1664157658815384
jazz.00008.wav,data/genres_original/jazz/jazz.00008.wav,-189.9169464111328,134.41616821289062,-25.677438735961914,45.74530029296875,8.189719200134277,21.450271606445312,-4.584378719329834,14.390939712524414,-12.6600923538208,10.28064250946045,-7.9415693283081055,-1.1395634412765503,-5.047988414764404,2.412811756134033,-5.010757923126221,-2.154372453689575,-4.240240573883057,1.8404953479766846,-0.44336581230163574,-4.7699079513549805,1304.6853072764807,0.3866611123085022,0.36366739869117737,0.3533002436161041,0.36887338757514954,0.30176112055778503,0.3509576618671417,0.3387244641780853,0.37557753920555115,0.30247077345848083,0.3187883496284485,0.45996707677841187,0.3679877519607544
jazz.00009.wav,data/genres_original/jazz/jazz.00009.wav,-296.6781005859375,172.37867736816406,16.867048263549805,18.952924728393555,1.3671692609786987,14.381316184997559,0.9986559152603149,9.520247459411621,-7.4175543785095215,3.5217013359069824,-7.6593427658081055,-0.10418568551540375,-7.962855815887451,-3.1971027851104736,-8.079399108886719,-4.053981304168701,-0.8445242047309875,-3.8689591884613037,-2.821815252304077,-6.92240047454834,749.3568923103393,0.20209547877311707,0.3676658272743225,0.2615317702293396,0.19760121405124664,0.24140845239162445,0.20279814302921295,0.32658740878105164,0.27812856435775757,0.34834015369415283,0.25823575258255005,0.25906261801719666,0.25930559635162354
jazz.00010.wav,data/genres_original/jazz/jazz.00010.wav,-318.8001708984375,162.651611328125,-16.45292091369629,39.11606979370117,31.457944869995117,15.257576942443848,-0.689125120639801,5.795024871826172,-8.640233039855957,-4.003876686096191,1.3734989166259766,0.0925804078578949,-3.086942672729492,-1.531872034072876,-1.5808207988739014,-4.881458282470703,-4.259912967681885,-1.2951265573501587,-0.753366231918335,-4.428872108459473,829.2976290034476,0.26495301723480225,0.2644321322441101,0.43932944536209106,0.3804779648780823,0.3583662807941437,0.24609266221523285,0.2551687955856323,0.41831162571907043,0.3347354829311371,0.36422839760780334,0.3254707455635071,0.305694580078125
jazz.00011.wav,data/genres_original/jazz/jazz.00011.wav,-192.51739501953125,113.1836929321289,-6.3730549812316895,39.59309005737305,-9.1895751953125,17.20405387878418,-19.11459732055664,12.20357894897461,-15.475885391235352,9.70211410522461,-10.961738586425781,12.922776222229004,-7.292176723480225,8.494462966918945,-4.16595983505249,0.9755410552024841,-7.133419990539551,1.1970443725585938,-1.1769763231277466,-1.2938073873519897,1825.9751750083587,0.3365163803100586,0.1961737871170044,0.36921924352645874,0.3067620098590851,0.20804205536842346,0.3686122000217438,0.263555109500885,0.3513701260089874,0.2613581418991089,0.3843437731266022,0.3329787850379944,0.22358012199401855
jazz.00012.wav,data/genres_original/jazz/jazz.00012.wav,-253.22862243652344,122.68326568603516,-5.654042720794678,40.59252166748047,-5.846394062042236,18.4277400970459,-16.653335571289062,14.598942756652832,-15.162858963012695,8.216917037963867,-13.890625,8.282560348510742,-7.3120880126953125,5.42310094833374,-6.309017181396484,2.78932523727417,-4.235069274902344,0.5374826788902283,-1.4851399660110474,-2.5387604236602783,1651.0000253804194,0.4415288269519806,0.31011325120925903,0.33114272356033325,0.3527389466762543,0.2880234122276306,0.3686658442020416,0.3434182405471802,0.38331228494644165,0.4160921573638916,0.3715202510356903,0.4377096891403198,0.32132139801979065
jazz.00013.wav,data/genres_original/jazz/jazz.00013.wav,-217.64454650878906,112.63787078857422,12.68654727935791,39.54150390625,-9.824911117553711,17.383014678955078,-12.365174293518066,20.717960357666016,-18.302825927734375,16.355810165405273,-10.02554702758789,9.036938667297363,-6.899486064910889,7.310710906982422,-4.785650253295898,8.57113265991211,-2.7742176055908203,1.278952717781067,-0.36045897006988525,0.3473784625530243,1790.006149597724,0.3149767518043518,0.25709789991378784,0.25110870599746704,0.24370281398296356,0.26250556111335754,0.2899635434150696,0.3082408010959625,0.3877750337123871,0.36975187063217163,0.45272132754325867,0.38698410987854004,0.24792855978012085
jazz.00014.wav,data/genres_original/jazz/jazz.00014.wav,-358.30572509765625,137.95895385742188,-11.000711441040039,20.8516902923584,1.9473596811294556,-3.413996696472168,-11.520309448242188,-3.2774698734283447,-11.0208158493042,-8.386408805847168,-7.478808879852295,-1.0018497705459595,-6.738013744354248,2.3913638591766357,-2.6258180141448975,-0.2781389057636261,-1.43653404712677,-1.6825627088546753,0.908920407295227,4.435913562774658,1171.777849469535,0.26834264397621155,0.10610318183898926,0.2627464830875397,0.18161402642726898,0.2918199598789215,0.23073343932628632,0.14048944413661957,0.21391089260578156,0.12753057479858398,0.18805816769599915,0.17053158581256866,0.20236076414585114
jazz.00015.wav,data/genres_original/jazz/jazz.00015.wav,-200.01402282714844,117.22406768798828,-12.376729011535645,39.10684585571289,-6.360405921936035,16.528854370117188,-17.306795120239258,13.629063606262207,-17.661602020263672,14.030022621154785,-10.206361770629883,12.177009582519531,-6.71963357925415,7.736778736114502,-8.080096244812012,2.6364006996154785,-6.647839069366455,4.868256568908691,0.7024603486061096,0.46183326840400696,1782.4772448641631,0.3388277590274811,0.3030771315097809,0.308180034160614,0.38216930627822876,0.31481996178627014,0.33662497997283936,0.3379771411418915,0.3718315660953522,0.40082335472106934,0.3696805536746979,0.3085491359233856,0.22290799021720886
jazz.00016.wav,data/genres_original/jazz/jazz.00016.wav,-259.82958984375,123.20835876464844,-6.411299228668213,37.57597351074219,-2.9846889972686768,13.062031745910645,-14.093770027160645,5.306911945343018,-11.97952651977539,3.514303684234619,-9.639544486999512,5.3404860496521,-7.8407793045043945,3.2650980949401855,-0.5539101958274841,2.886244773864746,-0.029540259391069412,2.1029860973358154,1.1109312772750854,2.933882474899292,1465.5161216965355,0.2964600920677185,0.1981935352087021,0.23019106686115265,0.26461532711982727,0.19717733561992645,0.2679623067378998,0.27939772605895996,0.2013626992702484,0.23107269406318665,0.21290741860866547,0.23148539662361145,0.3830103874206543
jazz.00017.wav,data/genres_original/jazz/jazz.00017.wav,-233.09597778320312,105.91777801513672,-2.6766130924224854,37.433624267578125,-8.178377151489258,15.727415084838867,-15.066481590270996,8.377421379089355,-16.380407333374023,8.63088321685791,-9.384076118469238,7.093084812164307,-5.999111652374268,1.9920860528945923,-5.72641658782959,-0.9412972331047058,-6.9125566482543945,-3.77201509475708,-1.6410490274429321,-2.4500200748443604,1934.517120777341,0.23027704656124115,0.24188511073589325,0.26640698313713074,0.39316537976264954,0.26187944412231445,0.29526013135910034,0.2853816747665405,0.27278798818588257,0.3761833906173706,0.582767903804779,0.6012668013572693,0.3367147445678711
jazz.00018.wav,data/genres_original/jazz/jazz.00018.wav,-192.12538146972656,105.58748626708984,-26.031007766723633,40.159423828125,-6.6549763679504395,26.4966983795166,-10.388103485107422,18.469722747802734,-13.995579719543457,14.937352180480957,-12.686880111694336,9.58542537689209,-5.195145606994629,7.830172061920166,-3.8694493770599365,12.349872589111328,-1.1174851655960083,-0.7776873111724854,-2.9812963008880615,0.3580940067768097,1992.940889677231,0.3641910254955292,0.23046152293682098,0.3391494154930115,0.23274856805801392,0.30689939856529236,0.3814619481563568,0.410527765750885,0.5349931120872498,0.40314429998397827,0.3715696334838867,0.2951048016548157,0.37065038084983826
jazz.00019.wav,data/genres_original/jazz/jazz.00019.wav,-267.28662109375,129.05224609375,-14.737058639526367,41.268768310546875,-1.014970064163208,22.953378677368164,-8.13235855102539,11.179747581481934,-9.073573112487793,11.3184232711792,-5.499913692474365,13.5791015625,-1.1755162477493286,1.87779700756073,-2.7111599445343018,3.2768619060516357,-1.5962918996810913,0.2642099857330322,-0.6178972125053406,4.506900310516357,1352.9901253634764,0.33172622323036194,0.29713672399520874,0.2613193094730377,0.30312204360961914,0.3283824324607849,0.26577138900756836,0.2551872134208679,0.16913235187530518,0.19893884658813477,0.18852829933166504,0.1755668669939041,0.20149973034858704
jazz.00020.wav,data/genres_original/jazz/jazz.00020.wav,-376.69403076171875,119.16358184814453,-2.9616591930389404,48.508880615234375,13.156197547912598,21.24448585510254,0.012302787974476814,8.008125305175781,-0.41269373893737793,2.3665771484375,-0.03935530036687851,0.8969516158103943,1.6664364337921143,-0.1388923078775406,1.3513165712356567,-0.17528994381427765,1.9937043190002441,2.72358775138855,1.761906385421753,0.4488513171672821,1171.3008454419294,0.2557083070278168,0.24410396814346313,0.23445609211921692,0.23534296452999115,0.2973405718803406,0.28801193833351135,0.30924558639526367,0.33127361536026,0.36345359683036804,0.3872832655906677,0.2759205400943756,0.2498607039451599
jazz.00021.wav,data/genres_original/jazz/jazz.00021.wav,-174.70404052734375,75.89945220947266,-12.792850494384766,52.60661697387695,-29.416118621826172,22.748615264892578,-22.366758346557617,18.63333511352539,-24.70472526550293,21.16802215576172,-13.802682876586914,13.009406089782715,-7.859886646270752,8.02209186553955,-5.971391201019287,9.527811050415039,-6.002617359161377,2.337980031967163,-3.3587646484375,2.507398843765259,2915.1352677290415,0.3244396448135376,0.3575386703014374,0.39707356691360474,0.3964165449142456,0.4446243345737457,0.5548363327980042,0.49084988236427307,0.39867621660232544,0.45839881896972656,0.514919102191925,0.5027160048484802,0.3541600704193115
jazz.00022.wav,data/genres_original/jazz/jazz.00022.wav,-298.8079528808594,112.0782241821289,6.485772609710693,28.386516571044922,-6.764678478240967,16.651893615722656,-11.80968189239502,12.746783256530762,-8.347038269042969,13.89863109588623,-4.2357635498046875,2.319570302963257,-4.326792240142822,1.407902717590332,0.714065670967102,13.47948169708252,9.419415473937988,6.914651393890381,7.877784729003906,-1.782740592956543,1451.4983709587157,0.11770157516002655,0.13393542170524597,0.22052909433841705,0.1884836107492447,0.1682121902704239,0.19326651096343994,0.1299302726984024,0.20379294455051422,0.364458292722702,0.2875998914241791,0.22451786696910858,0.18576142191886902
jazz.00023.wav,data/genres_original/jazz/jazz.00023.wav,-188.10992431640625,98.6333236694336,-11.278642654418945,47.217750549316406,-20.33315086364746,18.78586769104004,-15.79450511932373,13.689793586730957,-15.455806732177734,17.4309024810791,1.0143812894821167,18.283552169799805,4.647219181060791,9.836631774902344,-5.497138500213623,2.1267309188842773,-6.255141735076904,-3.4161570072174072,-2.9926598072052,2.210218667984009,1987.9269514759144,0.19681021571159363,0.3850240707397461,0.22199144959449768,0.35708919167518616,0.2560226619243622,0.31228336691856384,0.17760561406612396,0.16201597452163696,0.18621641397476196,0.14255055785179138,0.1044878289103508,0.14725370705127716
jazz.00024.wav,data/genres_original/jazz/jazz.00024.wav,-202.60838317871094,105.84573364257812,-20.5378360748291,43.89796447753906,-14.272346496582031,25.29953956604004,-15.592005729675293,15.311660766601562,-13.29472541809082,12.276097297668457,-8.764144897460938,10.158416748046875,-1.8681042194366455,6.188661098480225,0.21987764537334442,8.03641128540039,-3.1621909141540527,-0.45418938994407654,-3.5693418979644775,0.7220386266708374,2034.579158061201,0.3593232333660126,0.31153133511543274,0.3552685081958771,0.4246212840080261,0.35289156436920166,0.3058190941810608,0.29102933406829834,0.3358403742313385,0.3452233672142029,0.3599013388156891,0.348848432302475,0.40010717511177063
jazz.00025.wav,data/genres_original/jazz/jazz.00025.wav,-237.66241455078125,108.30335998535156,2.0399839878082275,41.77372741699219,-10.451948165893555,16.930843353271484,-8.600077629089355,12.785670280456543,-9.114532470703125,15.938528060913086,-6.518534183502197,7.173823356628418,-8.253262519836426,-0.20716097950935364,-8.692220687866211,-2.24428129196167,-4.727632999420166,-3.513873338699341,1.4635627269744873,2.4141125679016113,1698.069097537734,0.23180751502513885,0.22485072910785675,0.21019263565540314,0.3076413571834564,0.21850933134555817,0.24292171001434326,0.47774550318717957,0.31949666142463684,0.2852666676044464,0.25833913683891296,0.24647760391235352,0.19039811193943024
jazz.00026.wav,data/genres_original/jazz/jazz.00026.wav,-414.1497802734375,104.8441390991211,-7.821512222290039,37.87539291381836,0.2137812077999115,23.427854537963867,-7.274098873138428,5.766594886779785,-1.0599732398986816,8.498605728149414,-5.490027904510498,0.8940578699111938,-1.4638118743896484,7.720703125,1.254868507385254,6.0352396965026855,5.243724346160889,2.4282000064849854,7.604023456573486,9.802248001098633,1367.4115371823066,0.1641530990600586,0.21906106173992157,0.11628135293722153,0.1359539031982422,0.3599573075771332,0.3083498477935791,0.13345816731452942,0.14451351761817932,0.22780318558216095,0.28781524300575256,0.19702675938606262,0.12797607481479645
jazz.00027.wav,data/genres_original/jazz/jazz.00027.wav,-262.1243896484375,108.98235321044922,-6.332547664642334,55.18972396850586,-10.662284851074219,18.535446166992188,-4.250913619995117,18.561220169067383,-19.7069149017334,17.574827194213867,-10.982366561889648,11.932397842407227,-3.4279088973999023,7.197283744812012,-8.854763984680176,4.97308874130249,-4.053070545196533,-0.11804718524217606,-0.8198261857032776,-0.6021685004234314,1769.401598572535,0.2766425907611847,0.2954319417476654,0.3106444180011749,0.314502477645874,0.28688547015190125,0.34271901845932007,0.40072211623191833,0.4787902235984802,0.40065625309944153,0.30215415358543396,0.27346834540367126,0.22085483372211456
jazz.00028.wav,data/genres_original/jazz/jazz.00028.wav,-233.75851440429688,108.46990966796875,-10.714609146118164,38.699588775634766,-10.764274597167969,14.162391662597656,-16.25852394104004,10.371634483337402,-20.81631851196289,10.070497512817383,-12.02409839630127,7.765771865844727,-12.021536827087402,3.3820159435272217,-6.358562469482422,3.978087902069092,-1.2818803787231445,-3.825075149536133,-6.228565692901611,-4.948927879333496,1853.5659404817295,0.22318272292613983,0.218949094414711,0.23010452091693878,0.2770634591579437,0.27300140261650085,0.2935788333415985,0.2395201474428177,0.3018954396247864,0.3239775002002716,0.3029642105102539,0.33990296721458435,0.29317671060562134
jazz.00029.wav,data/genres_original/jazz/jazz.00029.wav,-232.9984588623047,93.82678985595703,-16.198392868041992,49.57394790649414,-13.947242736816406,13.49412727355957,-11.828396797180176,13.29051685333252,-25.828712463378906,17.376808166503906,-13.317582130432129,9.277924537658691,-5.4937825202941895,1.9250937700271606,-14.404325485229492,2.5919933319091797,-11.481817245483398,-1.2296831607818604,-5.204237461090088,-3.8765196800231934,2235.3440263233524,0.31075355410575867,0.3978491723537445,0.36900758743286133,0.3956039845943451,0.3115158677101135,0.28715988993644714,0.2955126464366913,0.2608114778995514,0.2765348553657532,0.24234899878501892,0.24056440591812134,0.2644137442111969
jazz.00030.wav,data/genres_original/jazz/jazz.00030.wav,-318.9285888671875,115.70398712158203,-23.04232406616211,52.599456787109375,-12.819438934326172,14.633499145507812,-8.213701248168945,0.3077479898929596,-23.876354217529297,10.842193603515625,-9.59138298034668,7.483322620391846,-4.2422356605529785,2.992110252380371,-4.399104118347168,-1.045388102531433,-5.3950347900390625,-5.510678768157959,-6.97052526473999,-1.718066930770874,1687.29845279388,0.2147398740053177,0.2552446126937866,0.26320570707321167,0.21948152780532837,0.30161792039871216,0.21659745275974274,0.14789699018001556,0.1261373907327652,0.2252369225025177,0.34901317954063416,0.28899747133255005,0.21235790848731995
jazz.00031.wav,data/genres_original/jazz/jazz.00031.wav,-237.49929809570312,115.94338989257812,-15.457230567932129,47.112403869628906,-13.510729789733887,18.199329376220703,-13.971238136291504,15.334490776062012,-17.535890579223633,13.420795440673828,-6.2305827140808105,8.634655952453613,-7.2483978271484375,4.782132625579834,-4.398562431335449,4.510979652404785,-4.266277313232422,2.329209089279175,-9.923247337341309,-4.325605869293213,1752.8065045704263,0.2347131073474884,0.22108212113380432,0.2677672505378723,0.3144300580024719,0.2903638482093811,0.3154944181442261,0.31207746267318726,0.34224286675453186,0.32972317934036255,0.40054750442504883,0.42864707112312317,0.2753845453262329
jazz.00032.wav,data/genres_original/jazz/jazz.00032.wav,-305.4945373535156,121.92649841308594,2.5947771072387695,36.921051025390625,-8.559165954589844,17.905397415161133,-9.270869255065918,10.555923461914062,-9.937911033630371,2.3099334239959717,-12.685078620910645,0.3053407371044159,-8.618948936462402,2.5933334827423096,-6.969911575317383,-2.9224607944488525,-4.650737762451172,-3.2466349601745605,-4.451147079467773,-3.9681143760681152,1522.348449286544,0.24622033536434174,0.24310985207557678,0.30632054805755615,0.22929629683494568,0.2706281244754791,0.2641952931880951,0.3552324175834656,0.37661921977996826,0.30821630358695984,0.29819756746292114,0.22269874811172485,0.2485877424478531
jazz.00033.wav,data/genres_original/jazz/jazz.00033.wav,-261.798095703125,139.5261688232422,-17.12889289855957,49.89491653442383,-5.868642330169678,19.85335922241211,1.8584814071655273,5.71864128112793,-7.831181526184082,-0.4173513948917389,-1.2528467178344727,-2.19038462638855,4.465002536773682,-0.3117924630641937,0.11012405157089233,-0.2791798710823059,1.9837526082992554,-2.639104127883911,-1.1543757915496826,-5.3690619468688965,1169.651305238844,0.24670325219631195,0.27673816680908203,0.25797736644744873,0.2867865264415741,0.24083416163921356,0.2265436202287674,0.23017540574073792,0.23049543797969818,0.311549574136734,0.3681386709213257,0.35685697197914124,0.25545087456703186
jazz.00034.wav,data/genres_original/jazz/jazz.00034.wav,-146.4124755859375,118.20677947998047,-34.67273712158203,58.787296295166016,-14.969057083129883,34.30445098876953,-6.6033501625061035,13.900935173034668,-14.645580291748047,9.20051097869873,-11.337796211242676,1.0974844694137573,-5.503305912017822,-0.1480940580368042,-2.189992666244507,-2.7196249961853027,1.1250771284103394,-5.595059871673584,-2.760835647583008,-7.136648654937744,1759.5124735322347,0.2585674226284027,0.16914474964141846,0.22412064671516418,0.4125218391418457,0.35300931334495544,0.46546223759651184,0.2873324155807495,0.3271304965019226,0.441729336977005,0.2850244641304016,0.2930832505226135,0.22319406270980835
jazz.00035.wav,data/genres_original/jazz/jazz.00035.wav,-261.8773193359375,182.5357208251953,-16.90708351135254,49.87154006958008,-1.214440941810608,6.345542907714844,6.002392292022705,-8.873114585876465,-10.316278457641602,-3.2050671577453613,-5.37181282043457,-3.5495340824127197,-2.891636610031128,-7.471892833709717,-0.536715567111969,1.1297987699508667,-1.982170581817627,-5.23258113861084,-1.8658431768417358,-3.502318859100342,844.1391584726199,0.40271663665771484,0.23682133853435516,0.3232577443122864,0.2081436812877655,0.27422839403152466,0.20411597192287445,0.1880718320608139,0.2356489896774292,0.19331510365009308,0.30007320642471313,0.25738832354545593,0.35070517659187317
jazz.00036.wav,data/genres_original/jazz/jazz.00036.wav,-196.8430633544922,152.7996368408203,-36.9100456237793,41.80352020263672,-8.709014892578125,4.415903091430664,-11.570116996765137,1.4324311017990112,-14.735852241516113,0.46831703186035156,-10.170387268066406,-6.9220123291015625,-6.252429008483887,-3.7121291160583496,-4.565993785858154,-6.4165120124816895,-2.9002296924591064,-4.853390693664551,-5.874140739440918,-9.119882583618164,1482.2909039482731,0.3090638816356659,0.32353314757347107,0.44780662655830383,0.24302196502685547,0.27465108036994934,0.3971574008464813,0.20410409569740295,0.30583396553993225,0.24810996651649475,0.379679411649704,0.4901798665523529,0.24527482688426971
jazz.00037.wav,data/genres_original/jazz/jazz.00037.wav,-198.46255493164062,140.6854248046875,-18.416391372680664,30.510448455810547,-6.705266952514648,15.720155715942383,-0.7331212162971497,7.296828269958496,-6.585081100463867,6.074648857116699,-5.1329569816589355,3.4482951164245605,-2.8441154956817627,7.178577899932861,-0.31250113248825073,-2.018028736114502,3.1283490657806396,0.8673350811004639,1.5159482955932617,-0.23433031141757965,1276.6962578384569,0.24365048110485077,0.26908713579177856,0.2706155478954315,0.28427642583847046,0.254435271024704,0.4185003638267517,0.2890814244747162,0.3245777189731598,0.27394992113113403,0.24984370172023773,0.2991260886192322,0.24223199486732483
jazz.00038.wav,data/genres_original/jazz/jazz.00038.wav,-179.5948028564453,124.32764434814453,-29.741775512695312,45.38368225097656,-10.188965797424316,17.780799865722656,-8.817680358886719,12.764226913452148,-10.756725311279297,8.61561107635498,-12.390896797180176,3.391444683074951,-12.01815128326416,6.511952877044678,-9.86538028717041,-2.8092830181121826,-5.114864826202393,-1.1965962648391724,-1.8772838115692139,-5.637333869934082,1554.37964673427,0.39263489842414856,0.23979105055332184,0.17702223360538483,0.1674308031797409,0.24600987136363983,0.3589138984680176,0.2552841305732727,0.3616562485694885,0.3394676148891449,0.25221386551856995,0.31436529755592346,0.3225322365760803
jazz.00039.wav,data/genres_original/jazz/jazz.00039.wav,-237.23965454101562,146.82582092285156,-24.444063186645508,64.27366638183594,-10.833979606628418,3.2591300010681152,-1.3375022411346436,2.7255330085754395,5.168944835662842,0.3977399468421936,9.611380577087402,2.506786823272705,3.119368076324463,7.759572982788086,-1.5198307037353516,1.7340524196624756,0.7672741413116455,-2.455092191696167,4.0099945068359375,-2.0024919509887695,1311.6069322444207,0.28556960821151733,0.23481497168540955,0.18871256709098816,0.2758997976779938,0.24777299165725708,0.32720473408699036,0.2021707147359848,0.22341708838939667,0.3030039668083191,0.2152143120765686,0.24300932884216309,0.22538389265537262
jazz.00040.wav,data/genres_original/jazz/jazz.00040.wav,-179.79029846191406,147.7628936767578,-20.47969627380371,58.62397384643555,-23.809179306030273,2.4678237438201904,-3.19529128074646,-9.301369667053223,-5.7592339515686035,-0.42645758390426636,-8.366729736328125,3.102464199066162,-6.85118293762207,-4.383366584777832,-1.1809788942337036,-4.269698143005371,-0.5557317733764648,-3.581024169921875,1.5018759965896606,-0.6082079410552979,1317.1069234804231,0.34821587800979614,0.2766117751598358,0.1527891308069229,0.19416996836662292,0.16647307574748993,0.19588486850261688,0.2239065319299698,0.2745912969112396,0.3315407931804657,0.23175710439682007,0.20326712727546692,0.2408429980278015
jazz.00041.wav,data/genres_original/jazz/jazz.00041.wav,-216.31121826171875,134.9827880859375,-35.480674743652344,61.595497131347656,-14.545804977416992,11.046170234680176,1.20931077003479,10.962495803833008,-8.294631958007812,-1.4437165260314941,0.12248867750167847,8.281556129455566,-4.578640460968018,0.5677860379219055,-6.102358818054199,0.20412912964820862,-0.5929202437400818,-5.03570556640625,-1.2523040771484375,-7.220947265625,1617.8954526280604,0.3291901648044586,0.20788423717021942,0.35664403438568115,0.45259910821914673,0.306888610124588,0.29616039991378784,0.23874855041503906,0.34693071246147156,0.22178931534290314,0.26238301396369934,0.4028032720088959,0.27672290802001953
jazz.00042.wav,data/genres_original/jazz/jazz.00042.wav,-206.7849578857422,141.83738708496094,-13.81161117553711,49.34670639038086,-24.811641693115234,11.820206642150879,-12.791093826293945,-16.557239532470703,-8.38953685760498,-1.206318974494934,-7.65068244934082,-1.371185064315796,-9.34677505493164,-7.500102996826172,-2.8655622005462646,-6.141148567199707,-0.9413574934005737,-1.3060671091079712,-2.2506699562072754,-3.2847344875335693,1344.4488685825502,0.23507092893123627,0.18797926604747772,0.2719777226448059,0.2843349874019623,0.2763841152191162,0.37441644072532654,0.30882349610328674,0.3286052346229553,0.20368868112564087,0.278776079416275,0.353343665599823,0.31988927721977234
jazz.00043.wav,data/genres_original/jazz/jazz.00043.wav,-173.28469848632812,111.69588470458984,-35.922306060791016,45.85530090332031,-11.438424110412598,19.691585540771484,-8.049161911010742,17.947189331054688,-8.94970703125,14.695816993713379,-10.342499732971191,4.670973300933838,-11.798709869384766,3.2452471256256104,-7.9869537353515625,0.08744795620441437,-3.576059341430664,-0.439476877450943,-2.1039719581604004,-4.893588542938232,1760.2398025931382,0.29111409187316895,0.2147858738899231,0.2580339312553406,0.24794691801071167,0.27045753598213196,0.21117432415485382,0.2222142368555069,0.37750664353370667,0.2516297399997711,0.3200295865535736,0.18793556094169617,0.19256927073001862
jazz.00044.wav,data/genres_original/jazz/jazz.00044.wav,-246.97659301757812,167.9889373779297,-19.801532745361328,22.009904861450195,-0.7347964644432068,15.093259811401367,-1.2836840152740479,4.728425979614258,-2.0619874000549316,6.532094955444336,-1.3844984769821167,5.63763427734375,-0.286005437374115,5.652523517608643,3.196911096572876,1.8621625900268555,7.011514663696289,5.044913291931152,2.4658362865448,-0.8981090784072876,1004.9502771230314,0.2509287893772125,0.25044894218444824,0.4336124658584595,0.3341314494609833,0.3279789388179779,0.26133856177330017,0.18314875662326813,0.2799382507801056,0.22762905061244965,0.2974408268928528,0.2678724229335785,0.20501479506492615
jazz.00045.wav,data/genres_original/jazz/jazz.00045.wav,-231.3232421875,174.37615966796875,-19.749834060668945,47.37501907348633,-1.9767611026763916,6.666584014892578,-1.1248526573181152,-5.4998297691345215,-13.732542991638184,-3.6929988861083984,-6.315064430236816,-1.5051636695861816,-2.633709669113159,-7.269517421722412,-2.3065693378448486,1.0365753173828125,-1.1124699115753174,-8.569704055786133,-4.047513484954834,-3.9144937992095947,937.3979933729273,0.3789215683937073,0.2854686975479126,0.19929644465446472,0.25644776225090027,0.268327921628952,0.21247132122516632,0.17813289165496826,0.35595548152923584,0.3408001661300659,0.2683274745941162,0.2949478328227997,0.304772287607193
jazz.00046.wav,data/genres_original/jazz/jazz.00046.wav,-204.23214721679688,147.5966033935547,-25.218626022338867,49.354251861572266,-15.65029239654541,2.700040340423584,-7.849552154541016,-10.642353057861328,-4.798890113830566,-3.666973352432251,-3.5059478282928467,1.5687522888183594,1.4722061157226562,-2.725491523742676,-0.27923715114593506,-2.220883846282959,1.5168802738189697,-1.0502740144729614,-1.7688463926315308,-2.4751622676849365,1295.2562362132712,0.25839146971702576,0.19220313429832458,0.19226302206516266,0.350200355052948,0.22320860624313354,0.2714517116546631,0.24859434366226196,0.25449174642562866,0.21892543137073517,0.195806086063385,0.35057613253593445,0.24655106663703918
jazz.00047.wav,data/genres_original/jazz/jazz.00047.wav,-201.8074951171875,109.28430938720703,-15.5051908493042,44.28395080566406,-11.047102928161621,18.851795196533203,-11.312690734863281,18.409908294677734,-18.91156578063965,11.226408004760742,-11.89951229095459,6.9697370529174805,-11.650189399719238,7.085972309112549,-9.120555877685547,9.888986587524414,-5.6546831130981445,-3.324049472808838,-5.4509782791137695,-0.3050142824649811,1982.1284065663644,0.3631642162799835,0.3278003931045532,0.3413839340209961,0.3590540289878845,0.3520659804344177,0.4008493721485138,0.36110082268714905,0.3326769769191742,0.3582880198955536,0.33268535137176514,0.36840325593948364,0.40543869137763977
jazz.00048.wav,data/genres_original/jazz/jazz.00048.wav,-204.82891845703125,117.45068359375,-20.939701080322266,42.00593185424805,-10.364099502563477,19.208965301513672,-11.633755683898926,7.984108924865723,-20.264102935791016,8.785669326782227,-11.697366714477539,5.171484470367432,-11.238973617553711,6.061271667480469,-5.141874313354492,7.828466415405273,-1.1918238401412964,-1.072871208190918,-3.160238265991211,-1.5336111783981323,1748.0333593267528,0.3405441641807556,0.2582113742828369,0.31491124629974365,0.24919411540031433,0.2939544916152954,0.2502107322216034,0.2976534068584442,0.3442155718803406,0.2436811625957489,0.24902315437793732,0.21841773390769958,0.3315650522708893
jazz.00049.wav,data/genres_original/jazz/jazz.00049.wav,-165.46795654296875,87.24910736083984,24.815532684326172,28.417308807373047,-2.780550718307495,-1.3317891359329224,-14.066439628601074,-4.747462749481201,-19.20607566833496,-0.5928640365600586,-11.947256088256836,-8.335516929626465,-8.235878944396973,-0.42448344826698303,-6.42498779296875,-1.5306296348571777,2.0240118503570557,-0.4465537965297699,-0.9040553569793701,1.5472661256790161,2050.136011182281,0.12293705344200134,0.10667383670806885,0.1810186356306076,0.18599525094032288,0.2798718512058258,0.35195302963256836,0.20412476360797882,0.20601876080036163,0.24826034903526306,0.3608165979385376,0.17950944602489471,0.0916493609547615
jazz.00050.wav,data/genres_original/jazz/jazz.00050.wav,-55.190040588378906,77.4786376953125,8.272335052490234,31.560976028442383,11.51248836517334,11.753403663635254,7.877706527709961,13.51761245727539,-2.2645761966705322,5.616168975830078,1.4572815895080566,7.3729729652404785,-0.9271543622016907,1.643442988395691,-6.077533721923828,1.236277461051941,3.2791788578033447,2.919607400894165,2.411440372467041,1.9402940273284912,2482.069759803357,0.35182222723960876,0.45201054215431213,0.6834778785705566,0.3999117910861969,0.3083186745643616,0.34850504994392395,0.3846948444843292,0.5404313206672668,0.4278048574924469,0.39347031712532043,0.32431256771087646,0.30973684787750244
jazz.00051.wav,data/genres_original/jazz/jazz.00051.wav,-260.89801025390625,138.52455139160156,-16.35112190246582,49.15070343017578,-5.258573055267334,19.354551315307617,2.2062246799468994,5.555694103240967,-7.877211570739746,-0.19809319078922272,-1.6170176267623901,-1.7220765352249146,3.9436964988708496,0.23985928297042847,-0.4268878102302551,0.23164404928684235,1.5121374130249023,-2.2414093017578125,-1.4566270112991333,-5.1570892333984375,1193.8785302218275,0.24668624997138977,0.2767001986503601,0.2579958736896515,0.2868190109729767,0.2408323436975479,0.22656965255737305,0.23021991550922394,0.23054173588752747,0.3115687370300293,0.36816421151161194,0.35684534907341003,0.25548499822616577
jazz.00052.wav,data/genres_original/jazz/jazz.00052.wav,-91.21620178222656,82.60240936279297,12.171335220336914,36.69225311279297,-0.837364673614502,13.415142059326172,5.620052337646484,9.662233352661133,-3.778263568878174,1.8234933614730835,1.5459752082824707,1.28731369972229,0.8227913975715637,4.399219036102295,0.5553939342498779,3.8112540245056152,-0.35386618971824646,0.23312406241893768,1.8074712753295898,1.7372177839279175,2291.4059616944,0.4360552430152893,0.36142170429229736,0.42940202355384827,0.37744736671447754,0.3876625597476959,0.392598420381546,0.3341227173805237,0.3988891839981079,0.32574573159217834,0.3444918692111969,0.26572075486183167,0.3396497964859009
jazz.00053.wav,data/genres_original/jazz/jazz.00053.wav,-141.0889129638672,110.763427734375,-27.475183486938477,51.97392654418945,-8.664052963256836,28.61534881591797,-1.6129180192947388,9.662086486816406,-11.183889389038086,6.517714023590088,-9.409994125366211,-0.12163673341274261,-4.929937839508057,-0.15413323044776917,-2.661383867263794,-1.862525224685669,-0.02348819002509117,-4.245974063873291,-4.223870277404785,-5.637206077575684,1804.7156340756278,0.2586755156517029,0.1691896766424179,0.22413091361522675,0.4125240445137024,0.3530040979385376,0.46545782685279846,0.28732988238334656,0.32710227370262146,0.44171142578125,0.28502798080444336,0.29309576749801636,0.22326914966106415
jazz.00055.wav,data/genres_original/jazz/jazz.00055.wav,-260.3519592285156,180.60806274414062,-15.362776756286621,48.560420989990234,-0.07432582229375839,5.4342780113220215,6.599911689758301,-9.153327941894531,-10.289848327636719,-2.988407611846924,-5.82305383682251,-2.9312973022460938,-3.6177830696105957,-6.676413059234619,-1.3511273860931396,1.900673508644104,-2.685753583908081,-4.611181259155273,-2.380697727203369,-3.1107139587402344,871.7686824803111,0.40270373225212097,0.2368222177028656,0.3232704699039459,0.2081446647644043,0.2742309868335724,0.20410732924938202,0.18807470798492432,0.23564806580543518,0.19331543147563934,0.30007803440093994,0.25738951563835144,0.3506925106048584
jazz.00056.wav,data/genres_original/jazz/jazz.00056.wav,-38.04252624511719,64.98809051513672,14.29737663269043,21.284706115722656,7.501909255981445,6.372107982635498,1.9336780309677124,6.556061744689941,-2.9327828884124756,5.597701072692871,2.50141978263855,3.0295467376708984,0.6087425351142883,1.9923114776611328,-1.7813992500305176,4.515872001647949,0.0603012815117836,-2.040348768234253,-3.86326265335083,-2.0456013679504395,2978.340196118377,0.3134728670120239,0.3138329088687897,0.3921370208263397,0.39881283044815063,0.4110032916069031,0.42489752173423767,0.3868827223777771,0.3968904912471771,0.38485586643218994,0.3156150281429291,0.31249356269836426,0.4194886386394501
jazz.00057.wav,data/genres_original/jazz/jazz.00057.wav,-248.1094512939453,125.98793029785156,-12.599597930908203,30.244165420532227,-1.0903050899505615,-2.2130062580108643,1.947043776512146,0.25160476565361023,2.6987667083740234,-4.426094055175781,-6.481646537780762,-6.517059803009033,-3.9940171241760254,2.3482582569122314,0.3617059290409088,-4.067312717437744,-1.5211644172668457,-3.5300021171569824,-6.1920576095581055,-7.346031188964844,1377.9769900941744,0.3511657416820526,0.3100627362728119,0.25542932748794556,0.2414156049489975,0.1351599395275116,0.15698520839214325,0.12661774456501007,0.21030740439891815,0.23903651535511017,0.2114751785993576,0.35269999504089355,0.21810407936573029
jazz.00058.wav,data/genres_original/jazz/jazz.00058.wav,-190.51927185058594,143.98570251464844,-28.42167854309082,33.79344177246094,-1.2972346544265747,-2.301527261734009,-5.64383602142334,-3.640014171600342,-10.529328346252441,-2.8581395149230957,-7.707229137420654,-8.5834321975708,-5.30389928817749,-4.02582311630249,-4.786986827850342,-5.761446475982666,-3.8844845294952393,-3.6434102058410645,-7.224798202514648,-7.694586277008057,1546.508468476633,0.3090754747390747,0.32357409596443176,0.44780388474464417,0.24304692447185516,0.2746683359146118,0.39715316891670227,0.2040959596633911,0.30581170320510864,0.2481035590171814,0.3796968162059784,0.4902114272117615,0.2452899068593979
jazz.00059.wav,data/genres_original/jazz/jazz.00059.wav,-179.37413024902344,114.49272918701172,28.1966495513916,35.97930908203125,11.041097640991211,12.684316635131836,3.817138671875,8.518316268920898,-0.014727234840393066,5.462332248687744,1.0599640607833862,2.632229804992676,-3.7399516105651855,-0.29827702045440674,-0.7330726385116577,2.558530330657959,0.18569804728031158,1.5453790426254272,-1.2458053827285767,1.3970999717712402,1397.4044755755383,0.28850364685058594,0.2777254581451416,0.3991757929325104,0.3645453453063965,0.2887050211429596,0.3249598741531372,0.2792322337627411,0.4024374783039093,0.3161394000053406,0.2568538784980774,0.3259466886520386,0.28387293219566345
jazz.00060.wav,data/genres_original/jazz/jazz.00060.wav,-190.3960723876953,129.5066375732422,-7.837520122528076,20.721296310424805,2.191819906234741,7.7923760414123535,6.1902174949646,1.3513003587722778,-1.5920604467391968,2.019514322280884,-1.9929144382476807,1.164293646812439,-1.3514087200164795,6.410065650939941,-0.201943501830101,-1.5658293962478638,2.241673231124878,2.0431113243103027,0.17354260385036469,1.1741317510604858,1428.0387423978177,0.24371419847011566,0.26918646693229675,0.27070578932762146,0.28433486819267273,0.2544883191585541,0.41851288080215454,0.28906095027923584,0.32454952597618103,0.2739209830760956,0.24982379376888275,0.2991127371788025,0.24224884808063507
jazz.00061.wav,data/genres_original/jazz/jazz.00061.wav,-23.23577880859375,82.91703796386719,2.0489413738250732,29.505760192871094,6.599293231964111,6.4949235916137695,-0.6966999769210815,6.172840118408203,-3.4220035076141357,5.594521522521973,-0.3769912123680115,3.266179084777832,-0.20612172782421112,0.3198187053203583,-1.6405316591262817,1.478379726409912,-5.3323564529418945,-0.03777898848056793,-1.0947468280792236,-0.04259616136550903,2456.2698596396212,0.43953362107276917,0.4209307134151459,0.37622395157814026,0.41835588216781616,0.3413088917732239,0.39363354444503784,0.38399916887283325,0.41944587230682373,0.3657142221927643,0.3013075888156891,0.2904002070426941,0.29168495535850525
jazz.00062.wav,data/genres_original/jazz/jazz.00062.wav,-168.1232452392578,108.27153015136719,-14.149940490722656,30.457630157470703,3.8945062160491943,4.676563739776611,3.187917947769165,1.927634596824646,-1.1426724195480347,0.2347179651260376,-5.246889591217041,-2.554673910140991,-7.219599723815918,2.7779321670532227,-7.1157708168029785,-4.675877094268799,-4.034605979919434,-1.612676739692688,-2.018765449523926,-5.049436569213867,1725.6345298073745,0.3927457332611084,0.23993323743343353,0.17712868750095367,0.16752560436725616,0.24607853591442108,0.35890841484069824,0.25527188181877136,0.36163008213043213,0.339446485042572,0.25221341848373413,0.3143788278102875,0.3225928544998169
jazz.00063.wav,data/genres_original/jazz/jazz.00063.wav,-51.34779357910156,85.20030975341797,3.6435585021972656,22.861770629882812,-1.5293607711791992,6.11028528213501,2.410914421081543,3.644934892654419,-1.8632279634475708,4.3669352531433105,1.0871078968048096,0.7797648310661316,-0.7364632487297058,0.41210728883743286,-3.3764595985412598,1.4221644401550293,0.4055527150630951,3.6520285606384277,-1.3677119016647339,1.2190790176391602,2475.6009489427947,0.33850255608558655,0.3900490999221802,0.46695980429649353,0.3959556818008423,0.4219547510147095,0.47184664011001587,0.3569500744342804,0.3686029314994812,0.3210172951221466,0.3741306960582733,0.34921175241470337,0.31130415201187134
jazz.00064.wav,data/genres_original/jazz/jazz.00064.wav,-69.50921630859375,125.97759246826172,-5.1732892990112305,30.769241333007812,8.304397583007812,5.081252574920654,-3.9214041233062744,5.37640905380249,-10.77468490600586,9.0344877243042,-8.263984680175781,4.789585590362549,-5.124162673950195,2.210664987564087,-4.779984951019287,0.623031735420227,0.03162750229239464,1.2315757274627686,4.030920505523682,5.085666656494141,1575.4538722228804,0.43463772535324097,0.3428668975830078,0.3998555839061737,0.3361988663673401,0.36587947607040405,0.36683574318885803,0.34099769592285156,0.5683198571205139,0.4110460877418518,0.42172303795814514,0.289164662361145,0.278990775346756
jazz.00065.wav,data/genres_original/jazz/jazz.00065.wav,-235.67886352539062,144.7676544189453,-22.600692749023438,62.56096267700195,-9.326272010803223,2.01686692237854,-0.34364843368530273,2.016509771347046,5.560454845428467,0.30435946583747864,9.439983367919922,2.8927056789398193,2.562641143798828,8.452763557434082,-2.3104288578033447,2.5675394535064697,-0.07063998281955719,-1.6368355751037598,3.250947952270508,-1.3214446306228638,1338.2362329096018,0.2855866253376007,0.23630620539188385,0.18820980191230774,0.2754717469215393,0.2471398264169693,0.3276493549346924,0.20329350233078003,0.22172550857067108,0.3032863736152649,0.21612879633903503,0.24305538833141327,0.22445954382419586
jazz.00066.wav,data/genres_original/jazz/jazz.00066.wav,-117.88760375976562,122.55040740966797,-13.149182319641113,26.755905151367188,4.313921928405762,6.8667311668396,-6.814441204071045,-0.3392208218574524,-8.199784278869629,-5.0079026222229,-4.4950151443481445,0.1216772198677063,-4.651890277862549,2.8487958908081055,-4.971283435821533,5.54979944229126,-1.2209274768829346,3.5765633583068848,-0.34301435947418213,0.4934842586517334,1579.0127661124945,0.3547263443470001,0.21877364814281464,0.2530926764011383,0.2793857455253601,0.18138369917869568,0.2972434461116791,0.22261498868465424,0.3575455844402313,0.19697581231594086,0.2716559171676636,0.3067987263202667,0.16760338842868805
jazz.00067.wav,data/genres_original/jazz/jazz.00067.wav,-177.27713012695312,144.32156372070312,-17.26592445373535,55.68605041503906,-21.241899490356445,0.35280346870422363,-1.5769500732421875,-10.402748107910156,-5.17647123336792,-0.5141822099685669,-8.736715316772461,3.868863582611084,-7.953765392303467,-3.011258602142334,-2.7447688579559326,-2.610157012939453,-2.227632522583008,-1.9513523578643799,-0.02402026206254959,0.7622666358947754,1354.0919077083556,0.34828871488571167,0.2766869366168976,0.15280300378799438,0.19418387115001678,0.16648520529270172,0.1958988606929779,0.22390766441822052,0.2745915949344635,0.3315369784832001,0.23175552487373352,0.20327028632164001,0.24087044596672058
jazz.00068.wav,data/genres_original/jazz/jazz.00068.wav,-204.39251708984375,138.57968139648438,-10.791183471679688,46.5523796081543,-22.306913375854492,9.692931175231934,-11.094837188720703,-17.798852920532227,-7.586268424987793,-1.6000804901123047,-7.650325775146484,-1.0194116830825806,-9.977277755737305,-6.662604331970215,-3.8579142093658447,-5.062098979949951,-2.0349161624908447,-0.26989221572875977,-3.1960153579711914,-2.448681354522705,1382.7307308073396,0.23507650196552277,0.1879734843969345,0.2719884514808655,0.2843485176563263,0.27638983726501465,0.37441015243530273,0.3088207244873047,0.32860496640205383,0.20369498431682587,0.27879080176353455,0.3533342480659485,0.31988799571990967
jazz.00069.wav,data/genres_original/jazz/jazz.00069.wav,-159.27061462402344,92.04842376708984,-16.751850128173828,27.393678665161133,6.10419225692749,3.2399652004241943,7.175963401794434,4.030701637268066,3.5977046489715576,3.5440964698791504,-0.5867413282394409,-3.723672866821289,-4.721016883850098,-2.589860200881958,-3.3040950298309326,-3.547334671020508,-0.8847746849060059,-2.3104538917541504,-0.9463077783584595,-5.453007221221924,2009.8139341354786,0.2912544012069702,0.21500658988952637,0.25828319787979126,0.2481844127178192,0.27067041397094727,0.211201012134552,0.2221982777118683,0.3774929344654083,0.2516593039035797,0.3200412094593048,0.18796823918819427,0.19264236092567444
jazz.00070.wav,data/genres_original/jazz/jazz.00070.wav,-237.90087890625,155.8162384033203,-9.225844383239746,13.198115348815918,6.609400749206543,8.8912935256958,3.9802098274230957,0.24934238195419312,1.7425676584243774,3.353835344314575,1.189907193183899,3.6303484439849854,1.1625515222549438,4.792174816131592,3.4717695713043213,2.058462619781494,6.528013229370117,5.656087398529053,1.8122178316116333,-0.2460927516222,1117.5098786077247,0.25096017122268677,0.2505035698413849,0.4336623549461365,0.33415907621383667,0.32800358533859253,0.26135072112083435,0.18314819037914276,0.2799346446990967,0.22762556374073029,0.2974366843700409,0.2678755521774292,0.20503279566764832
jazz.00071.wav,data/genres_original/jazz/jazz.00071.wav,-228.39198303222656,170.40264892578125,-16.07386016845703,43.9647102355957,1.100904941558838,3.996798276901245,1.0781359672546387,-7.204606533050537,-12.514963150024414,-4.4187331199646,-6.069606304168701,-1.336763858795166,-3.151841402053833,-6.473728656768799,-3.3002407550811768,2.155402660369873,-2.3049681186676025,-7.364892959594727,-5.195211887359619,-2.860356092453003,971.5475880069571,0.3792515695095062,0.27876776456832886,0.19818022847175598,0.2569611370563507,0.2650374472141266,0.20993691682815552,0.17932957410812378,0.3579390347003937,0.33702582120895386,0.2668129503726959,0.2963264584541321,0.3014000952243805
jazz.00072.wav,data/genres_original/jazz/jazz.00072.wav,-202.82196044921875,145.7398681640625,-23.56831169128418,47.84978103637695,-14.344826698303223,1.6427202224731445,-7.065167427062988,-11.130013465881348,-4.5997395515441895,-3.6073803901672363,-3.788097620010376,2.046825885772705,0.8436292409896851,-2.0191521644592285,-1.0314074754714966,-1.4507904052734375,0.7810760140419006,-0.39524203538894653,-2.3347764015197754,-2.012575626373291,1336.3698511878918,0.25839418172836304,0.19220569729804993,0.19224761426448822,0.3502223491668701,0.2232207953929901,0.2714298367500305,0.24858738481998444,0.2544862627983093,0.2189275473356247,0.19582420587539673,0.35056766867637634,0.24653729796409607
jazz.00073.wav,data/genres_original/jazz/jazz.00073.wav,-84.05435180664062,63.061363220214844,5.639188289642334,24.92485237121582,6.211669921875,-2.9040584564208984,-0.36405929923057556,-1.0757005214691162,-4.244647026062012,-2.330305576324463,1.5680952072143555,1.9355132579803467,1.5438601970672607,-4.464496612548828,-5.300865173339844,-2.994089365005493,-2.8913958072662354,-3.320340394973755,0.32845333218574524,-3.974175214767456,2968.60250464515,0.5503848791122437,0.31641197204589844,0.33277571201324463,0.254999577999115,0.30115142464637756,0.32077568769454956,0.3101085126399994,0.407067209482193,0.3151150345802307,0.33783259987831116,0.27129271626472473,0.2705738842487335
jazz.00074.wav,data/genres_original/jazz/jazz.00074.wav,-149.19680786132812,79.08609771728516,2.009148359298706,27.60702896118164,0.3150664269924164,1.7276527881622314,-3.6130919456481934,-0.1650068759918213,-5.035670757293701,1.2518125772476196,1.1462149620056152,-0.6187952756881714,1.8201314210891724,-2.0573413372039795,-5.999063968658447,-4.919182300567627,-3.960103750228882,-3.567408561706543,-0.8571692109107971,-2.1819913387298584,2414.857050479083,0.22202518582344055,0.2363702803850174,0.47976425290107727,0.3025915026664734,0.40563318133354187,0.280058890581131,0.26508280634880066,0.39935746788978577,0.23738886415958405,0.2114086151123047,0.22590148448944092,0.27386003732681274
jazz.00075.wav,data/genres_original/jazz/jazz.00075.wav,-78.22420501708984,63.21851348876953,-1.6562836170196533,21.022594451904297,4.470186233520508,-3.589820623397827,-1.5619468688964844,-3.069639205932617,-6.078289985656738,-1.9560669660568237,1.7820154428482056,-1.2156537771224976,0.9424571990966797,-2.5629069805145264,-7.769262313842773,-5.933740615844727,-3.016512632369995,-2.4619603157043457,-1.0239957571029663,-5.111241817474365,2902.8282153333053,0.3854338526725769,0.25377157330513,0.28467971086502075,0.3595491647720337,0.28328728675842285,0.41076749563217163,0.2532728314399719,0.33653199672698975,0.2564723491668701,0.25836706161499023,0.2520301938056946,0.1909431666135788
jazz.00076.wav,data/genres_original/jazz/jazz.00076.wav,-154.29287719726562,110.6849594116211,-22.29971694946289,21.146955490112305,4.267234802246094,4.749064922332764,-4.092324733734131,-1.0206657648086548,-6.412800312042236,-9.245782852172852,-3.631049871444702,-5.503034591674805,0.5368921756744385,-0.5116375684738159,-4.807277202606201,-11.209558486938477,-3.9384496212005615,-1.4645185470581055,-4.413699150085449,-10.600423812866211,1733.583196998827,0.42084893584251404,0.3075512647628784,0.4119322597980499,0.3119572401046753,0.39183664321899414,0.24901890754699707,0.1790144294500351,0.2917337417602539,0.25311192870140076,0.28173333406448364,0.19725142419338226,0.3414658010005951
jazz.00077.wav,data/genres_original/jazz/jazz.00077.wav,-77.08967590332031,64.5277099609375,-2.848515748977661,28.531282424926758,4.684905052185059,-2.814512252807617,-5.947363376617432,1.898145318031311,-5.205105781555176,-2.3232338428497314,-2.9395370483398438,-6.148102283477783,-0.763544499874115,-4.4825005531311035,-4.159945964813232,2.1245155334472656,0.8419234752655029,-2.6640372276306152,-3.321876287460327,-8.301836013793945,2777.976524524572,0.2686055898666382,0.25630173087120056,0.32309722900390625,0.27797189354896545,0.3717690110206604,0.4018462002277374,0.25100061297416687,0.2489442378282547,0.2849668860435486,0.4796525239944458,0.32342830300331116,0.20240375399589539
jazz.00078.wav,data/genres_original/jazz/jazz.00078.wav,-141.49685668945312,70.9045181274414,-0.5232313275337219,33.57305145263672,1.4106366634368896,-9.186745643615723,0.7554329633712769,0.5403757095336914,-9.192056655883789,-2.571037769317627,4.080312252044678,-2.2184269428253174,-0.6917473673820496,-0.8222650289535522,-6.483457565307617,-5.997157096862793,-4.243969440460205,-3.242741584777832,-4.0728983879089355,-6.560947418212891,2503.139918026569,0.2723996937274933,0.23665672540664673,0.3436259627342224,0.2710542380809784,0.3794965445995331,0.3357596695423126,0.237806499004364,0.22665320336818695,0.22459428012371063,0.30101287364959717,0.18704165518283844,0.17770417034626007
jazz.00079.wav,data/genres_original/jazz/jazz.00079.wav,-163.5394744873047,65.97193908691406,5.361290454864502,41.89719772338867,7.025766849517822,5.501438617706299,8.930416107177734,2.678452491760254,-0.18257839977741241,5.155423641204834,10.491717338562012,3.329864978790283,3.8408944606781006,2.550647735595703,5.697306156158447,-1.090734601020813,-1.7849191427230835,-5.199060440063477,-5.65455961227417,-9.766990661621094,2634.319273980018,0.2942954897880554,0.3728986978530884,0.2134464532136917,0.33616963028907776,0.3322683870792389,0.23954159021377563,0.39483216404914856,0.3439613878726959,0.33928045630455017,0.4750436544418335,0.34667453169822693,0.37098899483680725
jazz.00080.wav,data/genres_original/jazz/jazz.00080.wav,-117.24632263183594,56.99422073364258,-2.1099281311035156,35.61606216430664,4.713421821594238,3.890101909637451,11.59206485748291,6.078704357147217,0.5825712084770203,2.2747371196746826,2.699638605117798,-1.8503127098083496,1.6808273792266846,0.3939448893070221,2.0524463653564453,-1.1958259344100952,-1.0664489269256592,-6.282374858856201,-5.391153335571289,-4.870292663574219,3029.035019092715,0.3746970593929291,0.3378412425518036,0.37079355120658875,0.31730085611343384,0.39060136675834656,0.3749638795852661,0.32290107011795044,0.4578234851360321,0.44711756706237793,0.4694989025592804,0.32564207911491394,0.2555029094219208
jazz.00081.wav,data/genres_original/jazz/jazz.00081.wav,-228.3715362548828,67.53677368164062,37.0798454284668,21.32526206970215,17.05842399597168,10.142422676086426,10.77646255493164,8.010918617248535,2.042186975479126,0.29713869094848633,2.4991304874420166,3.847144603729248,1.5821795463562012,2.8322551250457764,0.04377567023038864,-0.19756217300891876,2.3157341480255127,3.2987053394317627,4.046379089355469,-0.1898743063211441,3027.140362803872,0.4789474606513977,0.4762055575847626,0.6900485754013062,0.5271517634391785,0.45157110691070557,0.37649235129356384,0.35098329186439514,0.41857296228408813,0.3555050194263458,0.3725380599498749,0.34457191824913025,0.4597427248954773
jazz.00082.wav,data/genres_original/jazz/jazz.00082.wav,-158.2061004638672,49.6024169921875,21.594701766967773,16.51655387878418,11.422574996948242,6.259136199951172,5.633523941040039,-0.1996343731880188,-0.24266581237316132,-1.996820330619812,2.0229389667510986,2.6891400814056396,-1.456520438194275,-1.8059660196304321,-1.825320839881897,-3.306349515914917,-1.52250075340271,-1.1878135204315186,-2.9898035526275635,-1.8677343130111694,3906.2972143441307,0.469056636095047,0.36405760049819946,0.46713411808013916,0.37756386399269104,0.441083163022995,0.41807857155799866,0.4408801198005676,0.4553126394748688,0.31785374879837036,0.33340099453926086,0.3464023470878601,0.3876761198043823
jazz.00083.wav,data/genres_original/jazz/jazz.00083.wav,-126.01213836669922,56.608238220214844,23.495506286621094,23.700130462646484,-0.3036549985408783,7.151373386383057,0.16874293982982635,-0.8434281945228577,-4.156273365020752,-1.8949323892593384,2.5230917930603027,0.5281126499176025,0.9266526699066162,0.042565736919641495,2.9119653701782227,0.12040474265813828,1.313123106956482,0.37778204679489136,-6.133195877075195,-4.948555946350098,3393.857478271707,0.34423425793647766,0.45313212275505066,0.5041623711585999,0.4957592487335205,0.5824190974235535,0.43467098474502563,0.40124666690826416,0.39420977234840393,0.3506847321987152,0.34808412194252014,0.36467260122299194,0.4758511483669281
jazz.00084.wav,data/genres_original/jazz/jazz.00084.wav,-178.09237670898438,61.942626953125,1.468173861503601,36.04594039916992,7.581014633178711,5.153891563415527,-0.9176269173622131,2.941288471221924,1.4490774869918823,2.1342270374298096,5.170273303985596,2.0257973670959473,0.5106883645057678,6.52825403213501,2.6033716201782227,4.854947566986084,7.931034564971924,4.527472972869873,-1.606056809425354,3.7312235832214355,2874.7793906046186,0.4700184762477875,0.4165979027748108,0.44780218601226807,0.3868047297000885,0.36787962913513184,0.33072757720947266,0.3678017854690552,0.4224100112915039,0.3130166828632355,0.42992308735847473,0.3819708228111267,0.38044241070747375
jazz.00085.wav,data/genres_original/jazz/jazz.00085.wav,-131.9313507080078,61.59086990356445,-12.65458869934082,35.085182189941406,-2.1272993087768555,-0.9491928815841675,-4.83791446685791,-4.105522155761719,-3.2856128215789795,2.4962210655212402,6.411373138427734,3.423351287841797,-2.8839263916015625,3.2295114994049072,-1.3421865701675415,0.8659593462944031,3.6739003658294678,0.6368784308433533,-0.3614960312843323,6.330890655517578,2861.0669041187775,0.3152965009212494,0.25130584836006165,0.2429056614637375,0.41940051317214966,0.33111751079559326,0.5440162420272827,0.48969483375549316,0.3043181002140045,0.27275341749191284,0.212086021900177,0.3024287223815918,0.22072120010852814
jazz.00086.wav,data/genres_original/jazz/jazz.00086.wav,-156.6122589111328,22.763254165649414,10.495277404785156,24.156208038330078,10.143046379089355,2.96964693069458,2.4915146827697754,0.48371991515159607,2.691014051437378,1.231042504310608,3.3316619396209717,-7.819789409637451,1.1087778806686401,1.8791414499282837,2.331146478652954,0.7210456132888794,2.995582342147827,1.0147957801818848,7.610909461975098,-2.053713083267212,4136.053468579488,0.3181786835193634,0.2242613285779953,0.3584820628166199,0.3315808176994324,0.44354578852653503,0.25566959381103516,0.2854916453361511,0.5832148194313049,0.26589757204055786,0.3497808277606964,0.286764532327652,0.3462424874305725
jazz.00087.wav,data/genres_original/jazz/jazz.00087.wav,-341.01800537109375,89.85991668701172,44.511985778808594,28.827592849731445,16.31782341003418,10.590868949890137,7.000736236572266,0.8200660943984985,6.097487926483154,7.12577486038208,5.411661624908447,2.7358579635620117,9.361677169799805,5.570950984954834,3.7773478031158447,3.1608662605285645,0.2872115969657898,-1.3718242645263672,-1.5763362646102905,-1.9849610328674316,1845.8761145516376,0.2990368604660034,0.39882025122642517,0.6981463432312012,0.49838748574256897,0.3415929079055786,0.24177123606204987,0.15960566699504852,0.21762339770793915,0.2578401267528534,0.338428258895874,0.2889949083328247,0.3627266585826874
jazz.00088.wav,data/genres_original/jazz/jazz.00088.wav,-192.5078125,80.95126342773438,25.70166778564453,18.534101486206055,14.171380996704102,1.2654693126678467,4.092947959899902,-1.4168413877487183,2.6607608795166016,5.235185623168945,3.7162206172943115,0.2937416136264801,7.339451313018799,0.8875501751899719,-1.2227070331573486,-1.3455075025558472,1.1447126865386963,2.6570992469787598,3.211580276489258,-3.002535820007324,2428.6412687077973,0.25333431363105774,0.22333990037441254,0.3074761629104614,0.27416926622390747,0.22799916565418243,0.3891814947128296,0.26883214712142944,0.3649349510669708,0.33621418476104736,0.3071154057979584,0.34799060225486755,0.19213640689849854
jazz.00089.wav,data/genres_original/jazz/jazz.00089.wav,-322.4992370605469,90.6509780883789,27.027179718017578,37.85674285888672,19.709014892578125,4.60931921005249,3.070613145828247,7.970810413360596,1.9372375011444092,2.087836503982544,0.4474659264087677,4.8929595947265625,13.060921669006348,0.4125618040561676,-0.7214641571044922,4.703701019287109,1.231222152709961,-3.7453620433807373,1.6888140439987183,0.39244693517684937,1787.936479244805,0.39618465304374695,0.3042850196361542,0.42725345492362976,0.2794315218925476,0.25359249114990234,0.15827366709709167,0.14221523702144623,0.18831096589565277,0.2427709996700287,0.2680985629558563,0.2715468108654022,0.43291470408439636
jazz.00090.wav,data/genres_original/jazz/jazz.00090.wav,-217.62901306152344,105.62874603271484,19.31536293029785,28.35325050354004,8.654834747314453,0.14365200698375702,6.365767955780029,-2.539705276489258,-12.996928215026855,-11.14958381652832,-6.15288782119751,-7.734214782714844,0.42279666662216187,-1.2611347436904907,1.7099496126174927,-2.3023440837860107,-3.8114840984344482,-3.6843862533569336,0.5768568515777588,0.5731452703475952,1875.229063578226,0.27247700095176697,0.2366182804107666,0.4859772324562073,0.2640911638736725,0.3175981938838959,0.40474656224250793,0.17217083275318146,0.13394029438495636,0.12540949881076813,0.2920432686805725,0.22222699224948883,0.3126945197582245
jazz.00091.wav,data/genres_original/jazz/jazz.00091.wav,-299.40533447265625,60.7772102355957,32.098514556884766,25.69583511352539,7.463468074798584,-1.2953768968582153,1.8622723817825317,5.261619567871094,-5.529666423797607,-3.1035633087158203,3.6464571952819824,-2.297407388687134,0.8934429287910461,3.3417820930480957,7.273844242095947,5.934365272521973,-8.26396369934082,-0.46254217624664307,1.9967840909957886,-7.015195846557617,2958.8527443760186,0.2728036344051361,0.2885563373565674,0.225431889295578,0.2717844545841217,0.242323100566864,0.23705460131168365,0.1568678617477417,0.17671330273151398,0.22388392686843872,0.2668538987636566,0.22067439556121826,0.1886121928691864
jazz.00092.wav,data/genres_original/jazz/jazz.00092.wav,-294.19384765625,84.6645736694336,39.0778923034668,28.63521385192871,14.131192207336426,1.0344226360321045,7.35345458984375,5.217075824737549,-3.739166021347046,-5.041574954986572,2.224761724472046,-0.5665931105613708,4.218073844909668,0.12858420610427856,0.8307336568832397,-2.1461124420166016,-4.497450351715088,-1.0901143550872803,7.2270002365112305,-0.2439364492893219,2213.669961452585,0.30397871136665344,0.2792120575904846,0.3537180423736572,0.3245759606361389,0.30072399973869324,0.16633372008800507,0.20682162046432495,0.3630364239215851,0.2999638617038727,0.16055403649806976,0.17682088911533356,0.3093964755535126
jazz.00093.wav,data/genres_original/jazz/jazz.00093.wav,-215.39735412597656,100.96080780029297,17.098628997802734,12.978259086608887,16.06291389465332,4.764205455780029,4.565047264099121,-3.133694648742676,-4.154082775115967,-2.2966675758361816,-4.928966522216797,-3.3494503498077393,-1.4255523681640625,-5.0277628898620605,-0.6690237522125244,1.3476639986038208,1.9956138134002686,-0.2532603144645691,0.9609002470970154,-2.129333972930908,2151.985122584835,0.31525325775146484,0.19227251410484314,0.19373854994773865,0.31247249245643616,0.22341789305210114,0.2891544997692108,0.2435290664434433,0.4147145748138428,0.3865047097206116,0.19789345562458038,0.23355631530284882,0.2324921190738678
jazz.00094.wav,data/genres_original/jazz/jazz.00094.wav,-366.4404602050781,131.69850158691406,16.51293182373047,36.32004165649414,5.0606465339660645,14.675122261047363,-6.163723945617676,4.714256286621094,-9.586795806884766,-1.2903679609298706,-2.6941325664520264,1.5798388719558716,-2.2748067378997803,-0.18491998314857483,-3.260643482208252,-4.681197643280029,-3.571376085281372,-3.9690418243408203,-1.8218518495559692,-0.9156631827354431,1077.1722769200633,0.28731387853622437,0.19928418099880219,0.30577731132507324,0.23885378241539001,0.43773624300956726,0.24355663359165192,0.1710735410451889,0.24469535052776337,0.17189769446849823,0.18105003237724304,0.15794064104557037,0.20966190099716187
jazz.00095.wav,data/genres_original/jazz/jazz.00095.wav,-219.76429748535156,100.79803466796875,-1.4563237428665161,41.285438537597656,-0.9485440850257874,23.379390716552734,-11.51408576965332,20.027904510498047,-15.970274925231934,13.943596839904785,-7.9898457527160645,5.7383599281311035,-6.868226051330566,6.212484359741211,-5.809604167938232,0.9544674158096313,-5.164731025695801,3.0511159896850586,2.080820322036743,0.9545134902000427,1855.2856495889075,0.36993321776390076,0.28176149725914,0.4094045162200928,0.34218305349349976,0.34893155097961426,0.2835230231285095,0.2539297938346863,0.3846435248851776,0.2954873740673065,0.2730964422225952,0.24077868461608887,0.2517009377479553
jazz.00096.wav,data/genres_original/jazz/jazz.00096.wav,-277.235595703125,95.75202941894531,-2.979492664337158,43.91986846923828,1.941412329673767,22.249988555908203,-6.1406450271606445,22.460952758789062,-12.840874671936035,10.7803955078125,-7.533227920532227,3.595322847366333,-5.075059413909912,6.763927936553955,3.636491298675537,6.720912456512451,1.7745742797851562,-2.126913070678711,-5.385533809661865,-5.336740970611572,1874.628040189689,0.27591100335121155,0.1962236911058426,0.2691616117954254,0.2970834970474243,0.2640228867530823,0.3881362974643707,0.25423577427864075,0.2429874986410141,0.2505127191543579,0.2605849802494049,0.5689074993133545,0.316143274307251
jazz.00097.wav,data/genres_original/jazz/jazz.00097.wav,-413.5791320800781,118.27574920654297,31.103315353393555,40.16520690917969,13.103852272033691,13.944950103759766,-3.7192177772521973,4.748368740081787,-9.891249656677246,-3.062778949737549,-6.282209396362305,-3.6105401515960693,-5.263689041137695,1.1222527027130127,2.834174871444702,6.594533920288086,7.951370716094971,5.062707901000977,1.60207200050354,-4.378068923950195,1176.0043625534947,0.1755317747592926,0.23208262026309967,0.19202743470668793,0.2295074164867401,0.1947331428527832,0.1987799108028412,0.18001069128513336,0.23981791734695435,0.3092511296272278,0.34745869040489197,0.23766525089740753,0.15167155861854553
jazz.00098.wav,data/genres_original/jazz/jazz.00098.wav,-223.03062438964844,102.89911651611328,-1.6697336435317993,45.19947814941406,-6.745973587036133,25.354921340942383,-14.36687183380127,24.24671745300293,-10.414377212524414,11.14624309539795,-9.151456832885742,6.625128269195557,-7.828696250915527,9.370097160339355,-3.43027925491333,2.673874616622925,-6.210599422454834,0.8636519312858582,-3.390310525894165,-0.38150450587272644,1884.9439012894368,0.3767634332180023,0.3807560205459595,0.42305219173431396,0.33586061000823975,0.29963988065719604,0.3136526644229889,0.3139233887195587,0.2913634479045868,0.2771381437778473,0.3208313584327698,0.2912483513355255,0.31060346961021423
jazz.00099.wav,data/genres_original/jazz/jazz.00099.wav,-315.01422119140625,112.72767639160156,9.740750312805176,38.98918151855469,3.942613363265991,20.019872665405273,-7.22319221496582,15.273512840270996,-13.677780151367188,10.151814460754395,-4.884432315826416,4.701993465423584,-2.699561834335327,3.828490734100342,0.8413566946983337,3.3496334552764893,-2.1094274520874023,-1.2456772327423096,1.7837289571762085,-2.226573944091797,1492.5645306761603,0.33997392654418945,0.19826576113700867,0.22409763932228088,0.3653011918067932,0.2999231815338135,0.29797452688217163,0.3027273714542389,0.4620099663734436,0.3377673625946045,0.23850871622562408,0.2542337477207184,0.22998158633708954
metal.00000.wav,data/genres_original/metal/metal.00000.wav,-52.93138122558594,50.08728790283203,-11.485750198364258,46.35173797607422,6.5509257316589355,10.124287605285645,5.479244232177734,8.854687690734863,5.942208766937256,6.622522354125977,-4.047175407409668,9.770575523376465,-3.1184916496276855,3.6578528881073,-6.509732246398926,1.08675217628479,-4.483927249908447,4.728172779083252,-2.7538902759552,0.5066716074943542,3274.344587423776,0.5319504141807556,0.532038152217865,0.64900141954422,0.4810413122177124,0.45185932517051697,0.45147231221199036,0.41558101773262024,0.5488131642341614,0.4265275001525879,0.43679696321487427,0.4706536531448364,0.4576113224029541
metal.00001.wav,data/genres_original/metal/metal.00001.wav,-80.14728546142578,64.84362030029297,-15.46560001373291,46.83931350708008,7.911020755767822,21.762014389038086,-2.1760785579681396,21.9866886138916,-7.712627410888672,11.144745826721191,-4.287084579467773,11.44251823425293,-10.365104675292969,11.727380752563477,-7.095704555511475,5.9311370849609375,-9.025644302368164,5.505945205688477,-6.201168060302734,3.12526273727417,2922.908394647605,0.42943069338798523,0.5543674230575562,0.510449230670929,0.5753517150878906,0.4545418918132782,0.45166322588920593,0.4642470180988312,0.40490835905075073,0.4532812237739563,0.45049718022346497,0.506608784198761,0.4678554832935333
metal.00002.wav,data/genres_original/metal/metal.00002.wav,-62.21818923950195,115.20072937011719,-42.81502914428711,54.31106185913086,-24.883960723876953,20.133108139038086,-21.639131546020508,20.847036361694336,-8.398697853088379,20.328601837158203,-10.731799125671387,9.669684410095215,-14.547389030456543,6.9329376220703125,-7.481359004974365,5.97308349609375,-3.4757628440856934,6.574289798736572,-6.577368259429932,2.9633851051330566,2198.5048742476088,0.3710882067680359,0.4287569522857666,0.3824923038482666,0.34447792172431946,0.46005144715309143,0.4210837185382843,0.564041018486023,0.5026837587356567,0.4658646285533905,0.47744983434677124,0.38072848320007324,0.39133161306381226
metal.00003.wav,data/genres_original/metal/metal.00003.wav,-43.06468200683594,75.3976058959961,-47.840972900390625,53.02373504638672,-12.33786678314209,36.8731575012207,-8.287717819213867,28.404539108276367,-14.531335830688477,22.106433868408203,-7.355743885040283,15.975347518920898,-13.14083480834961,12.26315975189209,-10.449835777282715,5.93939733505249,-6.683141708374023,5.279662609100342,-2.331791639328003,3.5936789512634277,2751.926423435394,0.399386465549469,0.39676809310913086,0.42065325379371643,0.46801596879959106,0.6151857376098633,0.5250759720802307,0.4314229488372803,0.5245810747146606,0.5978175401687622,0.6138323545455933,0.44626590609550476,0.41303151845932007
metal.00004.wav,data/genres_original/metal/metal.00004.wav,-107.12959289550781,47.660186767578125,-8.620709419250488,38.39892578125,8.458258628845215,9.544549942016602,1.0175126791000366,20.7490291595459,0.7148492336273193,11.783106803894043,1.1646877527236938,11.063399314880371,-2.5293984413146973,7.581267833709717,-4.1991119384765625,7.076489448547363,-6.620516300201416,4.5466389656066895,-4.2624664306640625,4.289620399475098,3403.0755097954175,0.5875927209854126,0.625250518321991,0.6549601554870605,0.5916932225227356,0.5851297974586487,0.6591548323631287,0.6035381555557251,0.6507681608200073,0.6980667114257812,0.7171086668968201,0.6510763764381409,0.5915893316268921
metal.00005.wav,data/genres_original/metal/metal.00005.wav,-79.627685546875,93.47288513183594,-27.749143600463867,64.06912994384766,-18.807096481323242,23.32039451599121,-10.540273666381836,13.356390953063965,-17.537809371948242,16.388517379760742,-10.054387092590332,8.94179916381836,-16.081073760986328,4.287132740020752,-14.799311637878418,0.26462674140930176,-8.214849472045898,3.420656681060791,-3.7143924236297607,-2.4369871616363525,2464.596757533147,0.3594490587711334,0.3715200424194336,0.4868529140949249,0.4081413447856903,0.4063151478767395,0.36804184317588806,0.41415536403656006,0.5407025218009949,0.45672178268432617,0.4666011929512024,0.38787102699279785,0.4048617482185364
metal.00006.wav,data/genres_original/metal/metal.00006.wav,-140.77830505371094,55.92315673828125,-12.291191101074219,44.319007873535156,-10.60477066040039,10.867444038391113,-0.9533339738845825,22.24396514892578,-9.378978729248047,15.246444702148438,-3.0641419887542725,9.07236099243164,-8.798300743103027,8.746224403381348,-12.113970756530762,5.550326347351074,-12.493189811706543,6.350466728210449,-3.8611655235290527,4.725794315338135,3237.576392654718,0.3461358845233917,0.3539585769176483,0.33961623907089233,0.4634246826171875,0.4311424195766449,0.5907304883003235,0.48508772253990173,0.43404093384742737,0.5387355089187622,0.4192640483379364,0.4626261591911316,0.3427943289279938
metal.00007.wav,data/genres_original/metal/metal.00007.wav,-108.09748840332031,65.77732849121094,-20.841005325317383,47.55959701538086,0.8536296486854553,8.991207122802734,-3.2142586708068848,20.978046417236328,-10.34926986694336,7.876448154449463,-8.126469612121582,12.045555114746094,-9.155126571655273,7.009257793426514,-8.752737045288086,5.785950660705566,-12.369430541992188,3.441415309906006,-7.378526210784912,4.871619701385498,2939.529800244255,0.5235300064086914,0.5977043509483337,0.6531760096549988,0.5889573693275452,0.6254749894142151,0.5893217921257019,0.5275322198867798,0.6000298857688904,0.6914188861846924,0.6090587973594666,0.48606276512145996,0.48413771390914917
metal.00008.wav,data/genres_original/metal/metal.00008.wav,-149.9843292236328,67.90699768066406,-6.688848972320557,32.08448791503906,6.079799175262451,12.23563003540039,9.134745597839355,10.182917594909668,3.7711071968078613,10.596400260925293,0.7727523446083069,7.715685844421387,-1.1583727598190308,-3.302577257156372,-7.533148765563965,0.417510986328125,-4.005858898162842,1.2608816623687744,1.4787949323654175,5.482004642486572,2964.5694774912263,0.5077290534973145,0.42903292179107666,0.4773310124874115,0.5055554509162903,0.6534639000892639,0.5277996063232422,0.4560665786266327,0.40005582571029663,0.3065081536769867,0.33934304118156433,0.40970170497894287,0.5863433480262756
metal.00009.wav,data/genres_original/metal/metal.00009.wav,3.64223575592041,104.75210571289062,-0.8226439356803894,55.941104888916016,-29.22248649597168,31.25544548034668,-14.195286750793457,20.20258903503418,-8.280900955200195,15.18163776397705,-14.58730697631836,15.663605690002441,-12.99042797088623,15.283535957336426,-6.928597450256348,9.860407829284668,-6.502114295959473,4.901695251464844,-0.7759705781936646,6.457592010498047,2250.8905487248117,0.5585233569145203,0.5473160147666931,0.6459018588066101,0.5098206400871277,0.39825713634490967,0.4660632312297821,0.5297444462776184,0.494693398475647,0.48204106092453003,0.5391961932182312,0.5467928051948547,0.6058856844902039
metal.00010.wav,data/genres_original/metal/metal.00010.wav,-58.72036361694336,70.55818939208984,-19.421354293823242,73.59315490722656,-27.765424728393555,23.759441375732422,-17.9041690826416,21.222898483276367,-16.949420928955078,16.136871337890625,-15.223487854003906,14.87415599822998,-18.705825805664062,11.308095932006836,-14.63760757446289,4.311708927154541,-12.718780517578125,1.1689201593399048,-8.01943588256836,0.9198090434074402,3048.5052057998873,0.5421865582466125,0.5038421154022217,0.5050582885742188,0.4857477843761444,0.49224668741226196,0.5011177062988281,0.6154338717460632,0.6375606060028076,0.5695837736129761,0.5521054863929749,0.5414547324180603,0.556193470954895
metal.00011.wav,data/genres_original/metal/metal.00011.wav,8.792970657348633,82.82320404052734,-30.564281463623047,66.71607971191406,-16.359281539916992,16.568218231201172,-10.763798713684082,29.540407180786133,-25.08977699279785,16.821929931640625,-11.39260196685791,12.785897254943848,-13.347066879272461,9.802604675292969,-14.256784439086914,9.601153373718262,-8.031879425048828,5.187305927276611,-2.9506986141204834,4.4044575691223145,2699.980049142347,0.4082433879375458,0.42748481035232544,0.437678724527359,0.576443076133728,0.5700982809066772,0.5189810991287231,0.5382222533226013,0.6778066158294678,0.6520332098007202,0.4583389163017273,0.4472044110298157,0.4176728427410126
metal.00012.wav,data/genres_original/metal/metal.00012.wav,-64.10792541503906,74.5260009765625,-45.96800231933594,65.85509490966797,-14.67630386352539,23.84915542602539,-13.777111053466797,37.762298583984375,-10.587831497192383,21.390439987182617,-9.345857620239258,17.91301918029785,-10.791604042053223,11.35460376739502,-11.166747093200684,8.709754943847656,-8.963810920715332,3.229736328125,-5.745521545410156,2.420675754547119,2803.3032043751823,0.6545076966285706,0.6471441984176636,0.605432391166687,0.5357637405395508,0.6541100144386292,0.6235330104827881,0.5909746289253235,0.6123014092445374,0.6143639087677002,0.5645781755447388,0.5316480994224548,0.6253363490104675
metal.00013.wav,data/genres_original/metal/metal.00013.wav,-84.90264129638672,64.63973999023438,-36.326133728027344,65.39541625976562,-13.867815017700195,22.872535705566406,-15.565662384033203,36.293033599853516,-13.677165985107422,21.25946617126465,-9.251360893249512,19.171607971191406,-10.60749340057373,12.314615249633789,-9.792945861816406,10.552153587341309,-9.910698890686035,5.05133581161499,-5.3423686027526855,3.801618814468384,3047.8529556987282,0.5958227515220642,0.6389562487602234,0.6844719648361206,0.5855960249900818,0.6677474975585938,0.7021315693855286,0.6308528780937195,0.6769362688064575,0.699591338634491,0.6378958821296692,0.572019100189209,0.5424371957778931
metal.00014.wav,data/genres_original/metal/metal.00014.wav,-117.91970825195312,65.44175720214844,-51.43996810913086,74.10702514648438,-13.760527610778809,25.75345802307129,-13.13806438446045,32.225914001464844,-10.345248222351074,21.71337127685547,-7.80245304107666,12.349828720092773,-14.452733039855957,5.787717342376709,-13.264057159423828,4.56793737411499,-11.399252891540527,-0.6668637990951538,-4.573326110839844,-0.21592272818088531,2877.399022234635,0.5451905131340027,0.5783848762512207,0.5793631076812744,0.5632532835006714,0.6009050011634827,0.5774858593940735,0.6432976722717285,0.6044031977653503,0.5036141872406006,0.39780163764953613,0.45565345883369446,0.5817579627037048
metal.00015.wav,data/genres_original/metal/metal.00015.wav,-76.78498840332031,68.00349426269531,-11.247028350830078,76.36323547363281,-17.476346969604492,25.336971282958984,-17.900310516357422,20.36867904663086,-21.420486450195312,14.217723846435547,-15.76894474029541,12.524235725402832,-18.507431030273438,10.83144474029541,-13.703333854675293,4.864303112030029,-11.980358123779297,1.6491068601608276,-7.645299434661865,2.225519895553589,2986.823467315232,0.4554734230041504,0.3659593462944031,0.4052695631980896,0.47392088174819946,0.5205801129341125,0.4652833342552185,0.5756232142448425,0.5985460877418518,0.5113672018051147,0.46960440278053284,0.4592812955379486,0.5182531476020813
metal.00016.wav,data/genres_original/metal/metal.00016.wav,26.69307518005371,79.79640197753906,-52.05575180053711,51.320682525634766,-16.361846923828125,22.011913299560547,-17.46108055114746,30.92519187927246,-15.979047775268555,16.12738609313965,-12.196157455444336,11.30388355255127,-12.446610450744629,5.20654296875,-7.687123775482178,10.177715301513672,-9.720837593078613,-1.6887623071670532,-7.599414348602295,-3.9297826290130615,2743.3971145568185,0.48696213960647583,0.5488985180854797,0.5203002691268921,0.5122525095939636,0.5189363956451416,0.40477755665779114,0.3521746098995209,0.45828884840011597,0.5386313796043396,0.664594292640686,0.578696072101593,0.44012799859046936
metal.00017.wav,data/genres_original/metal/metal.00017.wav,-75.51751708984375,81.91142272949219,-22.081079483032227,69.87699890136719,-11.740437507629395,25.740245819091797,-18.518962860107422,27.027706146240234,-14.085997581481934,22.134109497070312,-12.107686042785645,14.95165729522705,-13.525077819824219,5.815483570098877,-10.154531478881836,6.781164646148682,-10.487829208374023,4.372528076171875,-5.466019153594971,2.9706344604492188,2656.165733706926,0.47478464245796204,0.4466153681278229,0.5159530639648438,0.5816631317138672,0.626162052154541,0.6023788452148438,0.6150031089782715,0.6001535654067993,0.5848096609115601,0.6094498038291931,0.6661239266395569,0.6479896306991577
metal.00018.wav,data/genres_original/metal/metal.00018.wav,-76.3720703125,123.29144287109375,-89.89614868164062,76.44556427001953,-21.26910400390625,22.295795440673828,-13.64999771118164,14.647887229919434,-6.32043981552124,9.922282218933105,-3.9226856231689453,5.398590087890625,-2.4885094165802,5.038358211517334,-2.9841628074645996,5.112241744995117,-4.379886627197266,-1.2858999967575073,3.085047960281372,0.1766451597213745,2291.2788294344687,0.5556465983390808,0.7157276272773743,0.6399084329605103,0.571064293384552,0.5142817497253418,0.4581843912601471,0.4441143870353699,0.5920351147651672,0.6702978610992432,0.5783722996711731,0.46711981296539307,0.4595114290714264
metal.00019.wav,data/genres_original/metal/metal.00019.wav,-89.329833984375,82.3569107055664,-23.258312225341797,68.10751342773438,-13.086759567260742,22.45479965209961,-18.52653694152832,26.232650756835938,-14.358574867248535,21.504413604736328,-13.87850284576416,12.481538772583008,-14.122218132019043,3.7533552646636963,-10.118067741394043,5.401124000549316,-11.11616325378418,2.6867971420288086,-5.688729763031006,3.0959978103637695,2699.597527581128,0.45910724997520447,0.4579397439956665,0.4936113953590393,0.5471190214157104,0.5883082151412964,0.5684844851493835,0.6085454821586609,0.5922755002975464,0.5473124384880066,0.5503609776496887,0.6473711133003235,0.601786196231842
metal.00020.wav,data/genres_original/metal/metal.00020.wav,-75.018310546875,81.17256927490234,-20.199926376342773,68.30472564697266,-11.342597961425781,23.670305252075195,-19.834022521972656,24.18343734741211,-13.177370071411133,22.286407470703125,-11.55687141418457,13.553210258483887,-15.058012962341309,3.302358627319336,-10.513961791992188,5.075372219085693,-10.686497688293457,3.865928888320923,-4.944835662841797,3.259939432144165,2658.2188462959766,0.40072178840637207,0.40640968084335327,0.44934648275375366,0.45450806617736816,0.47892260551452637,0.4870623052120209,0.6023328304290771,0.5714156031608582,0.5526224970817566,0.5312612652778625,0.5052887797355652,0.510847270488739
metal.00021.wav,data/genres_original/metal/metal.00021.wav,-76.2828598022461,61.76295852661133,-37.11275100708008,62.44001388549805,-14.831242561340332,34.567806243896484,-11.487005233764648,30.963096618652344,-12.27812385559082,22.313232421875,-7.5111165046691895,17.84716033935547,-11.126255989074707,10.237992286682129,-10.79403018951416,5.1591572761535645,-7.724807262420654,2.5857315063476562,-3.0912773609161377,2.6671664714813232,3046.7299311449274,0.5726928114891052,0.49122434854507446,0.508108913898468,0.516330361366272,0.5882335901260376,0.48329994082450867,0.5038338899612427,0.571769654750824,0.5298910140991211,0.4686546325683594,0.49640458822250366,0.5752180218696594
metal.00022.wav,data/genres_original/metal/metal.00022.wav,-45.84393310546875,108.01374053955078,-11.740544319152832,66.3277587890625,-30.207605361938477,9.236700057983398,-25.772972106933594,21.877349853515625,-17.929054260253906,10.275842666625977,-14.119917869567871,18.74677085876465,-14.238831520080566,-2.237886667251587,-5.778147220611572,-5.864990234375,-2.542969226837158,1.47957444190979,-5.616362571716309,-2.8201234340667725,2218.499205435564,0.2586041986942291,0.3913973271846771,0.3175491988658905,0.39569008350372314,0.6098862886428833,0.3187851905822754,0.2497536689043045,0.2559674382209778,0.43987837433815,0.6744710206985474,0.3068653643131256,0.21876242756843567
metal.00023.wav,data/genres_original/metal/metal.00023.wav,-43.71674346923828,82.74609375,-29.634931564331055,70.41970825195312,-21.6125545501709,31.165260314941406,2.078946113586426,28.88348960876465,-2.68355131149292,19.901939392089844,-6.940589904785156,19.136198043823242,-7.372359752655029,7.891116142272949,-13.86393928527832,4.059308052062988,-6.876037120819092,-1.7961839437484741,1.466861367225647,4.53969144821167,2576.107537052409,0.6528720259666443,0.5590362548828125,0.5543487071990967,0.5495062470436096,0.5479710102081299,0.5138843655586243,0.44463491439819336,0.5448466539382935,0.5412217974662781,0.41004297137260437,0.4627295434474945,0.5462135672569275
metal.00024.wav,data/genres_original/metal/metal.00024.wav,-16.70627784729004,94.11414337158203,-32.78630065917969,61.49044418334961,-10.101550102233887,34.223567962646484,-11.971184730529785,28.20022201538086,-15.321425437927246,19.325448989868164,-8.278705596923828,17.934833526611328,-7.455646514892578,12.818328857421875,-6.190162658691406,6.381686210632324,-6.894106388092041,4.455628395080566,-4.161801338195801,4.225445747375488,2410.986411509785,0.49345332384109497,0.40133604407310486,0.4650459289550781,0.4519198536872864,0.4899512231349945,0.48056092858314514,0.6042229533195496,0.5236856341362,0.41119682788848877,0.3953768014907837,0.4365760087966919,0.592370331287384
metal.00025.wav,data/genres_original/metal/metal.00025.wav,-120.1278076171875,91.28767395019531,-38.794960021972656,75.0037841796875,-3.8060121536254883,22.66649055480957,-8.123723030090332,23.654571533203125,-14.638493537902832,13.3650541305542,-9.405637741088867,13.70650863647461,-9.314505577087402,3.583580255508423,-11.857462882995605,1.0247243642807007,-10.713959693908691,-3.2415027618408203,-3.466503620147705,-4.576842308044434,2384.812609828754,0.4206463694572449,0.35272228717803955,0.4386390745639801,0.5883774161338806,0.8093057870864868,0.5403357148170471,0.33617469668388367,0.36799365282058716,0.39983952045440674,0.3798626959323883,0.4253193438053131,0.5269124507904053
metal.00026.wav,data/genres_original/metal/metal.00026.wav,-61.475521087646484,71.7444839477539,-46.288238525390625,75.44222259521484,-18.52456283569336,35.957088470458984,-12.682559967041016,28.374231338500977,-9.363221168518066,14.51096248626709,-4.269453525543213,11.87000846862793,-16.039182662963867,12.117884635925293,-16.081953048706055,2.36082124710083,-8.121184349060059,-1.4349427223205566,-0.9419490694999695,0.8197290897369385,2871.3062606691374,0.375320702791214,0.4045267403125763,0.5887839794158936,0.536431610584259,0.5279267430305481,0.41491708159446716,0.47386735677719116,0.6076639890670776,0.620148241519928,0.5176569223403931,0.35630229115486145,0.3910504877567291
metal.00027.wav,data/genres_original/metal/metal.00027.wav,-36.46259307861328,94.79669952392578,-36.610260009765625,55.00199508666992,-8.238860130310059,29.687299728393555,-13.684500694274902,28.724905014038086,-11.995235443115234,19.36692237854004,-15.665719032287598,13.938667297363281,-11.981067657470703,7.540055751800537,-11.918596267700195,5.480809688568115,-9.272307395935059,6.1842522621154785,-4.3013176918029785,1.8341248035430908,2398.412461241184,0.42377498745918274,0.3960319757461548,0.42188969254493713,0.4783880412578583,0.45399045944213867,0.4857112169265747,0.40059641003608704,0.38898754119873047,0.5674407482147217,0.6244264841079712,0.5925760269165039,0.4655192494392395
metal.00028.wav,data/genres_original/metal/metal.00028.wav,-28.08998680114746,84.03387451171875,-43.71615982055664,47.9909782409668,-22.455089569091797,19.917407989501953,-25.181150436401367,24.802288055419922,-13.120749473571777,24.66950225830078,-16.41937255859375,17.56419563293457,-15.417398452758789,8.639938354492188,-9.952717781066895,7.071071147918701,-9.484701156616211,8.427124977111816,-3.548900604248047,2.623476982116699,2789.300841643996,0.43581563234329224,0.47524070739746094,0.3992100656032562,0.5691355466842651,0.5171377658843994,0.5308561325073242,0.5240817070007324,0.44128677248954773,0.48574602603912354,0.4528391361236572,0.5777872204780579,0.3658373951911926
metal.00029.wav,data/genres_original/metal/metal.00029.wav,-103.65835571289062,73.83583068847656,-16.12746810913086,53.154727935791016,-25.099674224853516,33.9915771484375,-13.641719818115234,25.99047088623047,-18.906932830810547,18.668743133544922,-12.777742385864258,9.54562759399414,-16.148778915405273,8.769025802612305,-12.545799255371094,5.365654468536377,-8.112323760986328,6.666351795196533,-4.495366096496582,2.9296624660491943,2955.2644930453703,0.42519107460975647,0.3528880178928375,0.41083064675331116,0.4404708445072174,0.4531041085720062,0.5826333165168762,0.45154792070388794,0.47078338265419006,0.4536669850349426,0.4626747667789459,0.4217699468135834,0.36551037430763245
metal.00030.wav,data/genres_original/metal/metal.00030.wav,-77.4547348022461,130.8889617919922,-23.28746795654297,61.996246337890625,0.9075698852539062,30.53289222717285,-8.758488655090332,19.443262100219727,-2.227691173553467,13.108553886413574,-3.299781560897827,8.93582534790039,-8.964678764343262,-0.35130399465560913,-6.036297798156738,-0.3981819152832031,-6.789775371551514,-4.395872592926025,0.9761342406272888,3.97910475730896,1525.6954691515564,0.6233156323432922,0.5052836537361145,0.41094398498535156,0.40827232599258423,0.6966303586959839,0.5387559533119202,0.32043883204460144,0.33001208305358887,0.3627364933490753,0.39812472462654114,0.39089488983154297,0.5621052980422974
metal.00031.wav,data/genres_original/metal/metal.00031.wav,-12.50252914428711,91.33016967773438,-23.079097747802734,50.981163024902344,-12.106395721435547,30.916202545166016,-15.001932144165039,23.061729431152344,-14.281171798706055,23.06537437438965,-17.684673309326172,13.161979675292969,-15.20090103149414,3.9402589797973633,-9.093104362487793,5.5435471534729,-9.840605735778809,5.627538681030273,-7.040093421936035,1.4170793294906616,2566.910608201603,0.379463255405426,0.43891599774360657,0.45454972982406616,0.590670108795166,0.41470611095428467,0.33391013741493225,0.3410208523273468,0.41468948125839233,0.6068873405456543,0.482571542263031,0.49828821420669556,0.39901360869407654
metal.00032.wav,data/genres_original/metal/metal.00032.wav,-61.90703582763672,93.03636932373047,-39.967708587646484,56.14796447753906,-19.685197830200195,23.381887435913086,-7.644094467163086,17.719402313232422,-19.306636810302734,17.783296585083008,-13.095865249633789,14.30197811126709,-13.079708099365234,5.4478654861450195,-10.79558277130127,3.7329986095428467,-10.746841430664062,1.2737475633621216,-4.612355709075928,0.33479106426239014,2502.5342481859757,0.40278083086013794,0.3521408140659332,0.5132285952568054,0.4601075351238251,0.5966405272483826,0.4557168781757355,0.43853574991226196,0.47704851627349854,0.39412400126457214,0.396325021982193,0.32915446162223816,0.4230092465877533
metal.00033.wav,data/genres_original/metal/metal.00033.wav,-35.73134994506836,115.46691131591797,-40.63166427612305,75.38111877441406,-12.545450210571289,21.83925437927246,1.8210301399230957,15.605562210083008,-0.1731709986925125,10.234973907470703,-11.762730598449707,15.405223846435547,-12.47100830078125,4.623549461364746,-2.4706268310546875,-1.6684324741363525,-0.3332338035106659,-7.772424697875977,0.9960805177688599,-4.180789470672607,2029.838779673465,0.5240474939346313,0.3747022747993469,0.43455907702445984,0.5623795986175537,0.7016229033470154,0.5364362597465515,0.28010910749435425,0.2802064120769501,0.38329175114631653,0.42300641536712646,0.5762519240379333,0.6859517693519592
metal.00034.wav,data/genres_original/metal/metal.00034.wav,-104.68677520751953,87.73570251464844,-33.24212646484375,48.45683288574219,-28.924985885620117,22.513729095458984,-24.994108200073242,20.53480339050293,-12.077208518981934,18.256620407104492,-15.190194129943848,10.294037818908691,-13.897687911987305,10.28689956665039,-4.697042465209961,9.943592071533203,-5.620970726013184,4.791560649871826,-11.67811107635498,2.958341360092163,2707.5423665716226,0.3713690936565399,0.2735467255115509,0.33466777205467224,0.3204019367694855,0.45817065238952637,0.3925797939300537,0.4620307385921478,0.4848543107509613,0.4010692536830902,0.4090080261230469,0.42607197165489197,0.5488885045051575
metal.00035.wav,data/genres_original/metal/metal.00035.wav,13.47215461730957,78.02857971191406,-32.999122619628906,55.55011749267578,-9.963229179382324,35.41740798950195,-17.641218185424805,29.05707550048828,-11.254931449890137,14.00488567352295,-10.102362632751465,16.5273494720459,-8.494954109191895,5.9217753410339355,-11.878570556640625,6.448642253875732,-11.164233207702637,-0.19770166277885437,-2.1881189346313477,1.3877140283584595,2836.947977795833,0.5770843029022217,0.8067414164543152,0.6870250105857849,0.5345309376716614,0.4417896568775177,0.3665485978126526,0.31718894839286804,0.41002634167671204,0.5751606225967407,0.49363312125205994,0.37551847100257874,0.434675931930542
metal.00036.wav,data/genres_original/metal/metal.00036.wav,-71.27533721923828,82.33836364746094,-30.173229217529297,56.46429443359375,-10.875070571899414,26.822750091552734,-15.808300018310547,25.34827423095703,-15.630499839782715,17.768709182739258,-13.055726051330566,14.628009796142578,-14.275039672851562,9.547383308410645,-10.368046760559082,8.1017427444458,-7.463906288146973,5.430877685546875,-4.402181625366211,3.051173210144043,2685.8291745827923,0.44888460636138916,0.4511846899986267,0.48252326250076294,0.5706204771995544,0.5922637581825256,0.5789784789085388,0.5443646907806396,0.5289695858955383,0.5581043362617493,0.5138082504272461,0.5127274990081787,0.44637131690979004
metal.00037.wav,data/genres_original/metal/metal.00037.wav,-79.07527160644531,106.81675720214844,-38.75978088378906,39.85445022583008,-26.75737762451172,32.46525955200195,-15.021737098693848,29.701921463012695,-11.37106990814209,13.770957946777344,-14.502705574035645,16.169477462768555,-3.062652587890625,3.5663223266601562,-17.280031204223633,-2.13236141204834,-12.573260307312012,-1.241517424583435,-1.2017146348953247,9.030016899108887,2292.510290744662,0.4224988520145416,0.5923944115638733,0.475490927696228,0.5629904270172119,0.4088972210884094,0.32884740829467773,0.3414909541606903,0.3054511845111847,0.3301372230052948,0.25758373737335205,0.3361337184906006,0.38814809918403625
metal.00038.wav,data/genres_original/metal/metal.00038.wav,-122.2348861694336,62.28791427612305,-34.47574996948242,75.65299987792969,6.277378559112549,22.031089782714844,-10.958643913269043,23.2354793548584,-12.28493881225586,5.612534523010254,-6.983780860900879,5.616975784301758,-14.398442268371582,-0.47629985213279724,-11.284502029418945,2.1349802017211914,-7.712521076202393,-2.7237548828125,0.8729695677757263,-5.324056148529053,2690.651414951033,0.4014936089515686,0.46635669469833374,0.5472257137298584,0.5730389356613159,0.6277700066566467,0.5852187871932983,0.4375891089439392,0.3951701819896698,0.40873461961746216,0.41041702032089233,0.40368756651878357,0.39047643542289734
metal.00039.wav,data/genres_original/metal/metal.00039.wav,-99.77965545654297,102.1220703125,-23.655641555786133,63.08262252807617,-8.785432815551758,30.73992919921875,-9.646097183227539,14.164796829223633,0.37265798449516296,13.223106384277344,-10.096965789794922,9.193241119384766,-4.932151794433594,2.3094263076782227,-7.185385227203369,-1.0914276838302612,-4.928223609924316,6.327072620391846,-5.055400848388672,-9.303229331970215,2099.3502081908823,0.20804031193256378,0.19637660682201385,0.3227921426296234,0.5472914576530457,0.47045931220054626,0.2786462903022766,0.2587110996246338,0.38879406452178955,0.6512258052825928,0.5063309073448181,0.38768237829208374,0.33445632457733154
metal.00040.wav,data/genres_original/metal/metal.00040.wav,-74.11553192138672,80.12189483642578,-46.98442459106445,51.019859313964844,-9.138489723205566,31.765636444091797,-6.376151084899902,24.855520248413086,-19.142608642578125,20.790122985839844,-11.669210433959961,13.848666191101074,-16.474857330322266,7.748830795288086,-10.613851547241211,7.4975504875183105,-10.35163402557373,4.983656406402588,-8.210213661193848,1.2308653593063354,2709.5400662447228,0.4193214774131775,0.3809348940849304,0.4112876355648041,0.5097682476043701,0.6752933263778687,0.5768003463745117,0.48193514347076416,0.5414955615997314,0.5461317300796509,0.6193670630455017,0.528820276260376,0.41933703422546387
metal.00041.wav,data/genres_original/metal/metal.00041.wav,-100.42864990234375,104.687255859375,-57.25813293457031,56.590782165527344,-5.536771774291992,22.836326599121094,-6.167542457580566,23.09093475341797,-19.069185256958008,17.792306900024414,-13.767805099487305,9.95869255065918,-14.848814010620117,0.34489327669143677,-7.32563591003418,6.975783824920654,-12.664745330810547,-0.5582008361816406,-11.753994941711426,-1.5418627262115479,2269.195809921602,0.44186529517173767,0.3966800570487976,0.43434587121009827,0.49948111176490784,0.5588741898536682,0.41297799348831177,0.4531860947608948,0.4900337755680084,0.49831369519233704,0.5147233009338379,0.3700134754180908,0.41228535771369934
metal.00042.wav,data/genres_original/metal/metal.00042.wav,-93.59134674072266,89.8940200805664,-55.90270233154297,51.637325286865234,-5.5583953857421875,28.777814865112305,-13.89287281036377,27.350772857666016,-15.316164016723633,22.82941246032715,-12.410712242126465,9.704985618591309,-19.730852127075195,-0.7791882157325745,-9.100342750549316,12.414119720458984,-5.453556060791016,4.238624572753906,-10.870193481445312,-2.950122356414795,2463.4494582050966,0.3505436182022095,0.33727338910102844,0.32564669847488403,0.3942206799983978,0.5721200108528137,0.445031076669693,0.34849822521209717,0.4181915819644928,0.6007518172264099,0.6408876776695251,0.44358575344085693,0.36251896619796753
metal.00043.wav,data/genres_original/metal/metal.00043.wav,-110.8744888305664,83.18675994873047,-45.25742721557617,56.5964241027832,-7.492354393005371,19.979755401611328,-13.402860641479492,21.21897315979004,-15.719741821289062,18.087413787841797,-18.127010345458984,12.930389404296875,-17.241710662841797,3.3319177627563477,-7.579140663146973,5.867790222167969,-7.949426651000977,6.8205413818359375,-5.672730445861816,1.3515621423721313,2683.329925042629,0.3913726210594177,0.433433473110199,0.37347039580345154,0.41972166299819946,0.501655638217926,0.48502862453460693,0.4882412850856781,0.4227285385131836,0.4778501093387604,0.46740490198135376,0.3951110541820526,0.40612557530403137
metal.00044.wav,data/genres_original/metal/metal.00044.wav,-86.2702407836914,76.75911712646484,-42.35627746582031,53.99910354614258,-8.3302583694458,29.407861709594727,-7.9087300300598145,26.66146469116211,-14.234940528869629,18.466794967651367,-17.955867767333984,9.869915962219238,-19.03864860534668,6.4772539138793945,-8.355194091796875,4.881690979003906,-11.782923698425293,1.669899344444275,-10.605783462524414,-3.7786951065063477,2760.342381683784,0.43156951665878296,0.3540971875190735,0.42660465836524963,0.43077629804611206,0.48691847920417786,0.49116814136505127,0.4815526306629181,0.5296329855918884,0.5551947951316833,0.5707297325134277,0.4059031009674072,0.47107216715812683
metal.00045.wav,data/genres_original/metal/metal.00045.wav,-135.51763916015625,93.37061309814453,-43.314273834228516,59.227752685546875,-8.51659107208252,20.944652557373047,-6.53281307220459,21.889863967895508,-18.97012710571289,17.050317764282227,-15.88487434387207,11.082776069641113,-18.48887825012207,-0.8268392086029053,-5.6172285079956055,4.665265083312988,-8.73454475402832,2.1139965057373047,-8.564517974853516,0.2105177938938141,2389.4350405557316,0.3805702030658722,0.4136904776096344,0.43984177708625793,0.45568475127220154,0.527969479560852,0.40415123105049133,0.3973350524902344,0.49205225706100464,0.41837024688720703,0.4784536361694336,0.35679736733436584,0.3971487283706665
metal.00046.wav,data/genres_original/metal/metal.00046.wav,0.37349840998649597,79.70632934570312,-30.638967514038086,61.07577133178711,-17.464641571044922,26.69574546813965,-21.25828742980957,22.35318946838379,-13.023763656616211,17.867393493652344,-13.381072998046875,19.257631301879883,-10.97620677947998,10.70649242401123,-9.433650970458984,7.6600823402404785,-8.689538955688477,3.1708343029022217,-6.828639030456543,3.8781003952026367,2795.6746741322545,0.5262506008148193,0.5042343139648438,0.5004023313522339,0.4617980420589447,0.4378555715084076,0.48973238468170166,0.4085771441459656,0.4362383782863617,0.4382380545139313,0.46547162532806396,0.592192530632019,0.5295993089675903
metal.00047.wav,data/genres_original/metal/metal.00047.wav,-1.9254095554351807,72.695556640625,-32.789642333984375,63.59203338623047,-18.557952880859375,25.872955322265625,-13.854104995727539,18.06438446044922,-11.945405006408691,19.657588958740234,-13.961471557617188,18.737661361694336,-11.19017505645752,7.953333377838135,-10.283533096313477,5.310402870178223,-9.025779724121094,4.315319538116455,-5.643381595611572,8.725259780883789,2908.260266485554,0.4566236138343811,0.557325541973114,0.6808243989944458,0.5261450409889221,0.40640878677368164,0.4168437123298645,0.36713171005249023,0.3345365822315216,0.3651575744152069,0.42351770401000977,0.31143423914909363,0.32654932141304016
metal.00048.wav,data/genres_original/metal/metal.00048.wav,9.612600326538086,76.3458251953125,-31.27543830871582,56.887752532958984,-20.739660263061523,27.254444122314453,-16.64427947998047,19.37213706970215,-13.9225492477417,19.669509887695312,-16.06404685974121,17.490236282348633,-12.9599609375,11.716283798217773,-11.183551788330078,5.478862762451172,-8.587833404541016,4.103700637817383,-4.4196367263793945,8.82962417602539,2889.2745891447994,0.5216690897941589,0.7676286697387695,0.5200248956680298,0.40420037508010864,0.4252614974975586,0.43714824318885803,0.4094877541065216,0.43508291244506836,0.6010304093360901,0.42596864700317383,0.3542141020298004,0.4223342835903168
metal.00049.wav,data/genres_original/metal/metal.00049.wav,10.01106071472168,74.12017822265625,-32.231590270996094,62.7723388671875,-23.324918746948242,30.028404235839844,-14.876239776611328,20.15312957763672,-12.141146659851074,19.180307388305664,-14.977436065673828,18.800046920776367,-12.27863597869873,11.281030654907227,-9.482023239135742,7.924270153045654,-5.6097235679626465,4.656138896942139,-5.280218601226807,6.826085567474365,2980.160116271462,0.5285899043083191,0.611502468585968,0.5100715756416321,0.42266175150871277,0.5495753288269043,0.4274253845214844,0.4189479947090149,0.5298818349838257,0.6100743412971497,0.6630964279174805,0.5146781206130981,0.5065580606460571
metal.00050.wav,data/genres_original/metal/metal.00050.wav,16.498144149780273,71.17402648925781,-22.343835830688477,60.27359390258789,-18.556434631347656,27.622684478759766,-12.4092435836792,16.95591163635254,-8.733989715576172,17.861543655395508,-13.475232124328613,18.930727005004883,-11.024660110473633,9.9116849899292,-7.375143051147461,6.73555326461792,-5.955687999725342,3.8149290084838867,-6.191192150115967,7.1693291664123535,2987.2017926625704,0.5446411371231079,0.634734034538269,0.5769739151000977,0.45121434330940247,0.4896264374256134,0.3720789849758148,0.37591609358787537,0.4575049877166748,0.5461925864219666,0.6254559755325317,0.4813636839389801,0.47362539172172546
metal.00051.wav,data/genres_original/metal/metal.00051.wav,9.626443862915039,54.66244888305664,-21.025985717773438,60.16081619262695,-21.065937042236328,32.140621185302734,-15.826889991760254,21.457956314086914,-8.718099594116211,19.355714797973633,-12.387801170349121,19.743499755859375,-10.803765296936035,12.307345390319824,-8.376522064208984,8.234569549560547,-7.085051536560059,4.327323913574219,-7.33438777923584,6.029404640197754,3401.339372945473,0.5939502716064453,0.689769983291626,0.6243422031402588,0.4915609061717987,0.44371646642684937,0.3706453740596771,0.45188143849372864,0.5421301126480103,0.5242290496826172,0.5290007591247559,0.44197985529899597,0.500010073184967
metal.00052.wav,data/genres_original/metal/metal.00052.wav,4.007582187652588,83.27434539794922,-37.258846282958984,62.33454513549805,-14.855900764465332,23.40530014038086,-10.465682983398438,16.79058265686035,-7.948403835296631,16.296947479248047,-11.256231307983398,13.31922435760498,-7.818005561828613,6.423222541809082,-5.477011680603027,4.675412654876709,-5.14171028137207,3.019627809524536,-2.7726495265960693,3.8143510818481445,2716.8331745213422,0.5370216965675354,0.5267594456672668,0.49889272451400757,0.45028212666511536,0.5387325882911682,0.4823070466518402,0.5007601380348206,0.579555094242096,0.614811360836029,0.6402834057807922,0.5252324342727661,0.5119819641113281
metal.00053.wav,data/genres_original/metal/metal.00053.wav,4.940335273742676,75.07084655761719,-24.73708152770996,57.010860443115234,-21.782840728759766,26.0488338470459,-12.566023826599121,17.44198226928711,-10.243249893188477,18.605539321899414,-13.024871826171875,18.953096389770508,-9.70241928100586,11.359747886657715,-7.270559310913086,7.729152202606201,-5.3974456787109375,3.407325267791748,-6.935815811157227,6.544120788574219,2906.8537059020937,0.5136351585388184,0.5909081697463989,0.4803523123264313,0.42467713356018066,0.5334472060203552,0.37430042028427124,0.36629027128219604,0.4646393358707428,0.5480893850326538,0.6284183263778687,0.5002745389938354,0.48619547486305237
metal.00054.wav,data/genres_original/metal/metal.00054.wav,1.1746392250061035,66.648681640625,-23.702898025512695,60.94436264038086,-18.885223388671875,29.74541664123535,-17.549291610717773,21.030996322631836,-11.191259384155273,18.80836296081543,-13.06593132019043,19.950944900512695,-10.563494682312012,10.513772964477539,-9.336368560791016,8.415617942810059,-6.65799617767334,5.004918575286865,-6.474300384521484,7.611028671264648,3114.329793935282,0.5804169178009033,0.6014405488967896,0.5336874127388,0.5431100130081177,0.43249449133872986,0.4032630920410156,0.45552048087120056,0.5224595069885254,0.5968762636184692,0.5206511616706848,0.4665381908416748,0.465674489736557
metal.00055.wav,data/genres_original/metal/metal.00055.wav,10.467680931091309,63.715049743652344,-28.434465408325195,62.60122299194336,-19.60103988647461,28.823450088500977,-15.230559349060059,19.29732894897461,-10.699567794799805,18.856489181518555,-12.712319374084473,18.030092239379883,-10.83020305633545,12.705910682678223,-6.121330261230469,9.256769180297852,-7.14394474029541,4.640529155731201,-6.50717830657959,7.859060764312744,3108.6767565401215,0.5815218091011047,0.551948070526123,0.5123932361602783,0.44790932536125183,0.40178829431533813,0.42671656608581543,0.5298360586166382,0.44433432817459106,0.45005711913108826,0.47621798515319824,0.5190603733062744,0.6466385722160339
metal.00056.wav,data/genres_original/metal/metal.00056.wav,11.974040031433105,69.42491912841797,-23.26604461669922,60.707637786865234,-20.82064437866211,25.098285675048828,-16.19551658630371,15.557082176208496,-10.503490447998047,18.778438568115234,-13.38760757446289,17.373083114624023,-11.05994701385498,10.266617774963379,-8.716944694519043,8.182579040527344,-4.96077823638916,5.420797348022461,-5.496190547943115,9.081052780151367,3010.8123920844464,0.521889865398407,0.554074764251709,0.4593490660190582,0.4125405550003052,0.4262806475162506,0.38954368233680725,0.46244311332702637,0.43402302265167236,0.472957968711853,0.4540923535823822,0.44648727774620056,0.5280301570892334
metal.00057.wav,data/genres_original/metal/metal.00057.wav,-24.911848068237305,77.54363250732422,-30.41730308532715,68.36966705322266,-6.524642467498779,24.694501876831055,-9.80585765838623,19.51862335205078,-11.461867332458496,18.59208106994629,-14.161356925964355,14.44835376739502,-5.9202141761779785,9.08152961730957,-7.69809103012085,5.832565784454346,-6.617127895355225,2.2925329208374023,-7.498657703399658,5.759309768676758,2718.481020565502,0.6456654071807861,0.5578098297119141,0.48912718892097473,0.4065777063369751,0.3583965003490448,0.3277410864830017,0.4426203966140747,0.45279890298843384,0.4781778156757355,0.48718583583831787,0.52353835105896,0.6822588443756104
metal.00058.wav,data/genres_original/metal/metal.00058.wav,-15.687383651733398,100.09827423095703,-37.590457916259766,45.97100067138672,-20.77373695373535,25.63700294494629,-18.643869400024414,26.51662254333496,-20.163169860839844,21.129619598388672,-13.649131774902344,10.978787422180176,-15.535990715026855,3.6814191341400146,-7.7146077156066895,3.9337337017059326,-8.121838569641113,6.954764366149902,-2.0548253059387207,3.9079604148864746,2459.3807747248898,0.37501785159111023,0.3798377811908722,0.46053874492645264,0.41229721903800964,0.478980153799057,0.5261070132255554,0.452143132686615,0.5776039361953735,0.5506647825241089,0.5032393336296082,0.44373804330825806,0.37631669640541077
metal.00059.wav,data/genres_original/metal/metal.00059.wav,-15.622626304626465,99.1316909790039,-45.62268829345703,55.0214729309082,-18.016517639160156,23.8904972076416,-19.60334014892578,27.334909439086914,-15.099960327148438,18.792261123657227,-16.1514835357666,9.2156400680542,-16.218185424804688,5.441142559051514,-4.656042098999023,6.278653621673584,-4.701225280761719,7.445221900939941,-5.875962257385254,-0.6940060257911682,2442.6700033077755,0.29707396030426025,0.44097962975502014,0.48404955863952637,0.4204268455505371,0.593194842338562,0.4311203062534332,0.386910617351532,0.4271929860115051,0.5353565216064453,0.7752866148948669,0.4978830814361572,0.3227575421333313
metal.00060.wav,data/genres_original/metal/metal.00060.wav,-58.22193145751953,105.82452392578125,-43.90766906738281,58.44157028198242,-18.440866470336914,27.96586036682129,-17.969337463378906,21.048120498657227,-15.550261497497559,13.395051002502441,-15.685903549194336,9.36444091796875,-15.323451042175293,1.5323151350021362,-5.974994659423828,2.0517446994781494,-6.815100193023682,4.210940837860107,-3.4076552391052246,1.7647101879119873,2315.8697989887996,0.45602303743362427,0.49709463119506836,0.5478730797767639,0.5194678902626038,0.7382562756538391,0.5307133197784424,0.5250764489173889,0.5514367818832397,0.5132011771202087,0.5408813953399658,0.45893070101737976,0.6077040433883667
metal.00061.wav,data/genres_original/metal/metal.00061.wav,-74.11553192138672,80.12189483642578,-46.98442459106445,51.019859313964844,-9.138489723205566,31.765636444091797,-6.376151084899902,24.855520248413086,-19.142608642578125,20.790122985839844,-11.669210433959961,13.848666191101074,-16.474857330322266,7.748830795288086,-10.613851547241211,7.4975504875183105,-10.35163402557373,4.983656406402588,-8.210213661193848,1.2308653593063354,2709.5400662447228,0.4193214774131775,0.3809348940849304,0.4112876355648041,0.5097682476043701,0.6752933263778687,0.5768003463745117,0.48193514347076416,0.5414955615997314,0.5461317300796509,0.6193670630455017,0.528820276260376,0.41933703422546387
metal.00062.wav,data/genres_original/metal/metal.00062.wav,-100.42864990234375,104.687255859375,-57.25813293457031,56.590782165527344,-5.536771774291992,22.836326599121094,-6.167542457580566,23.09093475341797,-19.069185256958008,17.792306900024414,-13.767805099487305,9.95869255065918,-14.848814010620117,0.34489327669143677,-7.32563591003418,6.975783824920654,-12.664745330810547,-0.5582008361816406,-11.753994941711426,-1.5418627262115479,2269.195809921602,0.44186529517173767,0.3966800570487976,0.43434587121009827,0.49948111176490784,0.5588741898536682,0.41297799348831177,0.4531860947608948,0.4900337755680084,0.49831369519233704,0.5147233009338379,0.3700134754180908,0.41228535771369934
metal.00063.wav,data/genres_original/metal/metal.00063.wav,-93.59134674072266,89.8940200805664,-55.90270233154297,51.637325286865234,-5.5583953857421875,28.777814865112305,-13.89287281036377,27.350772857666016,-15.316164016723633,22.82941246032715,-12.410712242126465,9.704985618591309,-19.730852127075195,-0.7791882157325745,-9.100342750549316,12.414119720458984,-5.453556060791016,4.238624572753906,-10.870193481445312,-2.950122356414795,2463.4494582050966,0.3505436182022095,0.33727338910102844,0.32564669847488403,0.3942206799983978,0.5721200108528137,0.445031076669693,0.34849822521209717,0.4181915819644928,0.6007518172264099,0.6408876776695251,0.44358575344085693,0.36251896619796753
metal.00064.wav,data/genres_original/metal/metal.00064.wav,-110.8744888305664,83.18675994873047,-45.25742721557617,56.5964241027832,-7.492354393005371,19.979755401611328,-13.402860641479492,21.21897315979004,-15.719741821289062,18.087413787841797,-18.127010345458984,12.930389404296875,-17.241710662841797,3.3319177627563477,-7.579140663146973,5.867790222167969,-7.949426651000977,6.8205413818359375,-5.672730445861816,1.3515621423721313,2683.329925042629,0.3913726210594177,0.433433473110199,0.37347039580345154,0.41972166299819946,0.501655638217926,0.48502862453460693,0.4882412850856781,0.4227285385131836,0.4778501093387604,0.46740490198135376,0.3951110541820526,0.40612557530403137
metal.00065.wav,data/genres_original/metal/metal.00065.wav,-86.2702407836914,76.75911712646484,-42.35627746582031,53.99910354614258,-8.3302583694458,29.407861709594727,-7.9087300300598145,26.66146469116211,-14.234940528869629,18.466794967651367,-17.955867767333984,9.869915962219238,-19.03864860534668,6.4772539138793945,-8.355194091796875,4.881690979003906,-11.782923698425293,1.669899344444275,-10.605783462524414,-3.7786951065063477,2760.342381683784,0.43156951665878296,0.3540971875190735,0.42660465836524963,0.43077629804611206,0.48691847920417786,0.49116814136505127,0.4815526306629181,0.5296329855918884,0.5551947951316833,0.5707297325134277,0.4059031009674072,0.47107216715812683
metal.00066.wav,data/genres_original/metal/metal.00066.wav,-135.51763916015625,93.37061309814453,-43.314273834228516,59.227752685546875,-8.51659107208252,20.944652557373047,-6.53281307220459,21.889863967895508,-18.97012710571289,17.050317764282227,-15.88487434387207,11.082776069641113,-18.48887825012207,-0.8268392086029053,-5.6172285079956055,4.665265083312988,-8.73454475402832,2.1139965057373047,-8.564517974853516,0.2105177938938141,2389.4350405557316,0.3805702030658722,0.4136904776096344,0.43984177708625793,0.45568475127220154,0.527969479560852,0.40415123105049133,0.3973350524902344,0.49205225706100464,0.41837024688720703,0.4784536361694336,0.35679736733436584,0.3971487283706665
metal.00067.wav,data/genres_original/metal/metal.00067.wav,-82.50125885009766,97.3441162109375,-34.37358856201172,71.40592956542969,-3.28318190574646,17.367372512817383,-9.023831367492676,16.011178970336914,-19.003856658935547,12.078760147094727,-9.568191528320312,13.949616432189941,-14.460562705993652,7.954933166503906,-7.123618125915527,5.177264213562012,-7.204543590545654,0.6676058173179626,-4.838899612426758,-2.107008457183838,2254.451747982022,0.4713060259819031,0.40977540612220764,0.4888392686843872,0.44247204065322876,0.5038279294967651,0.42719531059265137,0.3896050453186035,0.4109032154083252,0.4485659897327423,0.4885198771953583,0.48603883385658264,0.6627163887023926
metal.00068.wav,data/genres_original/metal/metal.00068.wav,-99.92597198486328,106.37654876708984,-40.69356918334961,52.71699142456055,-20.75264549255371,25.278520584106445,-11.834835052490234,22.090797424316406,-12.473095893859863,13.774300575256348,-14.384913444519043,15.974961280822754,-11.7249755859375,5.771152019500732,-9.157404899597168,3.6455302238464355,-8.888175964355469,2.3828775882720947,-3.687945604324341,0.1560998260974884,2302.7150351085147,0.4686441421508789,0.41186416149139404,0.36761900782585144,0.48620671033859253,0.6501848697662354,0.46105632185935974,0.33457517623901367,0.36881986260414124,0.4866143465042114,0.6145786643028259,0.4544998109340668,0.45226725935935974
metal.00069.wav,data/genres_original/metal/metal.00069.wav,-111.63196563720703,111.15151977539062,-10.67363166809082,69.67505645751953,-4.9124274253845215,29.83452796936035,-10.388691902160645,21.257766723632812,-6.639108180999756,20.084321975708008,-7.234051704406738,16.228864669799805,-10.118009567260742,5.317102432250977,-3.5098676681518555,1.3618940114974976,-4.7046027183532715,5.637868881225586,1.5145248174667358,1.874589204788208,1741.2304486143773,0.3132578730583191,0.3824410140514374,0.5668029189109802,0.5865495800971985,0.6899768114089966,0.5442160964012146,0.4147128760814667,0.40876537561416626,0.38993513584136963,0.41791507601737976,0.343837171792984,0.3904985189437866
metal.00070.wav,data/genres_original/metal/metal.00070.wav,-197.24267578125,74.13582611083984,-10.732933044433594,54.71928024291992,-7.5989179611206055,18.415985107421875,-18.87796974182129,11.60135269165039,-14.567999839782715,18.417076110839844,-16.479150772094727,12.56982707977295,-10.470821380615234,12.35538101196289,-6.258788108825684,10.495670318603516,-7.059467315673828,3.729708671569824,-3.2354376316070557,0.6581133008003235,2742.97005055359,0.37874409556388855,0.3445199728012085,0.3654380738735199,0.33425021171569824,0.43378305435180664,0.353608101606369,0.47657880187034607,0.49561530351638794,0.44767141342163086,0.5145257711410522,0.40703779458999634,0.4240085780620575
metal.00071.wav,data/genres_original/metal/metal.00071.wav,-78.64667510986328,80.88038635253906,-24.58921241760254,47.0252799987793,-23.750680923461914,27.423234939575195,-17.42961883544922,22.271526336669922,-13.534699440002441,21.574050903320312,-11.100492477416992,15.586864471435547,-9.705411911010742,10.519355773925781,-8.843405723571777,6.2142014503479,-4.767706394195557,4.531235694885254,-3.428898334503174,3.1645636558532715,2808.0046134374647,0.4612017571926117,0.6037493944168091,0.49797549843788147,0.4966779351234436,0.4945586621761322,0.48797371983528137,0.4925764203071594,0.44539615511894226,0.5251854062080383,0.4062027633190155,0.40647637844085693,0.4399432837963104
metal.00072.wav,data/genres_original/metal/metal.00072.wav,-35.211856842041016,93.95565795898438,-35.18496322631836,62.78997039794922,-11.732125282287598,26.993427276611328,-10.765924453735352,24.075376510620117,-13.050642013549805,13.600350379943848,-12.423315048217773,13.567938804626465,-12.253358840942383,5.923868656158447,-11.990138053894043,3.310351848602295,-11.968026161193848,-1.3697476387023926,-2.4044911861419678,-2.6268038749694824,2340.03096955969,0.3937908411026001,0.4855347275733948,0.5704877376556396,0.426072359085083,0.39042943716049194,0.511245608329773,0.5718774795532227,0.5635876059532166,0.43294602632522583,0.35624751448631287,0.3134552836418152,0.32718321681022644
metal.00073.wav,data/genres_original/metal/metal.00073.wav,2.7658212184906006,77.06904602050781,-17.562170028686523,57.96926498413086,0.7340017557144165,28.834630966186523,-7.86234712600708,27.621089935302734,-13.553444862365723,17.290191650390625,-7.578149318695068,13.043514251708984,-8.747498512268066,6.266199111938477,-8.751729011535645,5.634680271148682,-10.762564659118652,1.7315353155136108,-7.044317245483398,-1.6029279232025146,2642.032925778633,0.340419739484787,0.4461938142776489,0.549460768699646,0.6893672347068787,0.48198750615119934,0.3287554681301117,0.33924511075019836,0.35095080733299255,0.36978745460510254,0.3922741115093231,0.5121448040008545,0.358989953994751
metal.00074.wav,data/genres_original/metal/metal.00074.wav,-201.17039489746094,76.82514953613281,-14.830625534057617,68.75314331054688,-12.952949523925781,36.95549011230469,-10.982540130615234,23.68573760986328,-12.256572723388672,16.67241859436035,-11.068587303161621,15.556434631347656,-11.1845703125,10.567686080932617,-3.892881155014038,7.0718302726745605,-9.825484275817871,2.655146360397339,-9.000149726867676,-2.2275781631469727,2723.644292308425,0.546271026134491,0.7440526485443115,0.5965940952301025,0.43801242113113403,0.4037904143333435,0.44075965881347656,0.41031935811042786,0.4304812550544739,0.4963773488998413,0.44362014532089233,0.39243772625923157,0.45951786637306213
metal.00075.wav,data/genres_original/metal/metal.00075.wav,-40.462825775146484,105.28376770019531,-14.121417045593262,54.854095458984375,-1.184730887413025,20.078168869018555,-11.686577796936035,22.17769432067871,-10.237688064575195,14.195448875427246,-6.912575721740723,13.345139503479004,-9.254658699035645,6.9356536865234375,-4.394072532653809,7.803828716278076,-7.623222351074219,0.6606206297874451,-3.9646732807159424,-0.0010207326849922538,2068.6843930292544,0.33854779601097107,0.3711180090904236,0.3591863512992859,0.4726434051990509,0.3282925486564636,0.331901490688324,0.4619813859462738,0.5274306535720825,0.7112893462181091,0.5308301448822021,0.49169719219207764,0.4550725519657135
metal.00076.wav,data/genres_original/metal/metal.00076.wav,-100.8720474243164,76.13174438476562,-29.540943145751953,69.70768737792969,-17.339683532714844,21.392004013061523,-12.921213150024414,22.004934310913086,-9.841375350952148,18.42426109313965,-12.037165641784668,8.981178283691406,-20.87425994873047,-2.6910996437072754,-9.629924774169922,2.931673288345337,-7.503586292266846,0.5312685370445251,-4.969363212585449,-3.185105085372925,2792.6902805308296,0.40877044200897217,0.3581947684288025,0.47854742407798767,0.5989101529121399,0.777285099029541,0.5746957659721375,0.38320615887641907,0.41412845253944397,0.5072731375694275,0.43586456775665283,0.4230121672153473,0.5907877087593079
metal.00077.wav,data/genres_original/metal/metal.00077.wav,-42.02993392944336,86.99800109863281,-27.519882202148438,62.607791900634766,-27.020549774169922,32.348594665527344,-18.955394744873047,22.13898277282715,-14.33113956451416,19.516881942749023,-10.9707670211792,16.759538650512695,-12.395560264587402,10.520513534545898,-6.721216201782227,6.517083168029785,-9.209882736206055,6.571160793304443,-5.786405563354492,1.3288350105285645,2741.086952229798,0.3941079080104828,0.3611747920513153,0.43910595774650574,0.39285868406295776,0.39860665798187256,0.37464091181755066,0.44202667474746704,0.40852317214012146,0.4833206832408905,0.5845857262611389,0.496132493019104,0.5162408351898193
metal.00078.wav,data/genres_original/metal/metal.00078.wav,-1.6504892110824585,73.40673065185547,-15.897675514221191,55.80284881591797,-1.9217748641967773,34.024566650390625,-8.336319923400879,32.76787567138672,-9.721336364746094,20.836997985839844,-9.04139518737793,13.956027030944824,-9.598966598510742,4.965140342712402,-6.625369071960449,6.481495380401611,-6.449592113494873,2.2325189113616943,-3.009211540222168,1.989917278289795,2815.480455068502,0.5021594762802124,0.519502580165863,0.5723650455474854,0.6674861311912537,0.5669490694999695,0.43600568175315857,0.4714200496673584,0.5628688335418701,0.501957893371582,0.48227596282958984,0.5931562185287476,0.5269500613212585
metal.00079.wav,data/genres_original/metal/metal.00079.wav,-74.93043518066406,79.14186096191406,-40.91248321533203,54.720619201660156,-9.683359146118164,37.261474609375,-14.97600269317627,20.93737030029297,-17.43129539489746,16.582231521606445,-11.09581470489502,15.470191955566406,-11.143386840820312,10.473644256591797,-6.382819175720215,5.547887325286865,-7.290109157562256,2.912653684616089,-0.5690315365791321,-2.8343634605407715,2710.046718960873,0.4436427354812622,0.411100298166275,0.47641804814338684,0.6173959970474243,0.6347398161888123,0.41686761379241943,0.3880689740180969,0.3782735764980316,0.4291876554489136,0.5125074982643127,0.43008938431739807,0.5319187641143799
metal.00080.wav,data/genres_original/metal/metal.00080.wav,-73.53079986572266,74.63623809814453,-16.441614151000977,55.65842056274414,-7.735833644866943,36.544734954833984,-18.304744720458984,27.83493995666504,-11.930487632751465,20.06295394897461,-11.356050491333008,14.71435546875,-7.291871070861816,9.606171607971191,-6.752444267272949,7.892544269561768,-3.582772731781006,2.6660871505737305,-5.102820873260498,3.047959327697754,2848.182022368144,0.46179693937301636,0.5374141931533813,0.5323434472084045,0.4865887463092804,0.5774842500686646,0.5721828937530518,0.5316784977912903,0.4550691843032837,0.40790772438049316,0.4210110008716583,0.46832236647605896,0.5133249163627625
metal.00081.wav,data/genres_original/metal/metal.00081.wav,-19.13578224182129,118.84263610839844,-52.170379638671875,42.71204376220703,-21.577299118041992,27.6951847076416,-14.619277000427246,27.02391242980957,-17.138734817504883,18.976408004760742,-10.77082347869873,9.39138412475586,-4.661056995391846,1.090394377708435,-5.044093608856201,4.0539960861206055,-6.419677734375,1.9957585334777832,-5.504404544830322,0.4586840271949768,2138.240246747415,0.4426459074020386,0.6405074000358582,0.44021520018577576,0.46230003237724304,0.5569555163383484,0.48873069882392883,0.7566781640052795,0.5742152333259583,0.5103497505187988,0.459540456533432,0.46933305263519287,0.41029268503189087
metal.00082.wav,data/genres_original/metal/metal.00082.wav,-57.683387756347656,101.43232727050781,-41.48524475097656,55.1306037902832,-23.349281311035156,28.151098251342773,-12.139104843139648,18.150205612182617,-15.429839134216309,11.888646125793457,-10.803694725036621,9.394468307495117,-12.284427642822266,4.809483528137207,-12.40664291381836,5.426149368286133,-8.84472370147705,0.05928053706884384,-3.178473711013794,-3.361844778060913,2378.3920475708815,0.4355127811431885,0.43322527408599854,0.47797253727912903,0.6680852174758911,0.5796773433685303,0.5246772766113281,0.5075530409812927,0.49098658561706543,0.5825782418251038,0.534676194190979,0.510004460811615,0.41347822546958923
metal.00083.wav,data/genres_original/metal/metal.00083.wav,-29.364521026611328,101.90518951416016,-29.13861083984375,69.73786163330078,-16.19940948486328,19.44755744934082,-18.34846305847168,19.07645606994629,-18.298919677734375,15.284217834472656,-8.2564697265625,2.4973132610321045,-14.802310943603516,4.613595485687256,-12.252426147460938,5.274202823638916,-10.689711570739746,6.419715404510498,-6.411851406097412,-7.012050628662109,2340.756058449333,0.33901247382164,0.32956984639167786,0.40293416380882263,0.4603952169418335,0.6956643462181091,0.5913587808609009,0.4983275234699249,0.44001471996307373,0.519370973110199,0.3856533169746399,0.3193880021572113,0.5050733089447021
metal.00084.wav,data/genres_original/metal/metal.00084.wav,0.2972944974899292,94.16095733642578,-32.389198303222656,45.45783233642578,-15.206418991088867,25.88822364807129,-12.407600402832031,19.62569236755371,-6.809361934661865,17.23793601989746,-12.9938325881958,13.681172370910645,-8.694561958312988,6.838665962219238,-8.357131958007812,4.982168197631836,-4.3411760330200195,4.789307594299316,-4.181029796600342,2.5486679077148438,2522.6734734695337,0.4563634395599365,0.47902417182922363,0.5595740675926208,0.5316080451011658,0.5247052311897278,0.4461381137371063,0.4176802635192871,0.49665388464927673,0.40614238381385803,0.47067582607269287,0.5251743793487549,0.45106199383735657
metal.00085.wav,data/genres_original/metal/metal.00085.wav,-46.61735153198242,86.81587982177734,-34.77482986450195,49.901302337646484,-18.186410903930664,28.72397804260254,-23.486286163330078,15.659388542175293,-8.936177253723145,10.59855842590332,-18.183574676513672,12.444950103759766,-13.55495548248291,4.671209335327148,-11.670171737670898,5.325437545776367,-13.545012474060059,1.3799641132354736,-4.724109172821045,-3.1248204708099365,2647.051996452653,0.42675676941871643,0.4363568127155304,0.3644726872444153,0.4448050260543823,0.461800217628479,0.3813743591308594,0.5202360153198242,0.40488460659980774,0.42778101563453674,0.44760769605636597,0.44421935081481934,0.5322942137718201
metal.00086.wav,data/genres_original/metal/metal.00086.wav,-96.30451965332031,90.9821548461914,-32.244606018066406,54.340145111083984,-23.049861907958984,27.707536697387695,-16.949060440063477,21.061527252197266,-18.193655014038086,22.60833740234375,-9.001288414001465,14.27405834197998,-11.000205039978027,10.093279838562012,-11.180352210998535,5.786024570465088,-9.896402359008789,4.39921760559082,-6.978397846221924,1.2410426139831543,2629.0107378061284,0.46563196182250977,0.36810916662216187,0.39714446663856506,0.4603371024131775,0.4126130938529968,0.4914543628692627,0.4127536118030548,0.47286146879196167,0.3788633644580841,0.42778274416923523,0.5035048127174377,0.41953912377357483
metal.00087.wav,data/genres_original/metal/metal.00087.wav,22.81381607055664,60.819091796875,-6.410772800445557,53.192283630371094,-13.250526428222656,27.924463272094727,-14.31942367553711,29.694120407104492,-17.342933654785156,20.313676834106445,-9.746159553527832,17.13395881652832,-8.265368461608887,8.699248313903809,-10.18781852722168,8.035243034362793,-8.118926048278809,4.918068885803223,-2.482168436050415,3.2020509243011475,3338.669549044171,0.4218345582485199,0.4915063679218292,0.5268442034721375,0.5707963109016418,0.60382479429245,0.5827516913414001,0.5138302445411682,0.4960651099681854,0.5032612681388855,0.5608395934104919,0.5001764297485352,0.42973875999450684
metal.00088.wav,data/genres_original/metal/metal.00088.wav,-129.7239227294922,104.04530334472656,-26.97124481201172,68.26852416992188,2.4256203174591064,22.60460090637207,-12.102456092834473,17.05898666381836,-5.6731367111206055,13.6705904006958,-2.812467098236084,5.375526428222656,-3.007235527038574,2.9793860912323,-5.830590724945068,3.9462995529174805,-5.99795389175415,-1.97069251537323,2.38252329826355,-3.856476306915283,1988.109763779383,0.41284671425819397,0.3678654730319977,0.3382992744445801,0.43399396538734436,0.5925122499465942,0.42261379957199097,0.2987928092479706,0.3878985345363617,0.44114598631858826,0.5077641010284424,0.45841890573501587,0.3975527882575989
metal.00089.wav,data/genres_original/metal/metal.00089.wav,-90.70469665527344,128.0314483642578,-34.76201629638672,73.75540924072266,4.335821151733398,28.097118377685547,-0.5283828377723694,17.35628890991211,4.389691352844238,12.314992904663086,2.2703800201416016,5.679950714111328,-6.768424034118652,-0.47747600078582764,-0.28473421931266785,5.875542163848877,-3.954836368560791,-1.292345404624939,3.5097086429595947,-1.2530527114868164,1443.9436096106108,0.1976061910390854,0.2534373998641968,0.5305942296981812,0.6763789653778076,0.6030935049057007,0.41629472374916077,0.46871715784072876,0.586113691329956,0.5345252752304077,0.490873247385025,0.4424489140510559,0.27133670449256897
metal.00090.wav,data/genres_original/metal/metal.00090.wav,-93.48880004882812,100.64778137207031,-23.36958885192871,52.49628829956055,-7.749510288238525,39.587459564208984,-7.775389194488525,26.730106353759766,-12.477860450744629,11.733403205871582,-10.55606746673584,23.026803970336914,-9.961857795715332,4.15484094619751,-12.798698425292969,1.7885034084320068,-2.0170671939849854,1.932949185371399,-9.061234474182129,-7.053526401519775,2141.760929048819,0.41369885206222534,0.3220871388912201,0.36524927616119385,0.43298396468162537,0.503654956817627,0.4427224397659302,0.24692967534065247,0.23680154979228973,0.3614252507686615,0.5295718908309937,0.648357093334198,0.6189275979995728
metal.00091.wav,data/genres_original/metal/metal.00091.wav,-96.65606689453125,101.724853515625,-16.84375,47.31169509887695,-27.082908630371094,28.275732040405273,-17.20055389404297,21.65247344970703,-17.890527725219727,7.018764972686768,-14.618825912475586,15.222268104553223,-16.005714416503906,3.489259719848633,-13.51042366027832,0.3464435636997223,-9.604605674743652,2.957611322402954,-7.067702770233154,-3.1289803981781006,2323.780312899506,0.3515855669975281,0.4042389690876007,0.28587424755096436,0.3812975287437439,0.5321483612060547,0.4523954689502716,0.4285711646080017,0.3288305997848511,0.43209904432296753,0.2838643491268158,0.24228538572788239,0.43901336193084717
metal.00092.wav,data/genres_original/metal/metal.00092.wav,-67.8962631225586,108.9341049194336,-33.84925842285156,50.50245666503906,-21.373010635375977,21.500316619873047,-14.89010238647461,11.634111404418945,-19.267107009887695,10.54052448272705,-13.922358512878418,5.562824249267578,-14.436229705810547,1.9926109313964844,-14.666115760803223,-3.0274581909179688,-13.955389976501465,-2.079979419708252,-9.063074111938477,-7.5461578369140625,2090.4594584373685,0.28054526448249817,0.3771570920944214,0.5664622783660889,0.42578375339508057,0.3654865622520447,0.2503073513507843,0.22681133449077606,0.28428417444229126,0.3076179623603821,0.465772420167923,0.3299309015274048,0.22302451729774475
metal.00093.wav,data/genres_original/metal/metal.00093.wav,-104.97825622558594,80.70866394042969,-28.533832550048828,66.80076599121094,-20.704025268554688,29.119020462036133,-9.355719566345215,22.35357666015625,-12.043806076049805,13.59249496459961,-14.734193801879883,11.04919719696045,-15.269818305969238,5.305156707763672,-14.498409271240234,4.748710632324219,-11.454513549804688,-0.11827205866575241,-6.50252628326416,-2.673579454421997,2644.8797461791337,0.37861204147338867,0.34275129437446594,0.4195003807544708,0.44320249557495117,0.5498340725898743,0.5149274468421936,0.5226017236709595,0.5496920943260193,0.45144590735435486,0.38357973098754883,0.3376055359840393,0.43815743923187256
metal.00094.wav,data/genres_original/metal/metal.00094.wav,-104.68677520751953,87.73570251464844,-33.24212646484375,48.45683288574219,-28.924985885620117,22.513729095458984,-24.994108200073242,20.53480339050293,-12.077208518981934,18.256620407104492,-15.190194129943848,10.294037818908691,-13.897687911987305,10.28689956665039,-4.697042465209961,9.943592071533203,-5.620970726013184,4.791560649871826,-11.67811107635498,2.958341360092163,2707.5423665716226,0.3713690936565399,0.2735467255115509,0.33466777205467224,0.3204019367694855,0.45817065238952637,0.3925797939300537,0.4620307385921478,0.4848543107509613,0.4010692536830902,0.4090080261230469,0.42607197165489197,0.5488885045051575
metal.00095.wav,data/genres_original/metal/metal.00095.wav,-35.348392486572266,94.13723754882812,-24.249740600585938,43.30569839477539,-16.374916076660156,29.515817642211914,-5.8528547286987305,28.46188735961914,-13.956537246704102,13.7386474609375,-9.201020240783691,15.596586227416992,-8.491606712341309,11.409294128417969,-6.139505386352539,9.319452285766602,-6.61479377746582,3.506687879562378,-3.2864222526550293,3.667304039001465,2445.203639101959,0.5628716349601746,0.6419995427131653,0.5177415013313293,0.4776538908481598,0.5442112684249878,0.5037093162536621,0.551550567150116,0.4943229854106903,0.5185043215751648,0.47305384278297424,0.5252257585525513,0.5398906469345093
metal.00096.wav,data/genres_original/metal/metal.00096.wav,-51.58415985107422,86.15931701660156,-20.282682418823242,59.051578521728516,-10.889932632446289,27.533498764038086,-11.254170417785645,23.941713333129883,-11.557459831237793,13.293803215026855,-9.01641845703125,13.907334327697754,-10.74036693572998,8.38607120513916,-7.090927600860596,8.21517276763916,-6.1754865646362305,3.802812337875366,-1.9112828969955444,0.8906280994415283,2493.9383740127623,0.5049684047698975,0.5261417627334595,0.6649020910263062,0.5879266858100891,0.5360526442527771,0.4919640123844147,0.4751491844654083,0.44082462787628174,0.4821033775806427,0.5459092259407043,0.48688560724258423,0.4795532822608948
metal.00097.wav,data/genres_original/metal/metal.00097.wav,-82.15792846679688,98.2918472290039,-16.52199935913086,68.44801330566406,1.445264458656311,29.869274139404297,-5.275088787078857,24.399492263793945,-10.475003242492676,14.404364585876465,-7.892159938812256,10.02022933959961,-8.50323486328125,6.668704986572266,-6.297928333282471,4.4357805252075195,-7.250671863555908,2.326681137084961,4.245736122131348,1.1033670902252197,1983.2971581753839,0.5761074423789978,0.48591098189353943,0.523600697517395,0.4310634434223175,0.4729621410369873,0.4439932405948639,0.44040846824645996,0.44663339853286743,0.5296151638031006,0.5789236426353455,0.4460983872413635,0.5273170471191406
metal.00098.wav,data/genres_original/metal/metal.00098.wav,-95.339111328125,92.06636047363281,-28.061176300048828,52.79628372192383,-3.0189743041992188,25.395771026611328,-6.135990619659424,20.09809112548828,-10.22387409210205,12.411140441894531,-8.270394325256348,11.693286895751953,-9.268383979797363,2.8058435916900635,-4.433477878570557,5.498816967010498,-6.280540943145752,3.8303191661834717,-0.42401549220085144,4.660675048828125,2241.4549321413824,0.4913514256477356,0.567298173904419,0.5896268486976624,0.4696323275566101,0.49576660990715027,0.505653440952301,0.5922859907150269,0.6453792452812195,0.4797171354293823,0.4202059805393219,0.4012874364852905,0.4687047004699707
metal.00099.wav,data/genres_original/metal/metal.00099.wav,-66.66678619384766,88.36717224121094,-27.544343948364258,53.177703857421875,-9.202259063720703,27.95931625366211,-8.114094734191895,26.286819458007812,-8.2391357421875,12.685690879821777,-7.1309590339660645,13.688373565673828,-8.364937782287598,7.967362403869629,-6.297573566436768,8.121078491210938,-4.975644588470459,6.161321640014648,0.36444467306137085,2.6937665939331055,2375.5535392574902,0.5559999942779541,0.5551033020019531,0.6463984251022339,0.5245362520217896,0.5092605352401733,0.5023469924926758,0.4738101065158844,0.5057598948478699,0.48205527663230896,0.5379573702812195,0.43881523609161377,0.46380743384361267
pop.00000.wav,data/genres_original/pop/pop.00000.wav,-94.53429412841797,55.66461181640625,29.260526657104492,27.047908782958984,20.063941955566406,1.1709082126617432,12.953801155090332,-0.7993097901344299,8.872953414916992,-0.6761955618858337,-5.338356971740723,2.220707654953003,-4.614716053009033,-0.9826611280441284,-1.4855210781097412,3.1320600509643555,2.511770248413086,4.095825672149658,9.172983169555664,4.7367448806762695,3422.09468148469,0.3836424946784973,0.32702112197875977,0.3893265426158905,0.32534828782081604,0.46218341588974,0.48061349987983704,0.3399387001991272,0.4794028699398041,0.40095916390419006,0.41170650720596313,0.33846259117126465,0.3379687964916229
pop.00001.wav,data/genres_original/pop/pop.00001.wav,-59.20097732543945,45.28544235229492,36.858238220214844,15.686739921569824,15.643389701843262,1.6743940114974976,7.294538497924805,8.814742088317871,5.8260087966918945,7.9920220375061035,-2.2828500270843506,1.8962289094924927,-0.9197742938995361,0.03975757956504822,0.09380678087472916,-0.8249689340591431,5.583771228790283,3.828219413757324,5.586190700531006,4.933341979980469,3702.928030369771,0.44667407870292664,0.36241263151168823,0.362434983253479,0.4183049499988556,0.40107014775276184,0.5121645331382751,0.41296321153640747,0.5117260813713074,0.4596528708934784,0.35642966628074646,0.3679603934288025,0.34130826592445374
pop.00002.wav,data/genres_original/pop/pop.00002.wav,-59.60713577270508,62.98234176635742,31.122060775756836,16.928890228271484,8.904488563537598,10.81533432006836,10.561759948730469,5.165958881378174,5.408297538757324,6.159945011138916,2.2780191898345947,4.254538059234619,4.125680446624756,5.727718353271484,5.061071395874023,5.6710524559021,1.4182493686676025,2.8187901973724365,-1.406142234802246,-3.3785645961761475,3213.5168358111127,0.4760591983795166,0.43355792760849,0.4828786551952362,0.34032803773880005,0.2877412438392639,0.2996443510055542,0.32770097255706787,0.411786288022995,0.42174023389816284,0.5603922009468079,0.5468286275863647,0.42602458596229553
pop.00003.wav,data/genres_original/pop/pop.00003.wav,-125.90678405761719,126.61827850341797,-23.186906814575195,36.22425079345703,20.962923049926758,-1.1735236644744873,16.48676872253418,-3.6612226963043213,6.520491123199463,9.33726978302002,-6.409656524658203,3.880194902420044,-7.941658020019531,2.048692226409912,-2.3359534740448,-1.4812031984329224,4.753123760223389,-3.5139243602752686,4.886850833892822,-3.199080467224121,1837.191501891123,0.37327149510383606,0.3389534056186676,0.5644126534461975,0.36774393916130066,0.27085232734680176,0.3221127688884735,0.3863261938095093,0.710278332233429,0.441310316324234,0.40259283781051636,0.3289679288864136,0.41381123661994934
pop.00004.wav,data/genres_original/pop/pop.00004.wav,-20.901945114135742,83.2416763305664,5.046960353851318,16.37078857421875,9.402539253234863,-0.5629182457923889,4.051513671875,6.2096028327941895,9.122196197509766,5.865447521209717,-3.5055272579193115,-0.6387332081794739,-3.172269582748413,1.5466725826263428,-0.9175539612770081,-2.959960460662842,-1.330204725265503,-0.8693878650665283,0.6923022866249084,-1.7670422792434692,2753.2217697518786,0.3802013695240021,0.35776287317276,0.42693889141082764,0.33343279361724854,0.39582112431526184,0.32695600390434265,0.34946781396865845,0.39361152052879333,0.42253199219703674,0.4761776626110077,0.3587159216403961,0.39104536175727844
pop.00005.wav,data/genres_original/pop/pop.00005.wav,-113.61813354492188,90.01456451416016,-5.541343688964844,25.595474243164062,2.6011502742767334,3.1922523975372314,1.1311813592910767,6.14371919631958,2.7893807888031006,-1.8761606216430664,-7.119990825653076,-3.4417924880981445,-5.911004543304443,-4.35075044631958,-4.946461200714111,-4.380102634429932,-3.3122668266296387,-5.4329094886779785,-0.5704750418663025,-2.180238723754883,2290.0859207010612,0.2624348998069763,0.4339129626750946,0.2656606435775757,0.27792882919311523,0.21259412169456482,0.21987660229206085,0.5157660841941833,0.31987178325653076,0.3087610900402069,0.2406202107667923,0.3816980719566345,0.43995341658592224
pop.00006.wav,data/genres_original/pop/pop.00006.wav,-169.15086364746094,94.64078521728516,24.504724502563477,27.413869857788086,11.641731262207031,14.895840644836426,4.234471797943115,12.369025230407715,10.702795028686523,5.126412868499756,-0.34236660599708557,1.2547647953033447,-4.157589435577393,-3.1358938217163086,0.29853343963623047,-3.5512030124664307,-2.817249059677124,-5.760901927947998,-5.2082133293151855,-0.0984024628996849,2125.4079876587084,0.5532833933830261,0.3802616596221924,0.32303693890571594,0.25793662667274475,0.2785605490207672,0.35243338346481323,0.39248496294021606,0.6128876209259033,0.37962499260902405,0.27583181858062744,0.26022061705589294,0.42891573905944824
pop.00007.wav,data/genres_original/pop/pop.00007.wav,-224.45635986328125,107.30908966064453,-1.5683268308639526,13.870830535888672,8.123952865600586,-9.378747940063477,8.120475769042969,9.294034004211426,9.099869728088379,6.025223731994629,-6.6545023918151855,2.0728163719177246,6.202076435089111,8.33280086517334,7.578469753265381,2.067248582839966,4.5554518699646,1.221805214881897,-1.640790343284607,-3.716320753097534,1968.4064522146039,0.18293410539627075,0.2831888198852539,0.4473831057548523,0.22104878723621368,0.1270436942577362,0.13056232035160065,0.17583084106445312,0.20237663388252258,0.2122444361448288,0.4977087378501892,0.33318638801574707,0.20555537939071655
pop.00008.wav,data/genres_original/pop/pop.00008.wav,-52.448246002197266,74.02206420898438,12.697417259216309,24.50034523010254,21.10790252685547,1.9049279689788818,6.796557426452637,4.7199602127075195,8.40647029876709,8.246996879577637,-2.2676548957824707,-1.2025364637374878,-2.677809953689575,0.26133525371551514,-1.0678635835647583,-0.8462425470352173,-1.257346749305725,-2.3307621479034424,3.8170018196105957,0.30459064245224,2885.3303652171926,0.3688089847564697,0.3847394287586212,0.41145405173301697,0.6040490865707397,0.45596885681152344,0.4012131690979004,0.3387736976146698,0.3428835868835449,0.5289312601089478,0.37154075503349304,0.33749622106552124,0.2998751997947693
pop.00009.wav,data/genres_original/pop/pop.00009.wav,-35.29734802246094,61.24724197387695,14.059666633605957,28.661287307739258,4.329987049102783,-1.3499213457107544,-0.7904129028320312,5.122540473937988,5.352399826049805,1.2215204238891602,-7.257073402404785,-0.5168180465698242,0.21715883910655975,-1.2905802726745605,-0.10900893062353134,-1.2562847137451172,-2.535810947418213,0.5710996389389038,1.5749443769454956,-1.719333529472351,3279.967331808209,0.41178908944129944,0.5415666699409485,0.41312354803085327,0.4378259479999542,0.4247989356517792,0.3772082030773163,0.5239889621734619,0.4098883867263794,0.43205705285072327,0.4674074053764343,0.5132972598075867,0.5050752758979797
pop.00010.wav,data/genres_original/pop/pop.00010.wav,-111.13056182861328,103.09619140625,10.9099702835083,34.34892654418945,22.343650817871094,17.868383407592773,6.807140350341797,6.333683490753174,5.488653182983398,0.6188139319419861,0.33940038084983826,3.825078248977661,2.0442042350769043,-5.5212602615356445,1.2078166007995605,0.39954301714897156,0.33297714591026306,1.6744768619537354,-4.054276466369629,-6.405829906463623,1901.4116456876454,0.3090139329433441,0.41909587383270264,0.3175773620605469,0.31793299317359924,0.4954513609409332,0.3815906345844269,0.40794217586517334,0.3209276795387268,0.4015377163887024,0.48300138115882874,0.3345590829849243,0.3471158444881439
pop.00011.wav,data/genres_original/pop/pop.00011.wav,-240.68592834472656,97.10967254638672,0.40661895275115967,-0.26895490288734436,-10.478994369506836,-15.741313934326172,1.3906446695327759,-17.87380599975586,-9.089089393615723,-8.767288208007812,-14.260693550109863,-5.50178337097168,-8.36895751953125,-9.316447257995605,-3.17348051071167,1.753185749053955,1.5742664337158203,5.622142314910889,4.966923713684082,3.7379047870635986,2200.799680588226,0.1731882244348526,0.14520549774169922,0.27989307045936584,0.09804819524288177,0.18095888197422028,0.2936325967311859,0.16607560217380524,0.3712240159511566,0.21481849253177643,0.43329715728759766,0.23640228807926178,0.1148110032081604
pop.00012.wav,data/genres_original/pop/pop.00012.wav,-50.853858947753906,80.22756958007812,-9.293904304504395,20.294153213500977,12.106114387512207,6.784271240234375,6.279613494873047,3.4291558265686035,-3.9568376541137695,2.5745725631713867,-5.706396102905273,0.48411139845848083,-0.5719530582427979,-0.5842751860618591,-3.3943569660186768,-6.792630195617676,-5.5263543128967285,-1.63233482837677,-1.6056240797042847,-1.5018032789230347,2679.2839905691167,0.4204653799533844,0.35938751697540283,0.41135266423225403,0.41280555725097656,0.3617749810218811,0.4873533546924591,0.3378277122974396,0.34645500779151917,0.33461833000183105,0.3912201225757599,0.41648849844932556,0.3508959412574768
pop.00013.wav,data/genres_original/pop/pop.00013.wav,-161.65414428710938,85.56669616699219,53.2755012512207,32.21721267700195,27.1954402923584,11.300174713134766,7.896171569824219,8.764695167541504,1.2665908336639404,13.211441040039062,0.0675891637802124,4.826746940612793,3.1036131381988525,2.3464162349700928,3.6764767169952393,-2.8747072219848633,-2.614323139190674,-3.152000665664673,-1.1912893056869507,-1.471289873123169,2150.085229874043,0.5439353585243225,0.37914523482322693,0.32914960384368896,0.22834382951259613,0.24647073447704315,0.32477128505706787,0.3158271312713623,0.36037957668304443,0.3473426103591919,0.3785295784473419,0.4119739234447479,0.40843290090560913
pop.00014.wav,data/genres_original/pop/pop.00014.wav,-135.3231201171875,107.81954193115234,-13.443977355957031,19.020700454711914,8.79883098602295,12.496944427490234,1.0323984622955322,11.318428993225098,2.543212890625,1.2272974252700806,-6.39171028137207,5.854485988616943,2.881430149078369,1.021510124206543,-1.775194525718689,-0.5023207068443298,-1.0759587287902832,-0.16349227726459503,-0.89657062292099,-2.138352632522583,1997.9771683248648,0.5171432495117188,0.5005691647529602,0.4702759385108948,0.5539453625679016,0.4126430153846741,0.33912238478660583,0.30479228496551514,0.3746064603328705,0.41409510374069214,0.37899544835090637,0.416634202003479,0.42943963408470154
pop.00015.wav,data/genres_original/pop/pop.00015.wav,-45.753623962402344,65.2761459350586,12.941987991333008,14.516027450561523,7.018110275268555,4.4085187911987305,6.614442348480225,3.29875111579895,7.736770153045654,4.059378147125244,3.6551008224487305,2.603038787841797,4.0553154945373535,2.39744234085083,1.7854379415512085,-2.375516653060913,-1.3446787595748901,-2.870405435562134,-0.8429200649261475,-2.5974783897399902,3207.220332891123,0.5423382520675659,0.42122700810432434,0.4234527349472046,0.40123042464256287,0.3016621172428131,0.31304731965065,0.36079174280166626,0.44554558396339417,0.34327730536460876,0.32580873370170593,0.3634774386882782,0.39882487058639526
pop.00016.wav,data/genres_original/pop/pop.00016.wav,-97.00820922851562,51.78600311279297,18.738693237304688,20.481666564941406,5.610452651977539,3.573502540588379,5.572290420532227,0.7373948097229004,7.336127758026123,1.6588529348373413,-2.7012627124786377,-0.44397446513175964,-1.0818588733673096,-3.454360008239746,-2.4807755947113037,-3.3093783855438232,-2.2329964637756348,-2.6434991359710693,-2.740489959716797,0.3115343153476715,3490.329748964607,0.3960598409175873,0.44225671887397766,0.40813836455345154,0.4861981272697449,0.3533323407173157,0.32646843791007996,0.37215185165405273,0.300471693277359,0.3349192142486572,0.33430051803588867,0.45039910078048706,0.46055927872657776
pop.00017.wav,data/genres_original/pop/pop.00017.wav,-53.12336730957031,78.31344604492188,2.2469539642333984,18.838302612304688,3.864591121673584,2.514279842376709,-3.7991864681243896,6.814704895019531,-0.8102047443389893,8.754905700683594,-4.800525188446045,-2.1519949436187744,1.2861206531524658,-1.7439155578613281,-1.94041907787323,-1.5876646041870117,2.6303958892822266,2.4295575618743896,4.024241924285889,3.917466163635254,2789.1243751604316,0.39968380331993103,0.4912567138671875,0.36855053901672363,0.4550829827785492,0.37029555439949036,0.40690404176712036,0.6275995373725891,0.44464436173439026,0.40195232629776,0.3903224468231201,0.44382044672966003,0.4234332740306854
pop.00018.wav,data/genres_original/pop/pop.00018.wav,-48.95814895629883,62.63780212402344,34.225830078125,12.313789367675781,16.560747146606445,8.622408866882324,8.767117500305176,5.245012283325195,6.794240951538086,9.059274673461914,-4.085325241088867,-0.7463064789772034,-0.3756466805934906,-0.47257915139198303,0.6466342806816101,1.705061674118042,1.3546006679534912,1.9141522645950317,3.8434879779815674,1.603855013847351,3433.92215467519,0.4745408892631531,0.3863184452056885,0.36733171343803406,0.4858429729938507,0.39270928502082825,0.36733734607696533,0.30678367614746094,0.42921704053878784,0.5328609347343445,0.38103508949279785,0.41747143864631653,0.37867751717567444
pop.00019.wav,data/genres_original/pop/pop.00019.wav,-25.156341552734375,70.81893157958984,2.9392478466033936,7.554466724395752,1.4596192836761475,2.846122980117798,1.9075498580932617,-6.825979709625244,0.2914508879184723,-1.9537078142166138,-6.651636123657227,-0.2439810186624527,-0.7550278306007385,-4.249934673309326,-2.440793991088867,-5.681471824645996,-1.5769208669662476,0.6693617105484009,1.6911362409591675,0.7881384491920471,3130.9812160844167,0.4870997667312622,0.38699692487716675,0.4958791434764862,0.4987117052078247,0.3176790773868561,0.2853633463382721,0.29735323786735535,0.47531771659851074,0.29735568165779114,0.24597111344337463,0.3669695556163788,0.36566999554634094
pop.00020.wav,data/genres_original/pop/pop.00020.wav,13.536639213562012,58.19635772705078,-2.2051024436950684,5.008135795593262,8.070771217346191,-0.47926485538482666,4.105179309844971,2.258924722671509,4.293473720550537,3.586092472076416,-0.5052728056907654,2.4214694499969482,1.8804908990859985,2.1731514930725098,1.939626932144165,-0.1735726296901703,-0.6167383193969727,0.7545498609542847,0.7356094121932983,2.0239272117614746,3487.4996203779583,0.5202656388282776,0.33426088094711304,0.4231407344341278,0.46050113439559937,0.34686094522476196,0.3948993384838104,0.3766729533672333,0.5042188763618469,0.41420978307724,0.3754771649837494,0.4151705801486969,0.3821621835231781
pop.00021.wav,data/genres_original/pop/pop.00021.wav,-23.230112075805664,53.819175720214844,-0.6900111436843872,14.726740837097168,4.871845722198486,6.730590343475342,4.845880508422852,4.945091724395752,4.264521598815918,3.1102585792541504,2.549565076828003,2.987947940826416,4.636329650878906,2.848132848739624,2.1776063442230225,1.0669052600860596,-0.4715663492679596,0.3890188932418823,-1.1717294454574585,0.5477562546730042,3502.139027387522,0.6543717980384827,0.45082610845565796,0.5226592421531677,0.5713579654693604,0.4934723675251007,0.47275692224502563,0.42171961069107056,0.5482527613639832,0.4947195053100586,0.4423772394657135,0.48053568601608276,0.4996853768825531
pop.00022.wav,data/genres_original/pop/pop.00022.wav,-45.71781539916992,65.28741455078125,12.934513092041016,14.516593933105469,7.03832483291626,4.395020961761475,6.6337785720825195,3.30189847946167,7.729786396026611,4.070035457611084,3.668118476867676,2.606271505355835,4.049002170562744,2.3892908096313477,1.7840557098388672,-2.3934216499328613,-1.3437683582305908,-2.873575448989868,-0.8461022973060608,-2.5911922454833984,3206.199866093883,0.5438218712806702,0.4200839698314667,0.4240568280220032,0.3996526896953583,0.3008999824523926,0.31299254298210144,0.3634856045246124,0.4461289644241333,0.3426280915737152,0.32538220286369324,0.3631209135055542,0.40080663561820984
pop.00023.wav,data/genres_original/pop/pop.00023.wav,-44.28742980957031,51.327919006347656,24.99048614501953,12.160305976867676,10.873074531555176,7.612086772918701,8.211469650268555,-0.773329496383667,5.946744441986084,4.761636257171631,-2.508432626724243,1.3215402364730835,-1.946599006652832,-0.446336030960083,0.23645831644535065,-2.0033764839172363,-1.9639544486999512,-1.0339816808700562,0.5159019231796265,-0.3859589993953705,3759.8089732129138,0.4566011130809784,0.36274898052215576,0.4037480652332306,0.4086209833621979,0.4728430509567261,0.4010447561740875,0.3426579236984253,0.45563623309135437,0.3684180974960327,0.35025057196617126,0.31689637899398804,0.38164231181144714
pop.00024.wav,data/genres_original/pop/pop.00024.wav,-40.83016586303711,61.52112579345703,9.867294311523438,10.096549987792969,8.454963684082031,5.366854667663574,8.3766508102417,3.5050008296966553,8.251044273376465,5.880058765411377,-0.10423890501260757,-0.5703608393669128,0.5514451861381531,-1.9820307493209839,1.9155519008636475,0.07612805813550949,-1.2709840536117554,1.2328516244888306,1.493820071220398,0.9502185583114624,3301.8647028211412,0.3586147427558899,0.4468541443347931,0.3486517071723938,0.39423859119415283,0.4624232351779938,0.37381187081336975,0.43994277715682983,0.42223238945007324,0.5125769972801208,0.44023454189300537,0.334293007850647,0.39789730310440063
pop.00025.wav,data/genres_original/pop/pop.00025.wav,-106.8328628540039,81.01405334472656,47.822872161865234,13.640558242797852,13.000602722167969,6.895191669464111,7.581347942352295,-2.6333248615264893,-2.498312473297119,1.8714977502822876,-5.139432907104492,-2.7431228160858154,-3.6675779819488525,-7.882551193237305,-4.807210445404053,-6.377817630767822,-7.399427890777588,-4.740164756774902,-0.1340019255876541,-2.3326783180236816,2928.6503834649243,0.3348667025566101,0.3207033574581146,0.43675681948661804,0.3198756277561188,0.34217196702957153,0.2536567449569702,0.3358882665634155,0.4469544589519501,0.3003973066806793,0.3153213560581207,0.26955723762512207,0.28822675347328186
pop.00026.wav,data/genres_original/pop/pop.00026.wav,-73.36742401123047,97.46428680419922,16.87055015563965,-0.5790376663208008,7.180088996887207,4.872416973114014,0.7465054988861084,-5.5500168800354,0.9903748035430908,4.916617393493652,-5.83544397354126,-4.921416282653809,-0.03095639869570732,-3.046363592147827,-0.15896804630756378,-2.381000280380249,0.7234445214271545,0.6828562021255493,1.9683637619018555,0.8037627339363098,2526.130442686517,0.4637890160083771,0.28745391964912415,0.31659603118896484,0.2460079789161682,0.32340484857559204,0.26718270778656006,0.2504202723503113,0.5417892932891846,0.3911040127277374,0.34660300612449646,0.24407434463500977,0.3419296443462372
pop.00027.wav,data/genres_original/pop/pop.00027.wav,-75.36612701416016,83.33488464355469,10.703895568847656,14.45510196685791,14.244523048400879,7.410257339477539,5.279713153839111,-0.4001257121562958,5.717756748199463,3.3618040084838867,-2.5211021900177,-4.227081298828125,-1.8455222845077515,-5.907954216003418,-1.2724807262420654,-3.7835545539855957,-2.8646183013916016,-0.9353353977203369,-1.1115845441818237,-2.721470594406128,2682.713194799874,0.30009087920188904,0.3791848421096802,0.4701184630393982,0.3252941966056824,0.342288613319397,0.3139219582080841,0.4427255094051361,0.40113717317581177,0.3394767940044403,0.41950350999832153,0.37264567613601685,0.4225669503211975
pop.00028.wav,data/genres_original/pop/pop.00028.wav,-45.638736724853516,74.70451354980469,15.980231285095215,14.800471305847168,8.992414474487305,8.204233169555664,5.686349868774414,5.254493713378906,5.3968095779418945,2.435222864151001,0.7794390916824341,1.1747063398361206,-2.3591651916503906,-2.9500176906585693,-2.5942533016204834,-2.703075885772705,-1.5022324323654175,1.5619367361068726,1.6137365102767944,-0.013135691173374653,2946.5774176287164,0.3218180239200592,0.24336601793766022,0.3652607500553131,0.46009203791618347,0.30885347723960876,0.35387927293777466,0.3034214973449707,0.4591616094112396,0.3424028158187866,0.3018055260181427,0.43262720108032227,0.2994692921638489
pop.00029.wav,data/genres_original/pop/pop.00029.wav,-40.52484130859375,73.47651672363281,22.622722625732422,12.355104446411133,14.860798835754395,8.94628620147705,5.305812835693359,9.025769233703613,2.0851216316223145,4.303850173950195,-3.1314620971679688,1.8446422815322876,2.0324935913085938,1.3936073780059814,4.124269962310791,-0.3541148602962494,-0.7509657740592957,1.158539891242981,0.737318754196167,-0.04328031465411186,2988.85797981166,0.36983320116996765,0.46963855624198914,0.33683499693870544,0.3690795302391052,0.3375781774520874,0.3375950753688812,0.3284425437450409,0.35419341921806335,0.4476059377193451,0.3056659400463104,0.3236100375652313,0.27697402238845825
pop.00030.wav,data/genres_original/pop/pop.00030.wav,-18.171194076538086,72.29644775390625,-4.8672308921813965,-0.3595810532569885,1.6975717544555664,-0.9182091951370239,-1.322172999382019,-0.3419729769229889,0.6473230123519897,-0.18098020553588867,-1.2175110578536987,-1.0574640035629272,2.519505262374878,1.2472866773605347,1.7523709535598755,-3.442979574203491,0.3945401906967163,-0.8525015711784363,0.924299955368042,1.6602957248687744,3070.6451711304394,0.4008852243423462,0.5333806872367859,0.2907768487930298,0.37262848019599915,0.2602606415748596,0.37257468700408936,0.2568315267562866,0.2899022102355957,0.46873724460601807,0.3216244578361511,0.44138413667678833,0.2833964228630066
pop.00031.wav,data/genres_original/pop/pop.00031.wav,-18.854591369628906,71.32852172851562,-3.743232011795044,-1.3965916633605957,0.7103475332260132,-1.0491368770599365,-1.0524065494537354,-0.24947138130664825,0.6239638328552246,0.42929914593696594,-1.4892839193344116,-1.0790832042694092,2.4154281616210938,1.247248649597168,0.9718109369277954,-3.588230848312378,0.8917518854141235,-0.4962824881076813,0.7083631753921509,1.6725212335586548,3111.0610992009765,0.4126945436000824,0.5371377468109131,0.30048683285713196,0.3794448971748352,0.26979345083236694,0.380413293838501,0.2650105953216553,0.30320093035697937,0.47377797961235046,0.3315930962562561,0.44505277276039124,0.29379960894584656
pop.00032.wav,data/genres_original/pop/pop.00032.wav,-113.16950225830078,41.58814239501953,21.516307830810547,11.092117309570312,17.44065284729004,0.6074314117431641,3.0293285846710205,0.08450882136821747,3.4569809436798096,0.29064029455184937,0.6160154342651367,1.255563735961914,2.8942456245422363,-0.7695475220680237,0.220406174659729,-1.4086614847183228,-0.7604615688323975,-0.870232105255127,-1.5392061471939087,1.0672658681869507,4225.564575455603,0.44348058104515076,0.4932909607887268,0.37376222014427185,0.47801247239112854,0.4769345223903656,0.34438586235046387,0.3895094394683838,0.4031716585159302,0.49145692586898804,0.3834017217159271,0.39092782139778137,0.4514569342136383
pop.00033.wav,data/genres_original/pop/pop.00033.wav,-69.00193786621094,73.77000427246094,-12.468981742858887,9.536624908447266,-0.04561026766896248,12.71827220916748,3.165059804916382,-0.08465765416622162,2.5223581790924072,2.8746752738952637,-1.672978401184082,-3.025171995162964,1.6149282455444336,1.0892637968063354,0.9343862533569336,-0.41627293825149536,-1.238209843635559,-0.7576577663421631,-1.704667329788208,-1.0437558889389038,2835.0593021892837,0.5446390509605408,0.3507334589958191,0.38803207874298096,0.3377131521701813,0.3911665081977844,0.4300086796283722,0.44777724146842957,0.5318208336830139,0.4040936827659607,0.4188620150089264,0.35383185744285583,0.4761424958705902
pop.00034.wav,data/genres_original/pop/pop.00034.wav,-59.5895881652832,77.30937957763672,26.36723518371582,3.1743204593658447,6.757042407989502,-0.06425419449806213,-0.6247923374176025,-0.6904833912849426,4.1419596672058105,-0.4403371810913086,-4.541956424713135,-3.561495780944824,-2.2030649185180664,-3.5575008392333984,0.2617940604686737,-4.672630786895752,-4.6041975021362305,-3.740569591522217,-1.3851970434188843,-0.845367431640625,3141.655140286262,0.3578246831893921,0.26545387506484985,0.34856554865837097,0.3033146858215332,0.2983979284763336,0.47527065873146057,0.29916924238204956,0.3151230812072754,0.2664795517921448,0.3969142735004425,0.47431808710098267,0.28929197788238525
pop.00035.wav,data/genres_original/pop/pop.00035.wav,24.466632843017578,68.96241760253906,-4.211300373077393,-1.0326179265975952,5.249466896057129,2.9858524799346924,4.336798191070557,4.287289142608643,6.422606468200684,3.6307849884033203,0.11548253148794174,-0.00023511762265115976,2.0697717666625977,1.5497288703918457,3.9990155696868896,2.8162686824798584,2.199469804763794,1.577379584312439,-0.47220584750175476,0.5248475670814514,3194.1768682916545,0.35504642128944397,0.43468302488327026,0.3414665162563324,0.4734170138835907,0.3756753206253052,0.2966075837612152,0.415553480386734,0.38469767570495605,0.5310062766075134,0.3546680510044098,0.48785680532455444,0.49420595169067383
pop.00036.wav,data/genres_original/pop/pop.00036.wav,-44.21401596069336,76.17581939697266,22.921127319335938,16.816143035888672,22.99891471862793,3.2665929794311523,6.908667087554932,0.10313869267702103,6.495677471160889,6.542089462280273,0.8544855713844299,2.7243905067443848,4.51695442199707,2.8543570041656494,1.319544792175293,1.7970861196517944,0.3768288791179657,-1.1220287084579468,-0.43784990906715393,1.5700188875198364,2944.4779985642813,0.41800615191459656,0.3587401211261749,0.44888943433761597,0.407942533493042,0.47633683681488037,0.40279924869537354,0.35682034492492676,0.4171944856643677,0.35885322093963623,0.3841218650341034,0.31060171127319336,0.39458224177360535
pop.00037.wav,data/genres_original/pop/pop.00037.wav,4.804321765899658,64.50390625,-2.501272439956665,10.419498443603516,3.24208927154541,7.8209686279296875,3.101567268371582,1.405525803565979,6.745003700256348,4.884832382202148,3.2736434936523438,1.7477713823318481,3.3316636085510254,2.3504843711853027,1.4266738891601562,-0.605488657951355,-2.1835036277770996,-1.6002755165100098,-0.6110449433326721,-4.0513691902160645,3236.3834897605984,0.5541775226593018,0.4819599986076355,0.4840814471244812,0.44518834352493286,0.35990527272224426,0.36656901240348816,0.41988933086395264,0.5199303030967712,0.45418938994407654,0.45121097564697266,0.4282107949256897,0.4552324116230011
pop.00038.wav,data/genres_original/pop/pop.00038.wav,-15.679176330566406,59.26908493041992,-1.5834022760391235,12.570526123046875,8.758746147155762,3.9658687114715576,2.0486032962799072,4.232300758361816,4.989132404327393,2.9016716480255127,2.327089548110962,1.994311809539795,1.7193478345870972,-1.5517667531967163,-0.6201589703559875,0.29138076305389404,-0.002985337283462286,2.7568063735961914,2.2938923835754395,0.056970033794641495,3267.580275537532,0.3210049867630005,0.446989506483078,0.3371633291244507,0.4102115333080292,0.48892807960510254,0.36072009801864624,0.40493249893188477,0.35643455386161804,0.5365968346595764,0.4362109303474426,0.3573170304298401,0.3506007194519043
pop.00039.wav,data/genres_original/pop/pop.00039.wav,-19.479713439941406,51.92008972167969,37.00408172607422,13.116386413574219,14.590094566345215,3.207625389099121,15.297412872314453,-0.779464840888977,7.2424235343933105,10.393449783325195,-0.37440040707588196,6.230770111083984,-1.188515305519104,-2.1225435733795166,-1.5674965381622314,-0.7654629349708557,0.032623857259750366,2.8346598148345947,0.8237699866294861,1.8658276796340942,3934.6043578715803,0.39020827412605286,0.34438109397888184,0.31436559557914734,0.42547428607940674,0.44651317596435547,0.3266339898109436,0.3448924124240875,0.3152066171169281,0.4577595293521881,0.38482096791267395,0.37701648473739624,0.4825584888458252
pop.00040.wav,data/genres_original/pop/pop.00040.wav,-76.91658020019531,113.29569244384766,-6.219377517700195,19.946252822875977,15.115962982177734,-3.2893810272216797,4.789510726928711,1.0169310569763184,2.292926073074341,-0.01146834995597601,-3.7627334594726562,4.241213798522949,2.286330223083496,-2.9218852519989014,4.519335746765137,3.4273293018341064,-0.5341386795043945,-0.5602080821990967,0.6277449727058411,-2.0107128620147705,1962.259860440553,0.3085877597332001,0.241545170545578,0.3974255919456482,0.36270081996917725,0.22004768252372742,0.31856822967529297,0.17835870385169983,0.21010443568229675,0.1617637723684311,0.28297045826911926,0.5486896634101868,0.27615734934806824
pop.00041.wav,data/genres_original/pop/pop.00041.wav,-204.7530059814453,101.60511779785156,26.38422393798828,9.18571949005127,10.460929870605469,5.108919143676758,-9.447197914123535,9.308317184448242,-12.491375923156738,-2.496669292449951,6.212447166442871,-9.488957405090332,-2.560032606124878,-9.048956871032715,-10.187872886657715,-4.044252872467041,-7.749785423278809,-5.138516902923584,-1.8299531936645508,-4.416521072387695,2053.894371276876,0.22803819179534912,0.21535609662532806,0.4064338505268097,0.3273888826370239,0.2077195942401886,0.40929165482521057,0.2619517743587494,0.25051072239875793,0.1947306990623474,0.27568379044532776,0.37571030855178833,0.23574623465538025
pop.00042.wav,data/genres_original/pop/pop.00042.wav,-37.0710334777832,68.84186553955078,10.511308670043945,23.95977783203125,15.370537757873535,3.5479140281677246,11.677659034729004,2.9124515056610107,2.545921564102173,4.750341415405273,-1.5888675451278687,2.5664660930633545,-1.0170679092407227,-1.6613678932189941,0.4893450140953064,-2.8281736373901367,-3.4125828742980957,-4.102842330932617,-4.214855670928955,1.1007028818130493,3002.6169823427717,0.3525121212005615,0.46558263897895813,0.32328668236732483,0.40943488478660583,0.4959683120250702,0.28706833720207214,0.33268263936042786,0.3353404402732849,0.45957663655281067,0.35910269618034363,0.35999369621276855,0.37620827555656433
pop.00043.wav,data/genres_original/pop/pop.00043.wav,-50.89096450805664,68.04224395751953,12.08259391784668,36.314430236816406,8.646879196166992,19.502784729003906,10.72235107421875,12.312873840332031,1.6614351272583008,10.164873123168945,4.839787483215332,1.696905255317688,2.731235980987549,3.166468858718872,2.4620580673217773,1.4162688255310059,1.0564286708831787,1.8941798210144043,2.2652883529663086,2.4275951385498047,2703.2416682609646,0.49685022234916687,0.5989639759063721,0.4433232843875885,0.4511728584766388,0.37014877796173096,0.4826393127441406,0.48007774353027344,0.44085049629211426,0.5145053863525391,0.44219884276390076,0.49994727969169617,0.46067026257514954
pop.00044.wav,data/genres_original/pop/pop.00044.wav,-47.93827819824219,54.15921401977539,-4.00504207611084,21.512901306152344,13.886649131774902,6.00395393371582,13.755339622497559,1.0669995546340942,6.722088813781738,6.232227802276611,1.6225087642669678,0.45345962047576904,2.4148383140563965,-5.597135543823242,0.3046676516532898,-1.0046958923339844,0.6401352286338806,1.258223056793213,2.081017017364502,3.032484769821167,3143.535196698567,0.48990505933761597,0.44537878036499023,0.4781840443611145,0.5059208273887634,0.3924294114112854,0.3582450747489929,0.43259692192077637,0.5636511445045471,0.47926056385040283,0.40035197138786316,0.4619559049606323,0.46586400270462036
pop.00045.wav,data/genres_original/pop/pop.00045.wav,-71.6150131225586,81.1212387084961,16.35566520690918,8.950535774230957,13.818387031555176,-0.737172544002533,12.522272109985352,-0.6393705606460571,3.0430490970611572,3.0547540187835693,-3.212191343307495,-1.3185770511627197,-0.6402586102485657,-4.006223201751709,-0.9454736709594727,1.9157288074493408,3.529461622238159,5.9878034591674805,6.090874195098877,2.567976951599121,2842.6607931089798,0.421514093875885,0.40175342559814453,0.36014267802238464,0.4067573547363281,0.3889066278934479,0.5051615834236145,0.3610756993293762,0.4680212140083313,0.5156292915344238,0.3773605227470398,0.4042091965675354,0.3439016342163086
pop.00046.wav,data/genres_original/pop/pop.00046.wav,-72.17292022705078,81.31210327148438,16.729719161987305,8.680574417114258,14.16357135772705,-1.048661231994629,12.839071273803711,-0.5343490839004517,3.1377692222595215,3.1529669761657715,-3.4740803241729736,-1.1388003826141357,-0.6851626038551331,-3.9981558322906494,-1.0880300998687744,1.7791658639907837,3.494495153427124,5.90580940246582,6.341025352478027,2.441528797149658,2838.0210737706198,0.42705145478248596,0.4046700894832611,0.3621530532836914,0.4078117907047272,0.3915007412433624,0.49956050515174866,0.3565802276134491,0.47249969840049744,0.519036591053009,0.38155800104141235,0.4091761112213135,0.3485400676727295
pop.00047.wav,data/genres_original/pop/pop.00047.wav,-45.06425857543945,69.78575897216797,11.866147994995117,8.177108764648438,12.603083610534668,7.7502522468566895,11.309999465942383,0.2585076093673706,9.659319877624512,2.8038880825042725,3.8585238456726074,-0.8353043794631958,2.1194326877593994,1.1247411966323853,0.007464146241545677,0.7613850831985474,-1.4808841943740845,3.6563611030578613,4.458892345428467,4.199800491333008,3149.97113080032,0.39231279492378235,0.4283812940120697,0.5240063071250916,0.38573214411735535,0.36640799045562744,0.4333290457725525,0.44408321380615234,0.5909510254859924,0.4372157156467438,0.41359737515449524,0.42223578691482544,0.3642254173755646
pop.00048.wav,data/genres_original/pop/pop.00048.wav,-52.64915084838867,47.782745361328125,13.455158233642578,2.2134270668029785,13.251046180725098,9.133875846862793,14.44765567779541,0.8738372325897217,9.459656715393066,7.004078388214111,-0.6928577423095703,1.7276203632354736,8.496529579162598,6.927436351776123,3.1864774227142334,2.274325370788574,-0.8961154222488403,2.0319855213165283,2.2780227661132812,3.4661898612976074,4052.8886703211056,0.5634320974349976,0.5011301636695862,0.5879113674163818,0.41462159156799316,0.3725573718547821,0.38292860984802246,0.3771018385887146,0.47566795349121094,0.42964819073677063,0.5214043259620667,0.4636269211769104,0.48921695351600647
pop.00049.wav,data/genres_original/pop/pop.00049.wav,-170.9226531982422,105.92536926269531,31.060649871826172,22.226057052612305,12.814610481262207,-5.166970252990723,11.237102508544922,-2.1054720878601074,-0.17249329388141632,5.078826427459717,-11.541210174560547,-3.624070644378662,1.3911012411117554,-6.636335372924805,-2.431041717529297,-7.377176761627197,-2.5536129474639893,-1.7130773067474365,-6.137735366821289,5.067965030670166,1987.8719219449235,0.2730090618133545,0.3933561444282532,0.2518801987171173,0.31100934743881226,0.2272891104221344,0.3442783057689667,0.4176822900772095,0.2948313057422638,0.3899904787540436,0.3177393674850464,0.3499521315097809,0.3010999262332916
pop.00050.wav,data/genres_original/pop/pop.00050.wav,-78.19249725341797,65.99214172363281,24.578519821166992,25.65282440185547,13.85488224029541,3.600048065185547,16.225540161132812,0.592553973197937,3.325775384902954,4.160470485687256,2.712696075439453,3.649890899658203,1.395906686782837,2.0099124908447266,-1.8058223724365234,-3.954483985900879,-0.9509977698326111,-1.0149827003479004,-0.46333375573158264,-0.7493813633918762,3046.2397998563833,0.4538702666759491,0.5036613345146179,0.4179067611694336,0.370337575674057,0.4164917767047882,0.3561451733112335,0.3712010681629181,0.33438166975975037,0.4061407446861267,0.46802371740341187,0.40705162286758423,0.46377265453338623
pop.00051.wav,data/genres_original/pop/pop.00051.wav,-14.17011547088623,44.39023971557617,12.68057632446289,10.152087211608887,11.25930118560791,3.975895881652832,12.507779121398926,-2.171722412109375,10.705039978027344,2.2852632999420166,5.033559322357178,-0.8662653565406799,3.805870294570923,1.662751317024231,1.5042861700057983,-0.19028250873088837,-1.020159125328064,4.7820868492126465,4.863109111785889,3.0533204078674316,4156.136801574854,0.41931143403053284,0.4748980700969696,0.5469724535942078,0.4207651615142822,0.4411965608596802,0.4327184855937958,0.47670653462409973,0.5813141465187073,0.41986098885536194,0.40166687965393066,0.37582769989967346,0.3729909658432007
pop.00052.wav,data/genres_original/pop/pop.00052.wav,-39.98735046386719,35.583213806152344,8.93850040435791,15.082219123840332,15.20681381225586,10.572661399841309,21.824983596801758,10.004446029663086,13.97350025177002,16.55746078491211,1.4647635221481323,3.2635626792907715,0.06211210414767265,0.9717617034912109,7.6504011154174805,7.642752170562744,9.41557788848877,6.587523937225342,1.190311074256897,-0.6452358961105347,3662.9266594641513,0.4184682369232178,0.417332261800766,0.4674627482891083,0.5517486333847046,0.6274670362472534,0.584695041179657,0.5532888174057007,0.5491661429405212,0.535515546798706,0.5480998158454895,0.500720739364624,0.5186928510665894
pop.00053.wav,data/genres_original/pop/pop.00053.wav,-145.92575073242188,62.535240173339844,-23.1148681640625,-18.786008834838867,-14.782012939453125,-28.421491622924805,3.134416341781616,-24.940004348754883,-13.637031555175781,-4.607389450073242,-24.383535385131836,-15.806172370910645,-17.455080032348633,-11.709296226501465,-8.264144897460938,-13.850936889648438,-9.910086631774902,-11.985029220581055,-5.035615921020508,-2.9024741649627686,2639.59187801044,0.25954702496528625,0.20857378840446472,0.2257404625415802,0.24283155798912048,0.264972448348999,0.28518208861351013,0.36383405327796936,0.2666264474391937,0.23229609429836273,0.28101062774658203,0.30924782156944275,0.3886272609233856
pop.00054.wav,data/genres_original/pop/pop.00054.wav,-46.7030143737793,55.87751388549805,26.120210647583008,16.5432071685791,7.104527950286865,-3.3266870975494385,9.256010055541992,-0.8715933561325073,8.313572883605957,7.14810037612915,-0.5387219786643982,1.7517584562301636,-1.83774733543396,5.196832656860352,-3.110543966293335,-0.8630542159080505,-3.862114191055298,-2.3494839668273926,-0.22604811191558838,2.220569610595703,3498.3579746722603,0.4991922378540039,0.4164736270904541,0.360114187002182,0.45238611102104187,0.41451379656791687,0.4170030951499939,0.3707887828350067,0.4581485986709595,0.3408775329589844,0.26846012473106384,0.3312574326992035,0.3556034564971924
pop.00055.wav,data/genres_original/pop/pop.00055.wav,-56.0911865234375,36.468170166015625,11.945320129394531,-6.4417524337768555,3.778163194656372,5.284157752990723,3.394784450531006,4.265097618103027,7.993917465209961,5.864428520202637,1.5971134901046753,4.861391067504883,0.4924772381782532,2.5060009956359863,0.2759791612625122,-2.5915582180023193,-1.4281116724014282,-1.8711602687835693,-5.389883518218994,-4.313989162445068,3940.3499208914445,0.45636293292045593,0.41803687810897827,0.38863125443458557,0.36825260519981384,0.3408023416996002,0.31117069721221924,0.3303902745246887,0.40672123432159424,0.5300694108009338,0.5697690844535828,0.5230064988136292,0.5511443614959717
pop.00056.wav,data/genres_original/pop/pop.00056.wav,-80.39633178710938,35.96251678466797,20.40726661682129,26.376535415649414,17.37970542907715,4.580235958099365,13.489165306091309,3.6187570095062256,7.324075222015381,5.479913711547852,3.9538543224334717,5.313696384429932,3.5346319675445557,0.5135291814804077,0.18830327689647675,-1.1251195669174194,3.52966570854187,1.4410526752471924,0.47266528010368347,-1.7977359294891357,3681.430351016257,0.45138517022132874,0.47377580404281616,0.44953441619873047,0.5488405227661133,0.47520706057548523,0.39684784412384033,0.37949153780937195,0.45403310656547546,0.6140807271003723,0.5618265867233276,0.4454495310783386,0.42665594816207886
pop.00057.wav,data/genres_original/pop/pop.00057.wav,-39.69137954711914,33.95167541503906,9.604388236999512,16.657577514648438,14.906164169311523,11.198782920837402,21.50282859802246,9.886201858520508,14.732352256774902,15.628255844116211,2.0403950214385986,2.579495906829834,0.357285737991333,1.6512008905410767,6.941174030303955,8.237751007080078,9.367546081542969,6.966198444366455,1.496738076210022,-1.1285765171051025,3672.6739422013616,0.40639638900756836,0.4393167495727539,0.5192744135856628,0.6070667505264282,0.605697751045227,0.5529749393463135,0.5431050658226013,0.5267661809921265,0.547633945941925,0.5063173174858093,0.5260115265846252,0.441814124584198
pop.00058.wav,data/genres_original/pop/pop.00058.wav,-87.72350311279297,64.30924987792969,-12.976588249206543,16.03264617919922,0.4861660897731781,0.4070948660373688,4.431544780731201,-2.723747491836548,-0.309324711561203,-0.049745116382837296,-5.9292988777160645,-4.2699689865112305,-3.509702205657959,-4.6309356689453125,-4.093827247619629,-3.3208751678466797,0.21073728799819946,2.704002618789673,2.4902892112731934,0.21650171279907227,2940.0005210928985,0.4024960398674011,0.535815417766571,0.40067070722579956,0.27962544560432434,0.2531512677669525,0.23123541474342346,0.3463413715362549,0.26543915271759033,0.36675575375556946,0.37183430790901184,0.28120043873786926,0.34469935297966003
pop.00059.wav,data/genres_original/pop/pop.00059.wav,-77.94190216064453,32.36495590209961,20.077260971069336,27.633485794067383,16.262773513793945,5.319163799285889,13.48154067993164,3.5032272338867188,7.344144344329834,5.271801948547363,4.001197338104248,5.2712297439575195,3.752624988555908,0.7814798951148987,0.4002598524093628,-0.7132615447044373,3.0644116401672363,1.403470516204834,0.5459311008453369,-1.9002220630645752,3727.2488351836582,0.45538580417633057,0.47611498832702637,0.452749103307724,0.5534598231315613,0.47994154691696167,0.3997320532798767,0.38056665658950806,0.45300447940826416,0.6127315759658813,0.5637925863265991,0.44736647605895996,0.43070119619369507
pop.00060.wav,data/genres_original/pop/pop.00060.wav,-46.7030143737793,55.87751388549805,26.120210647583008,16.5432071685791,7.104527950286865,-3.3266870975494385,9.256010055541992,-0.8715933561325073,8.313572883605957,7.14810037612915,-0.5387219786643982,1.7517584562301636,-1.83774733543396,5.196832656860352,-3.110543966293335,-0.8630542159080505,-3.862114191055298,-2.3494839668273926,-0.22604811191558838,2.220569610595703,3498.3579746722603,0.4991922378540039,0.4164736270904541,0.360114187002182,0.45238611102104187,0.41451379656791687,0.4170030951499939,0.3707887828350067,0.4581485986709595,0.3408775329589844,0.26846012473106384,0.3312574326992035,0.3556034564971924
pop.00061.wav,data/genres_original/pop/pop.00061.wav,-65.18545532226562,65.4745101928711,4.127748012542725,32.74247360229492,16.918561935424805,-5.8376946449279785,14.960991859436035,-0.24383582174777985,9.038334846496582,8.441269874572754,-6.576153755187988,-4.484363555908203,-2.6280579566955566,3.4548990726470947,1.600554347038269,-0.6978750824928284,3.203176498413086,1.0458928346633911,-1.1681348085403442,-4.722195148468018,2949.270014966028,0.5457800626754761,0.4341450035572052,0.3620080351829529,0.3836855888366699,0.3209085464477539,0.33463823795318604,0.3324642479419708,0.4641968011856079,0.5505780577659607,0.5674140453338623,0.6292271018028259,0.5411865711212158
pop.00062.wav,data/genres_original/pop/pop.00062.wav,-6.926640033721924,68.88018798828125,3.770587205886841,28.19587516784668,2.293225049972534,13.625752449035645,1.0469884872436523,6.0046467781066895,2.7504959106445312,15.018392562866211,-8.786578178405762,0.7954421043395996,-7.219668388366699,2.924490213394165,0.5617501139640808,11.366312980651855,11.479182243347168,14.170940399169922,-0.9239000082015991,0.8095098733901978,2468.498529319245,0.22576282918453217,0.22859013080596924,0.25881484150886536,0.31249114871025085,0.26397114992141724,0.2524052858352661,0.27900633215904236,0.4633873999118805,0.6910425424575806,0.405670166015625,0.28476476669311523,0.289806991815567
pop.00063.wav,data/genres_original/pop/pop.00063.wav,-125.9814224243164,117.33393096923828,-0.07229198515415192,10.211121559143066,4.490170001983643,2.18886661529541,-3.63608455657959,3.376340866088867,1.737519383430481,4.551119327545166,0.8427298069000244,2.4246017932891846,-3.112575054168701,-2.8374521732330322,-6.106637477874756,-5.267573356628418,-1.8156683444976807,-3.2187061309814453,1.2653751373291016,5.8006911277771,1826.5420467927368,0.36232563853263855,0.25152787566185,0.27408674359321594,0.24303625524044037,0.24923424422740936,0.43704354763031006,0.4054165184497833,0.5005862712860107,0.38347432017326355,0.22410543262958527,0.2517193853855133,0.21807587146759033
pop.00064.wav,data/genres_original/pop/pop.00064.wav,-88.45124816894531,34.33366012573242,-11.282462120056152,2.2004082202911377,-4.858425617218018,-6.127730846405029,0.3310778737068176,2.440187931060791,-8.177470207214355,5.635986328125,-9.3944091796875,-7.359539985656738,-3.9459164142608643,2.376863718032837,1.2362306118011475,10.805465698242188,9.384404182434082,5.2920241355896,-2.9351189136505127,-5.572681903839111,3647.8594016331967,0.32373741269111633,0.23005834221839905,0.2547813057899475,0.3130491077899933,0.2645890712738037,0.21228653192520142,0.2509607970714569,0.410946786403656,0.520704448223114,0.4801979064941406,0.5132194757461548,0.38362669944763184
pop.00065.wav,data/genres_original/pop/pop.00065.wav,-111.61652374267578,85.57909393310547,3.515357732772827,16.357471466064453,2.205944776535034,5.980132102966309,-5.045757293701172,-3.9625244140625,-0.09616873413324356,1.574602723121643,-5.793351173400879,-5.087190628051758,-0.20802845060825348,-4.411729335784912,-0.7768347263336182,1.5563338994979858,0.36258023977279663,0.575282633304596,-0.6926282048225403,-1.8156012296676636,2518.6680120349943,0.35283881425857544,0.23255233466625214,0.23702049255371094,0.23691095411777496,0.28876250982284546,0.4508013129234314,0.39415183663368225,0.49727585911750793,0.3901018798351288,0.377351850271225,0.39626988768577576,0.2937767207622528
pop.00066.wav,data/genres_original/pop/pop.00066.wav,-63.63506317138672,79.04566192626953,42.744022369384766,16.095539093017578,15.26836109161377,10.789148330688477,13.311583518981934,3.6857290267944336,4.9283270835876465,10.677057266235352,-0.01267188135534525,3.480309247970581,3.4220941066741943,-2.450833559036255,0.8506413102149963,-5.120553970336914,-4.299978733062744,-1.5640300512313843,-0.0592823326587677,2.661999464035034,2844.070407885239,0.35930317640304565,0.3391836881637573,0.4034893810749054,0.3667167127132416,0.4216727018356323,0.43756014108657837,0.28380078077316284,0.3100883364677429,0.34178632497787476,0.35212233662605286,0.32081159949302673,0.3128616213798523
pop.00067.wav,data/genres_original/pop/pop.00067.wav,-52.5379753112793,37.496028900146484,14.121390342712402,18.18031120300293,16.78277015686035,5.958093166351318,6.432402610778809,2.7082066535949707,-0.4474385380744934,3.2196102142333984,-3.928455352783203,1.5937503576278687,0.29058223962783813,-0.160117506980896,-0.5063943266868591,-1.5440645217895508,2.0738179683685303,1.2248799800872803,4.587018013000488,1.64191472530365,3889.787116785757,0.37931540608406067,0.3874974548816681,0.5468872785568237,0.48841050267219543,0.5035187005996704,0.42649906873703003,0.42258262634277344,0.5209496021270752,0.39717915654182434,0.41250836849212646,0.41909468173980713,0.4644497036933899
pop.00068.wav,data/genres_original/pop/pop.00068.wav,-29.26038932800293,53.86872863769531,-1.7002240419387817,15.506246566772461,1.0880837440490723,0.543964684009552,4.902141571044922,-3.222588300704956,-1.6917724609375,2.2325522899627686,-7.122959136962891,-5.989491939544678,-2.9803965091705322,-3.796762704849243,-4.894908905029297,-6.724095344543457,-0.41865259408950806,-4.012816905975342,4.3791422843933105,4.460430145263672,3262.9124447410586,0.3457743525505066,0.396858274936676,0.4574183523654938,0.44414183497428894,0.4467690885066986,0.40202000737190247,0.5568796992301941,0.34796494245529175,0.3247237205505371,0.39164283871650696,0.37006261944770813,0.40461060404777527
pop.00069.wav,data/genres_original/pop/pop.00069.wav,-30.211868286132812,88.44852447509766,-6.587008476257324,32.78564453125,8.500260353088379,8.388700485229492,2.042520523071289,6.8641839027404785,3.5769941806793213,2.720842123031616,1.2942763566970825,3.290607452392578,1.569549798965454,2.379436492919922,2.525005578994751,1.0964288711547852,-1.5795058012008667,-0.26449084281921387,0.11285190284252167,0.42111679911613464,2327.9956325128483,0.5174761414527893,0.4037410318851471,0.4468247592449188,0.5134938359260559,0.6826363205909729,0.47505831718444824,0.42132389545440674,0.42380228638648987,0.44561219215393066,0.4840134084224701,0.5092896223068237,0.6402647495269775
pop.00070.wav,data/genres_original/pop/pop.00070.wav,-91.8537368774414,56.674156188964844,13.763751983642578,15.050705909729004,0.9011201858520508,-4.079192161560059,-0.22235451638698578,0.5639135241508484,-4.600770473480225,-2.6161904335021973,-2.7612664699554443,-3.0964157581329346,1.7973816394805908,-0.9524220824241638,1.4047229290008545,0.9235883355140686,1.0776355266571045,0.9147185683250427,3.2946672439575195,0.21995435655117035,3142.2532583222696,0.511971652507782,0.43811148405075073,0.49027949571609497,0.34251415729522705,0.34898051619529724,0.3886461853981018,0.34719449281692505,0.4315416216850281,0.45533713698387146,0.6305211782455444,0.4338914155960083,0.42664921283721924
pop.00071.wav,data/genres_original/pop/pop.00071.wav,-52.5379753112793,37.496028900146484,14.121390342712402,18.18031120300293,16.78277015686035,5.958093166351318,6.432402610778809,2.7082066535949707,-0.4474385380744934,3.2196102142333984,-3.928455352783203,1.5937503576278687,0.29058223962783813,-0.160117506980896,-0.5063943266868591,-1.5440645217895508,2.0738179683685303,1.2248799800872803,4.587018013000488,1.64191472530365,3889.787116785757,0.37931540608406067,0.3874974548816681,0.5468872785568237,0.48841050267219543,0.5035187005996704,0.42649906873703003,0.42258262634277344,0.5209496021270752,0.39717915654182434,0.41250836849212646,0.41909468173980713,0.4644497036933899
pop.00072.wav,data/genres_original/pop/pop.00072.wav,9.675073623657227,88.8260726928711,-20.293682098388672,5.1013054847717285,-2.917802333831787,-0.18818102777004242,0.3274819552898407,1.604321002960205,-2.2592058181762695,-0.9406509399414062,-6.212249755859375,-2.976789712905884,-1.8151839971542358,-0.31959983706474304,-1.3413134813308716,-1.6791988611221313,-0.1865418404340744,1.7162681818008423,-0.13248805701732635,-3.901139259338379,2569.255822724336,0.5033661723136902,0.42235681414604187,0.4590822160243988,0.4501040577888489,0.42711764574050903,0.4663684368133545,0.42984503507614136,0.5350330471992493,0.546572208404541,0.4785040020942688,0.524082601070404,0.5269245505332947
pop.00073.wav,data/genres_original/pop/pop.00073.wav,-8.531341552734375,54.25175476074219,20.96331024169922,13.099080085754395,9.72115421295166,6.01505184173584,10.720785140991211,6.1021199226379395,0.6942645311355591,5.00238561630249,-3.4498136043548584,0.8725566864013672,-1.939046859741211,-2.784980058670044,-2.676201581954956,-3.3184635639190674,1.7050131559371948,-0.14683876931667328,4.8484673500061035,2.908008575439453,3671.2604882708424,0.3439739942550659,0.4772208631038666,0.4610700011253357,0.3829649090766907,0.4302733242511749,0.3600556254386902,0.5957096219062805,0.4065949618816376,0.3540570139884949,0.46452096104621887,0.37018004059791565,0.43370211124420166
pop.00074.wav,data/genres_original/pop/pop.00074.wav,-93.63922119140625,59.690269470214844,32.0773811340332,13.127490997314453,13.270319938659668,-6.869358539581299,2.3390276432037354,-7.887985706329346,2.2946648597717285,4.487584114074707,-4.040567398071289,2.6735637187957764,-3.086395502090454,-5.756002902984619,-1.523375153541565,-1.1896891593933105,-3.05141282081604,-1.0875478982925415,2.389270782470703,4.767099857330322,3419.3447490583962,0.3905561566352844,0.32381629943847656,0.39188697934150696,0.3221096992492676,0.35054826736450195,0.28823426365852356,0.4487614631652832,0.29606661200523376,0.23600058257579803,0.2974758744239807,0.3527079224586487,0.49512234330177307
pop.00075.wav,data/genres_original/pop/pop.00075.wav,-68.85472106933594,40.457462310791016,25.35452651977539,35.76828384399414,13.38312816619873,2.8213696479797363,12.759581565856934,4.483545303344727,3.3571879863739014,10.026521682739258,-2.375098705291748,2.9945147037506104,-1.8024030923843384,-3.378383159637451,-1.546330451965332,-1.6591521501541138,-3.5203819274902344,1.376495599746704,2.0280375480651855,1.5048238039016724,3645.470694057959,0.4108235836029053,0.4709082543849945,0.47869566082954407,0.3853735625743866,0.41544803977012634,0.33910316228866577,0.4696311950683594,0.3334912955760956,0.32582250237464905,0.38889747858047485,0.40228596329689026,0.49216023087501526
pop.00076.wav,data/genres_original/pop/pop.00076.wav,-38.288414001464844,47.80237579345703,20.052776336669922,23.84808921813965,19.795454025268555,13.665191650390625,14.684334754943848,4.572096347808838,7.713705539703369,8.956255912780762,5.4210028648376465,1.1439083814620972,1.081188440322876,4.386655807495117,4.584089756011963,2.549877166748047,-0.24593877792358398,4.625783920288086,3.01017427444458,-1.3092594146728516,3544.132839481264,0.4099089801311493,0.5047786235809326,0.3564951419830322,0.4057866036891937,0.4704590439796448,0.4968221187591553,0.5790838599205017,0.4939923882484436,0.5317504405975342,0.5529945492744446,0.445441335439682,0.4612122178077698
pop.00077.wav,data/genres_original/pop/pop.00077.wav,-34.209938049316406,40.39930725097656,17.510663986206055,13.42147159576416,13.2406005859375,7.449265480041504,18.18345832824707,2.7254276275634766,4.339627742767334,5.8252973556518555,-1.125758171081543,3.1106066703796387,2.4149978160858154,-2.090653419494629,-1.28515625,0.15344445407390594,2.336223602294922,4.329720497131348,2.1379222869873047,2.9388885498046875,4037.153770826656,0.4539543092250824,0.41113507747650146,0.4792664349079132,0.44734853506088257,0.4113166332244873,0.493596613407135,0.42297494411468506,0.5063074231147766,0.44620653986930847,0.4796569049358368,0.4262181222438812,0.36732566356658936
pop.00078.wav,data/genres_original/pop/pop.00078.wav,-42.77943801879883,62.79967498779297,4.760207653045654,24.068391799926758,9.642162322998047,-1.8881841897964478,9.252785682678223,-2.969123125076294,3.1815619468688965,5.934004783630371,-4.773739814758301,3.019498348236084,-1.2408000230789185,-3.5244295597076416,-0.32438838481903076,-1.4424751996994019,-1.8644706010818481,-0.031904663890600204,-0.7304686903953552,-0.9891400933265686,3124.14935420786,0.4075299799442291,0.44778621196746826,0.4440229535102844,0.4914954602718353,0.3754073679447174,0.3580927550792694,0.46695616841316223,0.46845346689224243,0.618913471698761,0.5024447441101074,0.44966909289360046,0.4262821078300476
pop.00079.wav,data/genres_original/pop/pop.00079.wav,-273.28631591796875,103.14759063720703,8.722428321838379,31.697704315185547,12.511968612670898,3.492265462875366,3.9396512508392334,-0.16230230033397675,-3.9216830730438232,3.2304422855377197,-6.373684883117676,-1.5361915826797485,-3.213047504425049,-6.777503967285156,-3.8153555393218994,-6.24072265625,-5.618338108062744,-4.015953540802002,-2.38875150680542,-3.0845282077789307,1995.3281824967328,0.4055185317993164,0.49701353907585144,0.3364541232585907,0.3412803113460541,0.34419509768486023,0.2954331040382385,0.40691235661506653,0.28425806760787964,0.25554218888282776,0.20095594227313995,0.31871673464775085,0.5368618965148926
pop.00080.wav,data/genres_original/pop/pop.00080.wav,-44.972015380859375,69.76533508300781,11.851115226745605,8.137467384338379,12.62307071685791,7.798755645751953,11.30739974975586,0.19175639748573303,9.630409240722656,2.8426687717437744,3.8571951389312744,-0.8326627612113953,2.1378023624420166,1.092536211013794,-0.06844648718833923,0.6488352417945862,-1.478310227394104,3.722926378250122,4.547461032867432,4.263485431671143,3151.445800513278,0.39172500371932983,0.4292532503604889,0.5245260000228882,0.38593417406082153,0.3665657043457031,0.4340883493423462,0.4453182518482208,0.5933153629302979,0.4389399588108063,0.4132562279701233,0.4184805452823639,0.36199983954429626
pop.00081.wav,data/genres_original/pop/pop.00081.wav,-137.73312377929688,100.2431869506836,14.383045196533203,15.40381145477295,2.3205368518829346,-1.0818114280700684,-2.106971502304077,-1.6870852708816528,-5.311201572418213,-1.784702181816101,1.748408555984497,-6.183539390563965,-3.0364274978637695,-9.783618927001953,-6.6642985343933105,-3.9666078090667725,-10.177886962890625,-2.97068190574646,-3.5730905532836914,-0.6477029323577881,2246.9998668388666,0.4502832293510437,0.32295772433280945,0.4093587398529053,0.3305993676185608,0.4070855975151062,0.5363206267356873,0.35413917899131775,0.42066583037376404,0.31619077920913696,0.3796084523200989,0.25358304381370544,0.2575213611125946
pop.00082.wav,data/genres_original/pop/pop.00082.wav,-62.04381561279297,64.23981475830078,29.874727249145508,23.244829177856445,16.247188568115234,7.438479423522949,8.871021270751953,6.4075446128845215,7.394821643829346,3.0163872241973877,1.4878422021865845,2.9757111072540283,1.8600915670394897,0.5432621836662292,-0.33012381196022034,0.813662588596344,1.2980133295059204,1.1867973804473877,0.8605456948280334,0.09585127234458923,3168.3771358678678,0.5785061120986938,0.4059145450592041,0.35519441962242126,0.323124498128891,0.4106521010398865,0.4094836413860321,0.4590708613395691,0.45565351843833923,0.41991886496543884,0.5172794461250305,0.5831737518310547,0.6276223063468933
pop.00083.wav,data/genres_original/pop/pop.00083.wav,-104.4753189086914,86.85540771484375,28.76275062561035,26.635526657104492,8.927456855773926,5.674565315246582,7.759280204772949,0.4663459062576294,6.630064010620117,6.563312530517578,0.37748363614082336,2.1488523483276367,-0.019937993958592415,-0.3627294898033142,1.3109476566314697,1.3177944421768188,1.9381651878356934,1.2264540195465088,-0.12414588779211044,0.8405376076698303,2489.577623717522,0.3337252736091614,0.2910318672657013,0.24712593853473663,0.43192511796951294,0.2792840600013733,0.2822737693786621,0.19827507436275482,0.34563565254211426,0.3166326880455017,0.23180533945560455,0.3662478029727936,0.2532990276813507
pop.00084.wav,data/genres_original/pop/pop.00084.wav,-112.39600372314453,59.759735107421875,14.483948707580566,19.190074920654297,15.127423286437988,-3.211503744125366,6.109609603881836,-6.668193817138672,1.4637218713760376,-1.1876871585845947,-1.2330448627471924,-0.7587417960166931,1.8843271732330322,-0.6907866597175598,-2.299690008163452,-3.4926953315734863,-3.891752004623413,-3.388658285140991,-2.4311671257019043,-2.089298963546753,3262.336283566903,0.45842012763023376,0.4276263415813446,0.5455525517463684,0.36471372842788696,0.326736718416214,0.2692848742008209,0.3391275405883789,0.44131550192832947,0.41015779972076416,0.5241225361824036,0.4091266691684723,0.3940425217151642
pop.00085.wav,data/genres_original/pop/pop.00085.wav,-81.7760009765625,78.6092758178711,-17.260934829711914,24.51177406311035,8.410555839538574,2.144618511199951,5.520015716552734,1.9346678256988525,8.799278259277344,-0.1222967877984047,0.49543994665145874,4.642274379730225,2.3893165588378906,5.508352756500244,0.617430567741394,-1.8081220388412476,2.305687427520752,7.846461772918701,5.010965347290039,-3.3342337608337402,2516.4589514571976,0.35920730233192444,0.39588475227355957,0.5567910671234131,0.36907508969306946,0.40388208627700806,0.379906564950943,0.46614494919776917,0.5862685441970825,0.49190282821655273,0.5583242177963257,0.3857720196247101,0.3727249503135681
pop.00086.wav,data/genres_original/pop/pop.00086.wav,-50.44928741455078,56.416481018066406,12.563282012939453,11.288338661193848,-2.739751100540161,1.3628132343292236,4.539969444274902,-0.9632135629653931,2.289421558380127,2.7384727001190186,-1.9891648292541504,2.5949511528015137,-4.0203375816345215,0.6830960512161255,-1.3967140913009644,3.325117349624634,3.028759002685547,2.6311066150665283,2.0771775245666504,1.3595716953277588,3594.167118271268,0.246433287858963,0.3322696089744568,0.4221934378147125,0.29745152592658997,0.41530266404151917,0.29503798484802246,0.4776352345943451,0.5323264002799988,0.4038284718990326,0.5228776931762695,0.340934693813324,0.3660447299480438
pop.00087.wav,data/genres_original/pop/pop.00087.wav,-47.05376052856445,55.78175735473633,27.61712646484375,19.19342803955078,15.186062812805176,3.1757607460021973,5.627553462982178,1.6121150255203247,4.1483683586120605,1.6211522817611694,-1.587005853652954,-3.0055181980133057,-7.636995315551758,-3.841529369354248,-8.113685607910156,-3.369736909866333,-2.272132635116577,4.503090858459473,1.4371148347854614,-0.3833655118942261,3587.4721810924966,0.25362494587898254,0.32079821825027466,0.5682747960090637,0.3677569031715393,0.30661213397979736,0.2580564320087433,0.35463330149650574,0.5719425678253174,0.3579816222190857,0.34455427527427673,0.26324352622032166,0.260254830121994
pop.00088.wav,data/genres_original/pop/pop.00088.wav,-42.68938064575195,54.88202667236328,17.061819076538086,19.764541625976562,6.852839946746826,2.778190851211548,11.820237159729004,1.2058558464050293,7.93871545791626,1.1382529735565186,-4.071282386779785,0.13736188411712646,-4.236571311950684,-4.456480979919434,-2.5122687816619873,-2.89111590385437,0.6187278032302856,0.8994230628013611,2.3103713989257812,1.926103949546814,3510.9284752203253,0.3662930428981781,0.43760138750076294,0.5712836384773254,0.4446101188659668,0.41625073552131653,0.402395099401474,0.42824864387512207,0.427433580160141,0.3859865069389343,0.5119621753692627,0.40563681721687317,0.38040411472320557
pop.00089.wav,data/genres_original/pop/pop.00089.wav,-47.68193435668945,55.53718948364258,19.178861618041992,24.48296356201172,4.039877891540527,1.5440772771835327,6.966500759124756,-1.046118140220642,3.082869052886963,1.795280933380127,-3.0351192951202393,1.9345393180847168,-4.678551197052002,-2.5212113857269287,-0.8627601861953735,-2.2868993282318115,-1.691514015197754,-3.2324559688568115,2.6129024028778076,1.8930479288101196,3401.2336884828965,0.36995548009872437,0.43096691370010376,0.6150976419448853,0.44911518692970276,0.45393264293670654,0.45747196674346924,0.5236278772354126,0.41709262132644653,0.3586639165878296,0.4569343030452728,0.3673876225948334,0.34524545073509216
pop.00090.wav,data/genres_original/pop/pop.00090.wav,-44.7232551574707,55.05922317504883,27.137184143066406,19.502979278564453,14.696993827819824,3.204047441482544,5.5095295906066895,1.4237080812454224,4.496978759765625,1.3679072856903076,-1.6663120985031128,-3.534416913986206,-7.9148335456848145,-3.532205104827881,-8.198314666748047,-3.392683982849121,-2.6661007404327393,4.283487796783447,1.353115439414978,-0.16799034178256989,3603.429553551326,0.25391528010368347,0.3201730251312256,0.5692786574363708,0.3699415326118469,0.3071746230125427,0.2588754892349243,0.35432395339012146,0.5743261575698853,0.3607598543167114,0.34526345133781433,0.2634778916835785,0.2602612376213074
pop.00091.wav,data/genres_original/pop/pop.00091.wav,-8.40613842010498,42.004878997802734,8.297648429870605,17.97202491760254,14.039093017578125,7.345696926116943,5.725320816040039,-1.8997344970703125,4.603677272796631,2.0709266662597656,-1.0726746320724487,-0.6631826162338257,-2.4345154762268066,-1.4743019342422485,-3.7601752281188965,-1.6542798280715942,-2.376532793045044,0.05215482413768768,-0.9929894804954529,-2.6045355796813965,3696.287748409418,0.43278923630714417,0.4921149015426636,0.3942549526691437,0.42924630641937256,0.35764268040657043,0.40607595443725586,0.5188547968864441,0.41806045174598694,0.4285465478897095,0.3639822006225586,0.43477514386177063,0.41788730025291443
pop.00092.wav,data/genres_original/pop/pop.00092.wav,-25.935340881347656,60.87203598022461,6.0719523429870605,17.717199325561523,5.132510185241699,10.431290626525879,2.450117826461792,4.9244232177734375,8.108928680419922,3.8508591651916504,-0.1861473023891449,7.252810955047607,4.946840286254883,0.9169611930847168,-2.294769287109375,1.552682876586914,0.21936431527137756,1.9272804260253906,2.3685061931610107,5.434199810028076,3271.2458605975758,0.5665589570999146,0.46895161271095276,0.45387935638427734,0.3633883595466614,0.3966710567474365,0.4367150366306305,0.4895079433917999,0.5609159469604492,0.5134158730506897,0.5046778917312622,0.5247161984443665,0.5686628222465515
pop.00093.wav,data/genres_original/pop/pop.00093.wav,-20.228376388549805,57.77345657348633,16.77764892578125,18.24958038330078,8.958151817321777,14.899967193603516,2.669635772705078,3.752622127532959,1.1145035028457642,1.8456721305847168,-5.980838298797607,-3.613755226135254,-3.6554601192474365,0.9081742167472839,-0.4759976863861084,-0.40367451310157776,-4.619456768035889,1.9671379327774048,1.569936990737915,0.5438472628593445,3258.8665238179296,0.6423624753952026,0.4450948238372803,0.4636530578136444,0.4196873605251312,0.3255036175251007,0.3821302354335785,0.32457399368286133,0.4702359735965729,0.35967329144477844,0.31916677951812744,0.379371702671051,0.45136749744415283
pop.00094.wav,data/genres_original/pop/pop.00094.wav,-42.26880645751953,82.17974853515625,-2.2469732761383057,19.91623306274414,13.862177848815918,0.8657801151275635,7.920979976654053,-0.7182552814483643,6.87735652923584,-1.9071584939956665,-4.687560558319092,-3.164193868637085,-2.9416704177856445,3.6025874614715576,-0.07809381932020187,1.5862795114517212,0.8490445613861084,-1.2324398756027222,2.538912534713745,0.7802422642707825,2806.432725529733,0.40033629536628723,0.26117944717407227,0.2842027544975281,0.3710860311985016,0.22010087966918945,0.33733370900154114,0.2066037654876709,0.36284005641937256,0.4069899320602417,0.3177627623081207,0.5383334159851074,0.29041171073913574
pop.00095.wav,data/genres_original/pop/pop.00095.wav,-36.62918472290039,73.0926284790039,39.12303924560547,20.328523635864258,12.493546485900879,2.1519129276275635,11.737693786621094,-2.432415246963501,6.64672327041626,3.182790994644165,-5.380571365356445,-3.14936900138855,-5.775081157684326,-7.682375907897949,-7.605996131896973,-6.843699932098389,-6.105223655700684,-1.567051887512207,2.123518705368042,-1.5718984603881836,3046.1865869262933,0.42566046118736267,0.33311891555786133,0.4307858943939209,0.34950217604637146,0.37253108620643616,0.38702961802482605,0.30696919560432434,0.44093796610832214,0.3673669695854187,0.3640429377555847,0.28442662954330444,0.3260888159275055
pop.00096.wav,data/genres_original/pop/pop.00096.wav,-59.098690032958984,60.998294830322266,27.75064468383789,23.867935180664062,12.298357009887695,7.372222423553467,12.321167945861816,7.151691436767578,13.415489196777344,2.485732078552246,-1.967411756515503,-2.414119243621826,-4.519556999206543,3.469735622406006,2.034987211227417,3.728008508682251,2.497926712036133,1.2848573923110962,3.139601469039917,1.6590123176574707,3126.3938966039664,0.28882136940956116,0.275877445936203,0.3205375671386719,0.32809749245643616,0.32407134771347046,0.443868488073349,0.3912566304206848,0.34348759055137634,0.2636870741844177,0.3507145643234253,0.45917409658432007,0.2904548943042755
pop.00097.wav,data/genres_original/pop/pop.00097.wav,-125.53952026367188,51.196964263916016,38.51710510253906,14.491697311401367,16.2325382232666,4.642958164215088,12.308260917663574,1.1730316877365112,1.724549651145935,9.770825386047363,-2.822416067123413,2.078929901123047,0.8530095815658569,-0.5038498640060425,1.3426533937454224,-0.8620616793632507,0.48488256335258484,4.129414081573486,1.7497429847717285,8.23459243774414,3510.042356894514,0.4463058412075043,0.4241640567779541,0.49133795499801636,0.42175889015197754,0.44022318720817566,0.42211616039276123,0.4063741862773895,0.5062410235404968,0.5425050258636475,0.5932071805000305,0.4770178496837616,0.4323914647102356
pop.00098.wav,data/genres_original/pop/pop.00098.wav,-26.936580657958984,46.71037292480469,8.708178520202637,8.604125022888184,6.086184024810791,12.425230979919434,6.958877086639404,2.5068418979644775,1.1593010425567627,7.257309913635254,-3.1307191848754883,1.2537662982940674,3.838254928588867,4.690353870391846,1.713788628578186,-0.9803975224494934,-1.3044108152389526,-2.6919031143188477,-1.2717872858047485,-2.4849612712860107,3634.106563927481,0.4864714443683624,0.36533066630363464,0.4204575717449188,0.39427804946899414,0.427432656288147,0.27212849259376526,0.30018478631973267,0.4170268476009369,0.38852402567863464,0.4603981077671051,0.38224196434020996,0.47761908173561096
pop.00099.wav,data/genres_original/pop/pop.00099.wav,-119.3464584350586,85.94366455078125,33.88693618774414,9.992517471313477,17.7014102935791,0.5190524458885193,9.565488815307617,-5.299008846282959,4.170094013214111,8.1222505569458,-7.977634429931641,1.5659164190292358,-2.933183193206787,-1.6069087982177734,-0.1992257684469223,-2.4307656288146973,1.2062729597091675,5.846440315246582,1.6082756519317627,7.583360195159912,2765.6481348893653,0.3551453649997711,0.3867628872394562,0.2812892198562622,0.3097571134567261,0.41917914152145386,0.29303568601608276,0.3584457039833069,0.33452603220939636,0.4340888261795044,0.3701815903186798,0.33766838908195496,0.44631287455558777
reggae.00000.wav,data/genres_original/reggae/reggae.00000.wav,-159.47621154785156,104.84811401367188,-10.300141334533691,34.65602493286133,-4.966625690460205,26.805261611938477,-21.953397750854492,23.45207977294922,-14.029751777648926,19.586172103881836,-8.298797607421875,9.717496871948242,-10.065848350524902,1.4203498363494873,-6.5029802322387695,1.0738475322723389,-9.211350440979004,3.2851343154907227,-0.7643051147460938,3.762075424194336,2133.43713267984,0.25256770849227905,0.4453451931476593,0.3240865170955658,0.24812543392181396,0.41225290298461914,0.3713623881340027,0.42026644945144653,0.27146947383880615,0.301139771938324,0.3841903805732727,0.26588740944862366,0.24984696507453918
reggae.00001.wav,data/genres_original/reggae/reggae.00001.wav,-190.9176483154297,127.40975952148438,-3.7634360790252686,26.714157104492188,-12.804945945739746,23.93682861328125,-8.225950241088867,9.973000526428223,-12.233065605163574,13.443710327148438,-7.079029560089111,1.6518679857254028,-14.517784118652344,-3.2188618183135986,-10.451732635498047,-3.4889721870422363,-9.745508193969727,-3.9056642055511475,-7.649684429168701,-3.5429680347442627,1638.967412134596,0.39157265424728394,0.5065359473228455,0.25148820877075195,0.18526796996593475,0.22217205166816711,0.4464697539806366,0.39248204231262207,0.3986361026763916,0.5794607400894165,0.3094603717327118,0.2729947865009308,0.23159608244895935
reggae.00002.wav,data/genres_original/reggae/reggae.00002.wav,-189.03761291503906,110.84746551513672,2.9524734020233154,48.38526916503906,-6.4148850440979,20.739728927612305,-12.550728797912598,15.891009330749512,-13.61220932006836,9.4290132522583,-8.036864280700684,8.0992431640625,-10.633535385131836,-2.5423479080200195,-4.7125725746154785,-1.0250482559204102,-3.2118282318115234,2.693958044052124,-3.986368179321289,2.8767800331115723,1797.298466871339,0.3842521905899048,0.37568333745002747,0.4457976520061493,0.34911108016967773,0.44443079829216003,0.3980024456977844,0.4717327058315277,0.3646318316459656,0.24933995306491852,0.2322988361120224,0.3047313094139099,0.5221444368362427
reggae.00003.wav,data/genres_original/reggae/reggae.00003.wav,-201.1463623046875,104.1486587524414,-15.473288536071777,30.804384231567383,14.2523193359375,31.42222023010254,-7.867554664611816,17.963144302368164,-4.055997848510742,16.943933486938477,-11.217153549194336,12.121105194091797,-5.287184238433838,-0.6866937875747681,-1.3800296783447266,3.932361602783203,-5.861717700958252,1.042813777923584,-2.9809184074401855,-1.365169882774353,1924.062787400072,0.3108288645744324,0.4644469618797302,0.42066720128059387,0.3622036278247833,0.5141996145248413,0.4249354898929596,0.3803028464317322,0.2760724723339081,0.34036505222320557,0.4797166883945465,0.3665626347064972,0.3558190166950226
reggae.00004.wav,data/genres_original/reggae/reggae.00004.wav,-175.6417236328125,104.89667510986328,-15.691055297851562,27.549057006835938,-8.112590789794922,24.01068115234375,-10.33552360534668,18.850736618041992,-8.387435913085938,11.847502708435059,-7.593304634094238,12.554908752441406,-6.044675350189209,2.4995791912078857,1.9082947969436646,7.143781661987305,-3.3788836002349854,12.449427604675293,-3.339353084564209,0.7524492740631104,2009.3766964303297,0.3542003929615021,0.4860823452472687,0.33200252056121826,0.2905470132827759,0.4102308452129364,0.3680569529533386,0.41597145795822144,0.3793030381202698,0.4880131185054779,0.5612694025039673,0.391094446182251,0.345624178647995
reggae.00005.wav,data/genres_original/reggae/reggae.00005.wav,-176.69528198242188,116.83858489990234,-21.323230743408203,38.7664909362793,-5.471617221832275,26.622394561767578,-8.185519218444824,15.7808837890625,-10.489776611328125,11.041742324829102,-10.061266899108887,9.915602684020996,-3.2601375579833984,2.8171865940093994,-2.535846710205078,-1.4068655967712402,-9.888323783874512,3.0774340629577637,-0.2820027470588684,1.9877510070800781,1798.6538836861723,0.467070072889328,0.37545743584632874,0.40642809867858887,0.48739632964134216,0.3857366144657135,0.34364932775497437,0.3530868887901306,0.48682206869125366,0.25760936737060547,0.20953090488910675,0.2823948264122009,0.32016798853874207
reggae.00006.wav,data/genres_original/reggae/reggae.00006.wav,-207.34693908691406,134.6690673828125,-9.07204818725586,38.46156311035156,6.294409275054932,22.612712860107422,-8.297776222229004,16.307374954223633,-8.460721015930176,4.160747528076172,-4.351007461547852,6.347872257232666,-6.902563095092773,0.9577744603157043,-0.9435592889785767,-2.533496856689453,-6.108426570892334,2.4835779666900635,-6.168631076812744,-4.584958076477051,1418.2807056387023,0.33880364894866943,0.5047712922096252,0.4315042793750763,0.32439249753952026,0.3742751479148865,0.25296953320503235,0.2685193121433258,0.22439773380756378,0.3561892807483673,0.41326451301574707,0.288776695728302,0.33133089542388916
reggae.00007.wav,data/genres_original/reggae/reggae.00007.wav,-192.26953125,116.49671173095703,-10.948330879211426,29.89508056640625,-0.6437013149261475,21.41599464416504,-11.890397071838379,18.631174087524414,-13.07237434387207,14.453670501708984,-7.383002281188965,4.824286937713623,-2.811898708343506,3.1115596294403076,-1.6245090961456299,-2.396256923675537,-6.515826225280762,-1.4116216897964478,-5.534719467163086,-2.5470504760742188,1754.296876028464,0.41210314631462097,0.3584343492984772,0.47031906247138977,0.4128679633140564,0.3529890179634094,0.47796711325645447,0.347267210483551,0.3034397065639496,0.2860824763774872,0.3497260808944702,0.48087888956069946,0.3799242079257965
reggae.00008.wav,data/genres_original/reggae/reggae.00008.wav,-194.5945281982422,118.5517349243164,-6.4070844650268555,40.793235778808594,-3.2897918224334717,25.464677810668945,-9.30526351928711,11.397985458374023,-6.148848056793213,15.341208457946777,-5.157905101776123,5.756853103637695,-6.286323070526123,5.865662097930908,-2.801506519317627,2.584372043609619,-4.748821258544922,4.527493476867676,-3.1933510303497314,-0.32050618529319763,1691.9918927541435,0.3597656190395355,0.4164678752422333,0.5447908639907837,0.41967618465423584,0.28389063477516174,0.29313743114471436,0.33239519596099854,0.4293961524963379,0.290360689163208,0.3550524413585663,0.38071027398109436,0.31922563910484314
reggae.00009.wav,data/genres_original/reggae/reggae.00009.wav,-232.59304809570312,131.23956298828125,2.662844181060791,18.39238929748535,11.315529823303223,22.940380096435547,-10.487953186035156,16.76371192932129,-15.250353813171387,15.543020248413086,-8.380156517028809,8.02341365814209,-3.781104803085327,3.1112136840820312,-1.4120811223983765,3.260343551635742,-4.105790138244629,2.9342403411865234,0.3832843005657196,0.012208330444991589,1609.7558037303513,0.5171130895614624,0.44506534934043884,0.3560585677623749,0.41752925515174866,0.3041241765022278,0.2789576053619385,0.23927070200443268,0.38553690910339355,0.48202013969421387,0.4087476134300232,0.3855474293231964,0.37587812542915344
reggae.00010.wav,data/genres_original/reggae/reggae.00010.wav,-233.6129608154297,87.49833679199219,-22.208412170410156,52.04625701904297,-8.596835136413574,24.979408264160156,-18.240001678466797,1.8987326622009277,-9.137018203735352,-0.22734755277633667,-17.065608978271484,-3.01774263381958,-9.790681838989258,-8.7866849899292,-7.723597049713135,-2.1792309284210205,-13.649117469787598,-6.486291885375977,-9.148553848266602,-12.729435920715332,2149.7748681954477,0.31722527742385864,0.2868148386478424,0.38844236731529236,0.2770605981349945,0.2362482100725174,0.1764679253101349,0.20828603208065033,0.38681864738464355,0.30192750692367554,0.3273068964481354,0.26467639207839966,0.3680382966995239
reggae.00011.wav,data/genres_original/reggae/reggae.00011.wav,-198.6328125,102.41358184814453,-10.031448364257812,30.802383422851562,-3.310605049133301,20.27692413330078,-5.637372016906738,28.095630645751953,-11.512123107910156,18.202064514160156,-7.365781784057617,12.278468132019043,-4.360509395599365,11.402966499328613,-3.469468832015991,2.0161306858062744,-6.987337112426758,1.1139202117919922,-1.4947569370269775,1.9552050828933716,1995.6005146508544,0.47123241424560547,0.40669652819633484,0.5340388417243958,0.4532310664653778,0.47999879717826843,0.3231111168861389,0.3676733672618866,0.3795187175273895,0.3330686688423157,0.38590380549430847,0.39720454812049866,0.49033626914024353
reggae.00012.wav,data/genres_original/reggae/reggae.00012.wav,-191.1717529296875,96.34013366699219,-17.65699005126953,24.87245750427246,-0.8780669569969177,26.344680786132812,-12.918911933898926,19.642457962036133,-9.785496711730957,16.9770565032959,-8.600343704223633,11.421407699584961,-8.215001106262207,5.967794895172119,-1.8638280630111694,5.96027135848999,-8.060111045837402,3.399160861968994,-2.63183856010437,-0.7988754510879517,2300.0529187574825,0.4454346299171448,0.38561105728149414,0.3483833074569702,0.36160731315612793,0.49306848645210266,0.3948524594306946,0.3660376965999603,0.4975603520870209,0.5014934539794922,0.5755542516708374,0.38978198170661926,0.3690098524093628
reggae.00013.wav,data/genres_original/reggae/reggae.00013.wav,-206.4923553466797,122.64485931396484,-0.6156072020530701,29.371662139892578,10.252776145935059,28.223461151123047,-9.921396255493164,13.379462242126465,-8.442611694335938,11.284241676330566,-7.274707317352295,7.082518100738525,-10.333574295043945,1.9441683292388916,-6.532225131988525,-0.21489131450653076,-7.540655136108398,0.41365575790405273,-1.6585841178894043,-0.1671602725982666,1606.560170615663,0.3152131140232086,0.38622304797172546,0.5013998746871948,0.3810633718967438,0.4076848328113556,0.3861490488052368,0.4424033761024475,0.3153112232685089,0.2830038070678711,0.3071693778038025,0.280199259519577,0.34028980135917664
reggae.00014.wav,data/genres_original/reggae/reggae.00014.wav,-209.72825622558594,105.23511505126953,2.597107172012329,34.90691375732422,15.330767631530762,25.211894989013672,-6.0549397468566895,18.22258186340332,-5.076516628265381,8.924583435058594,-0.996709406375885,8.245265007019043,-4.022233486175537,4.729954719543457,-1.0536164045333862,3.0564932823181152,-4.59258508682251,4.248056888580322,-2.115654945373535,-3.6582190990448,1716.11172259999,0.41001471877098083,0.3351539671421051,0.35355257987976074,0.346198171377182,0.42625361680984497,0.3285123109817505,0.30485790967941284,0.39081618189811707,0.468425989151001,0.5931296348571777,0.41216227412223816,0.37080270051956177
reggae.00015.wav,data/genres_original/reggae/reggae.00015.wav,-157.72598266601562,109.83527374267578,8.463051795959473,41.79172134399414,5.113611221313477,25.76081085205078,-12.964585304260254,22.066957473754883,-15.514668464660645,14.372679710388184,-11.921096801757812,11.6021146774292,-10.62617015838623,4.125747203826904,-4.051509857177734,3.4704785346984863,-8.407583236694336,1.7806460857391357,-5.242627143859863,-1.4668246507644653,1923.7123234958624,0.32888224720954895,0.34555649757385254,0.4472070038318634,0.4185062646865845,0.3290199935436249,0.414873331785202,0.3091354966163635,0.32116055488586426,0.28525373339653015,0.3016255497932434,0.44830122590065,0.3541204333305359
reggae.00016.wav,data/genres_original/reggae/reggae.00016.wav,-76.04833221435547,101.1271743774414,-11.631933212280273,46.23291778564453,-11.216928482055664,31.394113540649414,-9.462058067321777,22.460752487182617,-16.815593719482422,15.975831985473633,-9.508243560791016,11.81232738494873,-7.845017433166504,9.720803260803223,-7.247490406036377,6.174860000610352,-8.610061645507812,8.070505142211914,-5.585202217102051,3.733009099960327,2118.326028871004,0.4721774160861969,0.48104649782180786,0.5101519823074341,0.3870217800140381,0.40975815057754517,0.363350510597229,0.419807493686676,0.2889252007007599,0.32970353960990906,0.37497478723526,0.39419928193092346,0.6031354665756226
reggae.00017.wav,data/genres_original/reggae/reggae.00017.wav,-154.87811279296875,110.04191589355469,-18.44485092163086,36.64432907104492,0.5231620669364929,31.58628273010254,-10.428804397583008,18.8109073638916,-7.1827802658081055,13.130121231079102,-5.251165390014648,8.890392303466797,-6.718357563018799,6.009430408477783,-2.8002779483795166,3.637411594390869,-2.2208917140960693,5.303638935089111,-6.580043315887451,-2.934986114501953,1803.5661063308744,0.41193434596061707,0.44357559084892273,0.3665453791618347,0.30407172441482544,0.41278907656669617,0.35661160945892334,0.4717172086238861,0.4103873670101166,0.4619070589542389,0.5120477080345154,0.4625423550605774,0.49729758501052856
reggae.00018.wav,data/genres_original/reggae/reggae.00018.wav,-170.9219207763672,107.74945831298828,-1.7545479536056519,46.44015884399414,-0.19604302942752838,24.94603157043457,-10.681294441223145,18.073284149169922,-10.796635627746582,11.152104377746582,-7.252450466156006,6.203105926513672,-6.464094161987305,2.046370506286621,-2.4408726692199707,2.5579044818878174,-4.0423407554626465,0.7938106656074524,-3.756037473678589,-1.6679445505142212,1907.3818844890318,0.4150965213775635,0.362346887588501,0.4175528287887573,0.39491185545921326,0.44175106287002563,0.4119851887226105,0.3176155388355255,0.3130064308643341,0.33285874128341675,0.529514729976654,0.42128533124923706,0.3771117925643921
reggae.00019.wav,data/genres_original/reggae/reggae.00019.wav,-184.5159454345703,106.18036651611328,4.020249843597412,38.737701416015625,8.408315658569336,30.45932960510254,-3.3555877208709717,20.299545288085938,-1.5513790845870972,15.9221773147583,-6.521013259887695,13.197273254394531,-1.7158331871032715,6.85284423828125,-3.2387490272521973,1.8637653589248657,-6.04903507232666,3.513502597808838,-7.414121627807617,-1.743458867073059,1754.5284525268162,0.44407323002815247,0.48680800199508667,0.38907334208488464,0.2838212847709656,0.29641464352607727,0.3843345642089844,0.3290448784828186,0.31055331230163574,0.3935070037841797,0.4124046862125397,0.4929628074169159,0.5036234855651855
reggae.00020.wav,data/genres_original/reggae/reggae.00020.wav,-177.68386840820312,113.61753845214844,2.3168962001800537,35.842811584472656,1.594760537147522,34.69797897338867,-8.755846977233887,16.296051025390625,-9.335257530212402,14.17569637298584,-2.073436975479126,13.142419815063477,-7.247560024261475,3.5860135555267334,-0.5792319178581238,4.835951805114746,-3.5922865867614746,3.772934913635254,-4.312045574188232,-1.1142014265060425,1637.926368499015,0.3324557840824127,0.3344399034976959,0.5401887893676758,0.4344399869441986,0.4175761342048645,0.33077532052993774,0.3442007601261139,0.3941505253314972,0.31446605920791626,0.31715527176856995,0.3038044571876526,0.3875522315502167
reggae.00021.wav,data/genres_original/reggae/reggae.00021.wav,-88.09089660644531,109.4167251586914,-25.173023223876953,40.403038024902344,-8.781221389770508,24.709510803222656,-11.53756332397461,18.49916648864746,-8.295319557189941,17.03020668029785,-8.444005012512207,9.802778244018555,-12.900768280029297,1.5720189809799194,-10.528800964355469,-0.43553411960601807,-7.793017864227295,3.444688558578491,-4.9788007736206055,0.058965571224689484,2007.3726579716629,0.38086509704589844,0.35730379819869995,0.4653241038322449,0.3827892243862152,0.40719056129455566,0.39690491557121277,0.43957236409187317,0.49959468841552734,0.3683726191520691,0.3574076294898987,0.2841038405895233,0.3410273790359497
reggae.00022.wav,data/genres_original/reggae/reggae.00022.wav,-91.33978271484375,98.83060455322266,-23.198654174804688,46.87973403930664,-6.857407569885254,29.266342163085938,-9.967305183410645,25.659387588500977,-10.211893081665039,19.611228942871094,-8.218379020690918,13.4072265625,-6.49976110458374,14.019779205322266,0.41123566031455994,12.581326484680176,0.3452072739601135,10.107011795043945,-0.4318869411945343,1.2852140665054321,2059.358899258583,0.45943528413772583,0.5348799228668213,0.469776451587677,0.4153938293457031,0.45319265127182007,0.4031255841255188,0.3855864703655243,0.37312552332878113,0.4566335678100586,0.555049479007721,0.4712411165237427,0.4876883327960968
reggae.00023.wav,data/genres_original/reggae/reggae.00023.wav,-161.81602478027344,78.71281433105469,-19.275562286376953,55.1133918762207,13.201414108276367,30.957822799682617,-7.024674892425537,24.269943237304688,-12.833858489990234,21.512706756591797,-13.528580665588379,12.772055625915527,-7.446732044219971,12.76699447631836,-3.3348731994628906,9.13467025756836,-7.752735614776611,0.6410753726959229,-4.095521926879883,0.5013713836669922,2354.2710703063417,0.31991732120513916,0.3648732304573059,0.41507095098495483,0.4991585314273834,0.3587309420108795,0.3799368739128113,0.45269402861595154,0.4003503620624542,0.4542106091976166,0.5083172917366028,0.5626212954521179,0.42584824562072754
reggae.00024.wav,data/genres_original/reggae/reggae.00024.wav,-169.24366760253906,110.44771575927734,-8.553953170776367,43.8986930847168,0.266457200050354,26.646509170532227,-14.365671157836914,13.026834487915039,-11.14289379119873,8.144698143005371,-7.690254211425781,10.909967422485352,-8.172385215759277,2.8046364784240723,-6.414231777191162,1.1023621559143066,-4.261434078216553,4.327075481414795,-3.4582467079162598,1.2084918022155762,1811.3582154873116,0.41218939423561096,0.33338800072669983,0.38963598012924194,0.37034887075424194,0.30893683433532715,0.3867632746696472,0.2883259356021881,0.3293348252773285,0.24285893142223358,0.2975168824195862,0.4228138029575348,0.4019453823566437
reggae.00025.wav,data/genres_original/reggae/reggae.00025.wav,-177.34092712402344,110.98352813720703,-15.655527114868164,36.77762985229492,0.0612199641764164,24.468961715698242,-3.767886161804199,18.42662239074707,-3.372751235961914,13.775833129882812,-2.1070568561553955,8.593648910522461,-5.945119380950928,2.901697874069214,-5.276311874389648,-3.0622100830078125,-6.204488754272461,2.0515823364257812,-0.9910089373588562,2.3013546466827393,1709.0354342543874,0.3645665645599365,0.2994631826877594,0.4170355498790741,0.3663278818130493,0.4443192183971405,0.3818957805633545,0.3242350220680237,0.42623987793922424,0.3665162920951843,0.33390381932258606,0.2715086340904236,0.3538578748703003
reggae.00026.wav,data/genres_original/reggae/reggae.00026.wav,-171.674560546875,99.35704040527344,-8.266289710998535,49.60402297973633,1.0877655744552612,31.122861862182617,-7.134889602661133,15.888199806213379,-1.365409016609192,12.733199119567871,-5.199899673461914,11.809978485107422,-5.325465679168701,3.167010545730591,-6.69428014755249,0.026681233197450638,-7.726802825927734,6.6970086097717285,-3.7591054439544678,-1.792830467224121,1840.8054757537875,0.39167654514312744,0.3856571614742279,0.41640251874923706,0.37030068039894104,0.4736364483833313,0.42309337854385376,0.46514660120010376,0.40625301003456116,0.2969509959220886,0.31331828236579895,0.36178290843963623,0.528366208076477
reggae.00027.wav,data/genres_original/reggae/reggae.00027.wav,-177.6134033203125,89.95230865478516,4.605283737182617,40.16279220581055,0.167082279920578,23.18253517150879,-9.905035018920898,12.76270866394043,-7.30821418762207,18.73248291015625,-5.735255718231201,6.114345073699951,-9.921317100524902,0.27476826310157776,-8.23163890838623,3.8664116859436035,-6.866093158721924,2.1783080101013184,-2.355292320251465,1.8247565031051636,2086.531502835946,0.4779182970523834,0.39063990116119385,0.35971999168395996,0.3308039903640747,0.45201072096824646,0.457935631275177,0.3898793160915375,0.46297910809516907,0.3791350722312927,0.34752747416496277,0.3500154912471771,0.44624319672584534
reggae.00028.wav,data/genres_original/reggae/reggae.00028.wav,-256.3182678222656,104.26260375976562,-7.273193359375,56.24643325805664,11.097319602966309,27.300397872924805,5.81908655166626,17.78363800048828,-1.2736726999282837,14.663481712341309,-3.4646592140197754,10.8682279586792,-2.461491823196411,1.5637305974960327,-3.7310216426849365,-1.359602451324463,-4.205596446990967,1.3962825536727905,-0.27640536427497864,-1.6045076847076416,1640.0485302065745,0.43347111344337463,0.5000924468040466,0.45309680700302124,0.5050255656242371,0.4726715087890625,0.46932294964790344,0.4734709560871124,0.5165932178497314,0.6500253081321716,0.5153452157974243,0.4634716510772705,0.39506781101226807
reggae.00029.wav,data/genres_original/reggae/reggae.00029.wav,-202.02220153808594,111.09486389160156,8.876883506774902,51.826438903808594,1.2931902408599854,30.04319190979004,-4.50888729095459,22.452713012695312,-7.146484375,11.500767707824707,-4.760855674743652,10.600744247436523,-2.6392014026641846,9.013604164123535,-4.359335899353027,-0.0414532870054245,-4.326356887817383,0.6534737348556519,-3.7452354431152344,-6.195464611053467,1585.601293881055,0.6393967270851135,0.46119415760040283,0.3429664075374603,0.3237360715866089,0.38663050532341003,0.5532272458076477,0.5321329236030579,0.46310949325561523,0.3164330720901489,0.27757003903388977,0.3727089762687683,0.4778049886226654
reggae.00030.wav,data/genres_original/reggae/reggae.00030.wav,-239.17886352539062,98.96217346191406,19.201757431030273,50.79389953613281,2.838994264602661,32.244686126708984,-1.501523494720459,16.73233413696289,-7.452122688293457,16.716907501220703,1.497065544128418,16.056480407714844,2.802706480026245,5.937703609466553,-6.308283805847168,-1.0379031896591187,-6.3440423011779785,2.1457443237304688,-6.640422344207764,-5.261346340179443,1814.19900091257,0.4074721336364746,0.5507622361183167,0.6696822047233582,0.6248344779014587,0.5564592480659485,0.39994704723358154,0.3759680688381195,0.4168383777141571,0.47267258167266846,0.5537634491920471,0.4280484914779663,0.3952416181564331
reggae.00031.wav,data/genres_original/reggae/reggae.00031.wav,-226.4188232421875,103.35994720458984,0.16650371253490448,43.97385787963867,10.650591850280762,35.2100715637207,8.44485855102539,21.14563751220703,-3.2926619052886963,15.537869453430176,-3.0108563899993896,11.102892875671387,1.77728271484375,10.621121406555176,-5.756462097167969,-0.9837623834609985,-4.132328987121582,0.6594136953353882,-3.791853189468384,-0.5790860652923584,1578.9797524821934,0.6486737132072449,0.5210391879081726,0.5430952906608582,0.3971664011478424,0.41564837098121643,0.3966955840587616,0.5039321780204773,0.601851761341095,0.44011011719703674,0.3849576711654663,0.39853593707084656,0.6333245038986206
reggae.00032.wav,data/genres_original/reggae/reggae.00032.wav,-243.80943298339844,123.34759521484375,-15.570883750915527,38.88397216796875,6.48719596862793,25.511734008789062,3.036346435546875,17.175439834594727,-0.2126917839050293,8.983329772949219,-2.4875240325927734,6.761612892150879,-3.4531960487365723,3.256067991256714,-3.4338741302490234,-0.4797564148902893,-2.534822702407837,-1.8623359203338623,-4.965519428253174,-2.718235492706299,1510.806650097002,0.4302958548069,0.43727606534957886,0.6469225883483887,0.4767509400844574,0.49253132939338684,0.5223602056503296,0.4190196692943573,0.4257042109966278,0.4895646274089813,0.6110975742340088,0.5006531476974487,0.39137113094329834
reggae.00033.wav,data/genres_original/reggae/reggae.00033.wav,-249.427734375,111.49365234375,11.282428741455078,41.32826614379883,-2.8851287364959717,34.55427551269531,0.4236468970775604,22.34600067138672,-9.96639633178711,10.208382606506348,-2.8217599391937256,8.728780746459961,-1.4477797746658325,2.269256591796875,-3.8882205486297607,-1.854962944984436,-0.84235680103302,-0.9373947381973267,-3.169790029525757,-4.326778888702393,1615.9036118108686,0.42623797059059143,0.4204835295677185,0.49540725350379944,0.6315099000930786,0.5036258101463318,0.43656301498413086,0.3274916708469391,0.4230363070964813,0.42010805010795593,0.3761679232120514,0.4825882613658905,0.417443186044693
reggae.00034.wav,data/genres_original/reggae/reggae.00034.wav,-238.86949157714844,132.3236541748047,-0.12488529831171036,41.23384475708008,2.4230246543884277,19.09339714050293,7.968857288360596,19.944677352905273,-0.6315816640853882,11.098159790039062,-1.719539999961853,9.940312385559082,3.0247080326080322,2.210292100906372,-7.8496413230896,-3.9856932163238525,-4.91995906829834,-2.150660514831543,-2.4111883640289307,0.05067984759807587,1291.4824551695663,0.5476495027542114,0.4599873125553131,0.5593904852867126,0.543881893157959,0.4765092134475708,0.49768131971359253,0.46996232867240906,0.5399273633956909,0.4636988341808319,0.34928739070892334,0.3242446184158325,0.41480275988578796
reggae.00035.wav,data/genres_original/reggae/reggae.00035.wav,-223.3667755126953,114.21255493164062,-4.424648284912109,40.1878662109375,-5.098536968231201,24.676881790161133,0.7235731482505798,17.04950523376465,-2.3657610416412354,11.154623031616211,-3.084627151489258,6.12969970703125,-5.687175273895264,3.5125508308410645,-5.481879711151123,0.03166784346103668,-4.844579696655273,-0.7003849148750305,-3.6393680572509766,-2.8057823181152344,1699.8353933233093,0.49243617057800293,0.5516668558120728,0.7256728410720825,0.46037083864212036,0.383137583732605,0.45912525057792664,0.4582226276397705,0.44796696305274963,0.34098273515701294,0.39410340785980225,0.37726765871047974,0.4115270972251892
reggae.00036.wav,data/genres_original/reggae/reggae.00036.wav,-236.62388610839844,91.68299865722656,1.8581253290176392,45.465084075927734,1.2693533897399902,32.2591438293457,9.054459571838379,19.60755157470703,-5.063745021820068,10.957539558410645,-4.013186931610107,7.537910461425781,-0.3325832486152649,5.808462142944336,-1.8194470405578613,5.380284309387207,0.28315627574920654,5.0203537940979,-0.33738112449645996,-0.8484343886375427,1811.5147924120351,0.4772007167339325,0.5198512077331543,0.3876957893371582,0.3120037317276001,0.348709374666214,0.4323418140411377,0.696505069732666,0.49922868609428406,0.3470751643180847,0.4236694872379303,0.3312024772167206,0.4390273094177246
reggae.00037.wav,data/genres_original/reggae/reggae.00037.wav,-242.55130004882812,98.30878448486328,-3.820775032043457,46.03242492675781,3.286849021911621,29.200767517089844,8.86310863494873,26.982608795166016,4.722848892211914,13.119674682617188,-0.6375578045845032,12.055010795593262,3.004190683364868,10.169961929321289,-3.2666876316070557,2.036472797393799,-3.544639825820923,0.9496662020683289,-6.313107013702393,-2.8599467277526855,1709.714456389325,0.5244979858398438,0.5157548189163208,0.5782681107521057,0.5338482856750488,0.5179996490478516,0.4275263249874115,0.42910775542259216,0.46869316697120667,0.5621076822280884,0.5804927349090576,0.5396137833595276,0.5349420309066772
reggae.00038.wav,data/genres_original/reggae/reggae.00038.wav,-240.00929260253906,108.75552368164062,-8.202251434326172,32.19762420654297,-8.816145896911621,18.64066505432129,-4.701398849487305,15.518404960632324,-3.718201160430908,14.536970138549805,-4.792444229125977,6.403631687164307,-2.9500229358673096,2.4401051998138428,-7.110957145690918,-0.15518920123577118,-3.142158269882202,-1.544528603553772,-3.737415075302124,-0.8148627877235413,1701.103192532159,0.24536386132240295,0.26084280014038086,0.2672424912452698,0.3540261685848236,0.47562694549560547,0.44919559359550476,0.5275343060493469,0.5043573379516602,0.4926413893699646,0.3441547751426697,0.26200997829437256,0.30307912826538086
reggae.00039.wav,data/genres_original/reggae/reggae.00039.wav,-300.3550720214844,99.2526626586914,52.999855041503906,43.22673797607422,18.883028030395508,24.848493576049805,-7.955609321594238,22.175865173339844,1.782675862312317,24.79425811767578,8.393654823303223,20.713449478149414,2.8040096759796143,9.560832977294922,1.1138277053833008,5.903199672698975,1.1138880252838135,4.182937145233154,-2.2141096591949463,-2.0283021926879883,1312.7373064527953,0.546962559223175,0.5941520929336548,0.5060840845108032,0.49199339747428894,0.467709481716156,0.48070430755615234,0.5270209312438965,0.5221423506736755,0.487299382686615,0.5172216296195984,0.4557552635669708,0.49193277955055237
reggae.00040.wav,data/genres_original/reggae/reggae.00040.wav,-296.0808410644531,93.19380950927734,-31.427438735961914,29.488937377929688,-18.940149307250977,1.9491971731185913,-19.498470306396484,-6.245118618011475,-24.019805908203125,-7.098769664764404,-14.191152572631836,3.270880937576294,-10.612778663635254,-2.7966275215148926,-10.806493759155273,-6.708711624145508,-8.496007919311523,-3.131763219833374,-7.059975624084473,-4.760056495666504,2031.8882309842427,0.19715987145900726,0.2787944972515106,0.355170339345932,0.3662525713443756,0.3379473388195038,0.3220326900482178,0.3978651165962219,0.3970670998096466,0.1940019428730011,0.2714395821094513,0.25642186403274536,0.2572328746318817
reggae.00041.wav,data/genres_original/reggae/reggae.00041.wav,-177.2906036376953,89.63706970214844,9.614039421081543,65.46782684326172,-1.0167571306228638,15.51467227935791,8.010462760925293,16.342636108398438,0.26795142889022827,2.644517660140991,2.89616060256958,0.6422157883644104,2.5766916275024414,2.810242176055908,-0.4553273320198059,2.526275396347046,-1.4070920944213867,-1.6532325744628906,1.2065385580062866,-1.8943055868148804,1931.4896901504014,0.39324668049812317,0.32587718963623047,0.35230985283851624,0.29909923672676086,0.31550195813179016,0.41393807530403137,0.2834181487560272,0.2594180405139923,0.3095923066139221,0.4487062394618988,0.6393035054206848,0.44285526871681213
reggae.00042.wav,data/genres_original/reggae/reggae.00042.wav,-174.81072998046875,79.2930679321289,-24.333023071289062,17.978055953979492,24.47028350830078,15.726946830749512,7.472576141357422,4.225912094116211,3.9170730113983154,4.8066630363464355,2.760657548904419,1.7235027551651,-2.3440122604370117,-1.6011022329330444,-4.455368995666504,-0.3727380037307739,-2.4354052543640137,1.4890797138214111,-0.32870978116989136,-3.6642167568206787,2480.8459326909738,0.4608689546585083,0.46764102578163147,0.4843998849391937,0.41102513670921326,0.42803189158439636,0.31342142820358276,0.4381657540798187,0.46306225657463074,0.4152982831001282,0.5072864294052124,0.40025731921195984,0.41146528720855713
reggae.00043.wav,data/genres_original/reggae/reggae.00043.wav,-164.68898010253906,142.69796752929688,-41.4739875793457,41.2348518371582,16.1884708404541,-5.570959091186523,7.642460823059082,5.620356559753418,0.8028853535652161,-10.477526664733887,-2.3480632305145264,-0.4949835538864136,-3.0664119720458984,-0.6133682727813721,1.134550929069519,0.7280752658843994,1.0431112051010132,1.9845237731933594,3.4986023902893066,5.307884216308594,1484.7434261821936,0.6158989667892456,0.24773193895816803,0.22496703267097473,0.2672116160392761,0.49285799264907837,0.43105435371398926,0.32673195004463196,0.48537498712539673,0.22725346684455872,0.22255076467990875,0.14151225984096527,0.3341931402683258
reggae.00044.wav,data/genres_original/reggae/reggae.00044.wav,-104.24897003173828,83.94451141357422,18.881549835205078,28.945411682128906,10.635660171508789,9.320363998413086,9.311715126037598,6.524004936218262,3.0084593296051025,2.496302366256714,2.7950143814086914,-0.20271986722946167,3.10101056098938,-2.2135162353515625,-1.747210144996643,-1.530808448791504,-0.26908624172210693,-0.9262979030609131,-0.9377565383911133,-3.527247667312622,2454.215349177034,0.4204692542552948,0.39634278416633606,0.5057255625724792,0.658204197883606,0.469482421875,0.3827838897705078,0.3414682149887085,0.5063304901123047,0.46561679244041443,0.3820444345474243,0.4793968200683594,0.38345181941986084
reggae.00045.wav,data/genres_original/reggae/reggae.00045.wav,-120.32481384277344,16.383319854736328,25.046579360961914,37.259220123291016,9.280131340026855,13.014446258544922,3.22973370552063,5.9678521156311035,4.083349704742432,1.6961601972579956,1.8896632194519043,2.6729698181152344,2.0346596240997314,-1.7154502868652344,2.103203773498535,3.2449562549591064,-2.076007127761841,2.773261785507202,1.6097710132598877,-4.05014705657959,4283.044762530106,0.48492422699928284,0.44780847430229187,0.4730064868927002,0.4579138457775116,0.5117728114128113,0.5172277688980103,0.37676554918289185,0.400471031665802,0.3490614891052246,0.4739859998226166,0.5454137921333313,0.45253291726112366
reggae.00046.wav,data/genres_original/reggae/reggae.00046.wav,-169.03961181640625,79.50440979003906,15.242740631103516,42.74113464355469,7.687920093536377,17.028827667236328,-5.982693195343018,0.5410266518592834,0.06319963932037354,-0.9479883909225464,0.8362158536911011,-1.5890545845031738,-2.892287015914917,-4.030862808227539,-5.774508476257324,-2.5853257179260254,-6.522956848144531,-6.593554973602295,-2.8414480686187744,-1.201062560081482,2322.2929756125877,0.4127386212348938,0.36190807819366455,0.3193468749523163,0.3800986111164093,0.2803705334663391,0.28547656536102295,0.3203969895839691,0.24224549531936646,0.26313522458076477,0.23725181818008423,0.36434003710746765,0.4243010878562927
reggae.00047.wav,data/genres_original/reggae/reggae.00047.wav,-140.3178253173828,69.63296508789062,-9.986165046691895,52.16775894165039,3.2691404819488525,4.559303283691406,-3.493863344192505,2.9231503009796143,-6.571258068084717,-2.6421220302581787,-1.731411337852478,-6.943737506866455,-5.825411319732666,-2.692915916442871,2.5455925464630127,-1.8138262033462524,-2.1630094051361084,-2.9328246116638184,-1.796203851699829,-2.7112762928009033,2477.9298991117516,0.4092288315296173,0.32146358489990234,0.3706100285053253,0.304791122674942,0.31706467270851135,0.38922297954559326,0.3491213321685791,0.4689880907535553,0.34869858622550964,0.2940269112586975,0.2452419251203537,0.2912624776363373
reggae.00048.wav,data/genres_original/reggae/reggae.00048.wav,-123.73371887207031,66.19564819335938,8.181812286376953,49.759681701660156,8.53877067565918,25.883350372314453,-5.3920440673828125,12.895174980163574,-2.5414345264434814,6.796806812286377,-3.578176498413086,7.636993885040283,-2.055896520614624,4.918354034423828,3.6648848056793213,4.112980842590332,-2.0491461753845215,6.775934219360352,-2.827813148498535,-2.3790359497070312,2673.271677146015,0.31399571895599365,0.3176133632659912,0.437812864780426,0.3090302646160126,0.2665114402770996,0.3908260464668274,0.4306689202785492,0.5720032453536987,0.4737415015697479,0.351787805557251,0.4649890065193176,0.3528771996498108
reggae.00049.wav,data/genres_original/reggae/reggae.00049.wav,-121.49299621582031,89.5781478881836,23.78614616394043,32.7679328918457,8.8570556640625,-2.615966796875,6.627801418304443,1.7668997049331665,-2.951472043991089,-3.099351167678833,-0.6974907517433167,-5.429426670074463,-6.5477986335754395,-4.704497814178467,-3.2821006774902344,-6.46645975112915,-6.659791946411133,-4.415187358856201,-3.1623806953430176,-3.979931354522705,2322.9386798777355,0.499483197927475,0.48454323410987854,0.39455699920654297,0.5199472308158875,0.3833441734313965,0.3101804256439209,0.25226905941963196,0.32626044750213623,0.3850598633289337,0.24721236526966095,0.2925150990486145,0.3399685025215149
reggae.00050.wav,data/genres_original/reggae/reggae.00050.wav,-104.88101959228516,66.38381958007812,-2.305335760116577,24.60627555847168,8.41486644744873,6.770360946655273,1.6772857904434204,5.1811652183532715,1.0552061796188354,2.198810577392578,2.956277370452881,4.582302570343018,4.208453178405762,3.0977349281311035,-1.415737509727478,0.22688987851142883,1.0962344408035278,-2.324596643447876,-2.894322156906128,-2.1844987869262695,2955.9154393104704,0.43752461671829224,0.4772886335849762,0.45192644000053406,0.5553902983665466,0.4656480848789215,0.38294342160224915,0.4616717994213104,0.38561689853668213,0.3913680911064148,0.3450089693069458,0.5314108729362488,0.6384056210517883
reggae.00051.wav,data/genres_original/reggae/reggae.00051.wav,-154.96253967285156,-1.539154291152954,22.388729095458984,30.425212860107422,2.1195714473724365,28.59612274169922,16.995513916015625,13.418903350830078,8.493890762329102,6.48397159576416,9.772992134094238,10.905426025390625,2.174382448196411,1.6381510496139526,6.348547458648682,6.907593727111816,-7.803151607513428,4.69493293762207,3.412506103515625,0.669969916343689,4276.113111170075,0.5586234927177429,0.5016446709632874,0.5311568379402161,0.6004973649978638,0.6099228262901306,0.538089394569397,0.5308555364608765,0.5064060091972351,0.5416743159294128,0.5197791457176208,0.6214149594306946,0.7751628756523132
reggae.00052.wav,data/genres_original/reggae/reggae.00052.wav,-85.3007583618164,60.942710876464844,34.7901496887207,19.804203033447266,16.715721130371094,7.975334167480469,9.312554359436035,11.364072799682617,1.3941993713378906,-0.08794788271188736,6.4077630043029785,3.6292884349823,5.676822185516357,7.217584609985352,-0.8390436768531799,3.2431821823120117,-2.6891913414001465,0.3622746765613556,4.75241756439209,0.3332175612449646,3288.43329145076,0.4459994435310364,0.5754215717315674,0.48884105682373047,0.49576225876808167,0.6396527886390686,0.6644133925437927,0.6325747966766357,0.5150799751281738,0.43690967559814453,0.3883915841579437,0.34744635224342346,0.3961256146430969
reggae.00053.wav,data/genres_original/reggae/reggae.00053.wav,-251.39256286621094,105.85577392578125,2.2200257778167725,32.48439407348633,16.563276290893555,8.290815353393555,10.365557670593262,5.504936695098877,0.8699623346328735,8.355298042297363,-0.6317736506462097,9.898768424987793,-1.8497394323349,4.418548107147217,1.828982949256897,4.2468085289001465,-0.20060068368911743,2.2507565021514893,0.9345551133155823,1.2882606983184814,2004.3538474526456,0.44181305170059204,0.4677782952785492,0.561163067817688,0.5125575065612793,0.5286403894424438,0.47612273693084717,0.38661929965019226,0.41422000527381897,0.41832783818244934,0.5005189180374146,0.4437731206417084,0.4813869595527649
reggae.00054.wav,data/genres_original/reggae/reggae.00054.wav,-182.19390869140625,83.51700592041016,4.8448944091796875,12.691204071044922,30.071645736694336,17.201648712158203,6.103977680206299,7.693451404571533,7.146999835968018,8.88338565826416,-2.1501874923706055,5.713592052459717,1.4522559642791748,-4.9398345947265625,2.9155707359313965,2.189584970474243,-3.2314162254333496,0.7591997981071472,-1.6967705488204956,-0.6337946653366089,2541.9768822749897,0.32212167978286743,0.4741624891757965,0.42607027292251587,0.3758964240550995,0.5229133367538452,0.4270930290222168,0.3784405589103699,0.2779073119163513,0.34829455614089966,0.47731032967567444,0.3674452304840088,0.3578052818775177
reggae.00055.wav,data/genres_original/reggae/reggae.00055.wav,-130.39251708984375,84.2853775024414,29.355722427368164,23.844409942626953,8.287879943847656,13.861769676208496,2.2291078567504883,2.9254555702209473,2.5764942169189453,0.09832198917865753,2.340669631958008,2.746436834335327,3.7561285495758057,3.7823874950408936,2.122605562210083,3.13647723197937,0.161503866314888,2.3938255310058594,-4.115126132965088,-1.7669309377670288,2525.883148548213,0.5476722717285156,0.40563642978668213,0.48235100507736206,0.41131505370140076,0.4096003770828247,0.3301047682762146,0.3675392270088196,0.5016082525253296,0.4523848295211792,0.49151337146759033,0.5041004419326782,0.6398259997367859
reggae.00056.wav,data/genres_original/reggae/reggae.00056.wav,-162.5088348388672,98.48663330078125,-1.6052875518798828,20.811716079711914,12.058052062988281,11.743512153625488,6.093583106994629,4.958358287811279,1.705944299697876,3.0551609992980957,-0.8599134683609009,4.120586395263672,3.4256603717803955,-1.397650122642517,2.2798967361450195,-3.710869550704956,-6.500756740570068,2.5851759910583496,1.410146951675415,2.2299420833587646,2174.1042292536513,0.47388407588005066,0.38110870122909546,0.4124566316604614,0.49634262919425964,0.3943329453468323,0.3481478989124298,0.35503438115119934,0.48838597536087036,0.26386162638664246,0.2158624529838562,0.28708416223526,0.3266458809375763
reggae.00057.wav,data/genres_original/reggae/reggae.00057.wav,-177.292724609375,98.2851791381836,14.708467483520508,21.133085250854492,14.94108772277832,10.18818187713623,4.973140239715576,0.8437906503677368,4.830460548400879,6.869421005249023,3.542900323867798,-0.35623612999916077,0.5778768658638,1.3758777379989624,2.012892484664917,-0.30699244141578674,-1.3682135343551636,2.899634599685669,-0.979465663433075,-0.5216542482376099,2170.729333695411,0.3642396032810211,0.41637301445007324,0.5460060238838196,0.43165072798728943,0.2933102250099182,0.29987066984176636,0.3314031660556793,0.4320315420627594,0.2953304946422577,0.35480430722236633,0.38410964608192444,0.32578954100608826
reggae.00058.wav,data/genres_original/reggae/reggae.00058.wav,-169.340576171875,83.90910339355469,11.203279495239258,12.134803771972656,21.077205657958984,9.5333833694458,0.9363659620285034,2.1945176124572754,0.875665545463562,1.6430134773254395,-0.417658269405365,0.7432360649108887,-4.787158489227295,-1.7297722101211548,-2.093574285507202,-1.4278101921081543,-4.669387340545654,-0.21244703233242035,1.953063726425171,-1.263027548789978,2631.8490363841825,0.3166402578353882,0.3745229244232178,0.48501256108283997,0.39529067277908325,0.4148741364479065,0.3731978237628937,0.46178749203681946,0.3250815272331238,0.2862050533294678,0.3258315622806549,0.3148658871650696,0.3890390396118164
reggae.00059.wav,data/genres_original/reggae/reggae.00059.wav,-93.51581573486328,80.1816635131836,-0.3042792081832886,15.263566017150879,4.34832763671875,9.056693077087402,1.6918389797210693,2.54801869392395,-4.297323226928711,1.0002485513687134,-1.6963752508163452,-2.996873378753662,2.2530195713043213,-2.0940117835998535,0.3257627785205841,-4.3774824142456055,-4.043880462646484,-3.15999174118042,-5.416726589202881,-2.143590211868286,2671.9431591250614,0.4145691990852356,0.3485013544559479,0.4898233711719513,0.3628352880477905,0.3425949513912201,0.46584364771842957,0.3025391399860382,0.2927263081073761,0.26683691143989563,0.3861196041107178,0.49931567907333374,0.3400304615497589
reggae.00060.wav,data/genres_original/reggae/reggae.00060.wav,-301.4397277832031,77.22313690185547,-13.575448989868164,39.30436706542969,1.6030006408691406,16.89271354675293,-7.250347137451172,-3.6011555194854736,1.1691409349441528,-3.2648892402648926,-8.437726974487305,-3.6016149520874023,-2.6015777587890625,-7.234960556030273,-2.442450761795044,0.7665414810180664,-8.960348129272461,-2.651947021484375,-5.497489929199219,-8.402103424072266,2395.785250668999,0.3165144622325897,0.2971726655960083,0.38439837098121643,0.24243207275867462,0.238361656665802,0.17080366611480713,0.24345582723617554,0.39593830704689026,0.2951403260231018,0.3462499976158142,0.26913389563560486,0.3897811770439148
reggae.00061.wav,data/genres_original/reggae/reggae.00061.wav,-74.0531005859375,58.015201568603516,9.140951156616211,29.25894546508789,12.535323143005371,-0.18953324854373932,0.1652970016002655,1.3719067573547363,-5.0914998054504395,1.3520697355270386,2.851160764694214,-1.5608810186386108,0.8852589130401611,1.0400750637054443,-4.336042881011963,-3.747849702835083,-3.6638267040252686,-1.0602558851242065,-4.1141438484191895,-4.137697696685791,3122.9386087150997,0.44221481680870056,0.5114749670028687,0.411639004945755,0.43586140871047974,0.4279167354106903,0.43307551741600037,0.3530791401863098,0.38559862971305847,0.44144847989082336,0.3182925879955292,0.2876514792442322,0.2960911989212036
reggae.00062.wav,data/genres_original/reggae/reggae.00062.wav,-265.69500732421875,80.61592864990234,9.722023010253906,36.65708541870117,27.836795806884766,12.086828231811523,15.014477729797363,15.116936683654785,6.558818817138672,6.284592151641846,7.486023426055908,5.644510269165039,4.349679470062256,3.085050582885742,2.4041407108306885,2.185563087463379,2.478586196899414,1.273066520690918,-0.21760568022727966,0.8088294863700867,2113.391953819571,0.3787030875682831,0.3679060935974121,0.3168237507343292,0.31936848163604736,0.41634342074394226,0.5001101493835449,0.6846978068351746,0.5935483574867249,0.456891268491745,0.43796923756599426,0.412354975938797,0.4532325267791748
reggae.00063.wav,data/genres_original/reggae/reggae.00063.wav,-168.56568908691406,109.54734802246094,-20.666072845458984,38.95631408691406,7.960122585296631,0.33540111780166626,6.036591053009033,4.086572170257568,-1.3609741926193237,0.11973302811384201,0.2429877668619156,0.3511984646320343,5.302457809448242,3.68461537361145,2.8488917350769043,4.475932598114014,0.8096897602081299,3.007136821746826,1.523585557937622,2.4545726776123047,1910.6006441535096,0.4791104197502136,0.5033376812934875,0.5894612073898315,0.4455204904079437,0.36183691024780273,0.40351665019989014,0.33207783102989197,0.35735660791397095,0.3505055904388428,0.4615229070186615,0.3942593038082123,0.31174740195274353
reggae.00064.wav,data/genres_original/reggae/reggae.00064.wav,-70.11165618896484,54.3621826171875,15.596426010131836,19.821365356445312,27.005250930786133,13.251235008239746,0.7004846930503845,10.075650215148926,6.688830375671387,-0.3047303855419159,2.9781808853149414,6.023298263549805,1.0923579931259155,3.169754981994629,0.24927008152008057,3.036562919616699,-5.600442409515381,-1.314188838005066,-1.956627607345581,-8.710367202758789,3094.02220916496,0.44472000002861023,0.4701686501502991,0.3888273537158966,0.4183884263038635,0.49547192454338074,0.42142730951309204,0.3761814534664154,0.3329298198223114,0.3792434334754944,0.4015462398529053,0.3786766231060028,0.4940783679485321
reggae.00065.wav,data/genres_original/reggae/reggae.00065.wav,-66.18777465820312,97.88822174072266,-18.818099975585938,26.937904357910156,14.020184516906738,6.029330253601074,9.445993423461914,10.570343971252441,-0.13658694922924042,8.126070022583008,10.54182243347168,8.009013175964355,3.8083314895629883,4.0128607749938965,2.713129997253418,0.42442941665649414,-4.201879024505615,0.10073719918727875,0.1490149199962616,-3.1472928524017334,2080.8998101028196,0.46852004528045654,0.34470999240875244,0.24674499034881592,0.2875829339027405,0.38394466042518616,0.5552343726158142,0.415944904088974,0.3730112612247467,0.3179301619529724,0.2969733476638794,0.4596453607082367,0.35954371094703674
reggae.00066.wav,data/genres_original/reggae/reggae.00066.wav,-147.08932495117188,120.09329986572266,-21.591428756713867,39.64054489135742,6.94915246963501,15.087430000305176,-1.0081915855407715,15.94531536102295,2.5432355403900146,4.510830402374268,0.02295295149087906,4.332126617431641,4.638780117034912,4.006373882293701,3.054718494415283,0.5425980091094971,-6.139917373657227,-1.6537443399429321,-0.7300298810005188,0.19702479243278503,1629.3916759342683,0.29727301001548767,0.2915908396244049,0.416191965341568,0.43297693133354187,0.589671790599823,0.43945634365081787,0.3331911563873291,0.3905380368232727,0.3463759124279022,0.4316360056400299,0.33217325806617737,0.3693337142467499
reggae.00067.wav,data/genres_original/reggae/reggae.00067.wav,-132.95237731933594,117.0916976928711,-2.7985999584198,22.529333114624023,25.919849395751953,0.29016047716140747,13.511028289794922,3.395885705947876,4.522271156311035,0.5429567694664001,-0.0720813199877739,5.095772743225098,-0.1591474413871765,1.2715699672698975,3.0685510635375977,1.397264838218689,-0.5488077998161316,0.13979928195476532,-1.048182487487793,-0.04001167416572571,1729.221510067004,0.3372363746166229,0.34489762783050537,0.4656520485877991,0.3855406641960144,0.41949737071990967,0.41264551877975464,0.3907138705253601,0.4315500557422638,0.44363364577293396,0.49603480100631714,0.3170830011367798,0.30871638655662537
reggae.00068.wav,data/genres_original/reggae/reggae.00068.wav,-194.80712890625,83.02938842773438,-0.7573572993278503,32.37530517578125,2.8250601291656494,23.1677303314209,2.966824531555176,14.221725463867188,8.545364379882812,10.447763442993164,7.068882465362549,8.804685592651367,1.4087902307510376,5.408780097961426,2.7515854835510254,5.247326850891113,1.6427809000015259,0.5076166391372681,1.141183614730835,-1.5598167181015015,2104.9458967015426,0.31089287996292114,0.339970201253891,0.4981837272644043,0.4084910452365875,0.40304815769195557,0.32679611444473267,0.3005152642726898,0.41964536905288696,0.3136610984802246,0.341623991727829,0.29040592908859253,0.350470632314682
reggae.00069.wav,data/genres_original/reggae/reggae.00069.wav,-142.7815399169922,83.62422943115234,21.906213760375977,33.849456787109375,4.624049663543701,4.162697792053223,1.9368715286254883,21.812686920166016,-5.94234561920166,0.5001416206359863,17.423234939575195,-11.433121681213379,10.545722961425781,2.201842784881592,1.41327965259552,1.754595398902893,-1.397631049156189,2.016296863555908,-1.8893013000488281,0.6375470757484436,2461.457562285525,0.3645625412464142,0.30169251561164856,0.3258921205997467,0.2700801193714142,0.3228137791156769,0.4873715937137604,0.3227388560771942,0.26865243911743164,0.2981983423233032,0.40386995673179626,0.5922062993049622,0.39245355129241943
reggae.00070.wav,data/genres_original/reggae/reggae.00070.wav,-136.78912353515625,75.59191131591797,-5.333470344543457,23.44013023376465,0.7612743377685547,12.292593002319336,4.4802775382995605,5.15785026550293,-0.07490850985050201,9.033966064453125,4.9023919105529785,2.3301925659179688,5.475173473358154,0.6624331474304199,1.4746830463409424,3.837291717529297,-1.5902515649795532,-1.7209575176239014,-4.443439483642578,-9.697896003723145,2288.9314176081257,0.3162280321121216,0.3876969516277313,0.5715259313583374,0.387058824300766,0.2865408957004547,0.27715006470680237,0.36779463291168213,0.45630255341529846,0.36539891362190247,0.3838629722595215,0.43254345655441284,0.3345410227775574
reggae.00071.wav,data/genres_original/reggae/reggae.00071.wav,-141.76731872558594,44.17989730834961,21.717090606689453,43.292015075683594,21.742549896240234,11.178963661193848,3.543303966522217,15.015564918518066,-1.7441003322601318,6.4359941482543945,6.909985542297363,0.7032584547996521,3.9693100452423096,1.4794368743896484,4.6782965660095215,0.902571439743042,2.223074197769165,3.375713586807251,-2.6652097702026367,0.5095784664154053,3109.580608719877,0.5132253766059875,0.42891833186149597,0.4190541207790375,0.3648936450481415,0.38334977626800537,0.3780409097671509,0.36190181970596313,0.429410845041275,0.3878811001777649,0.43402981758117676,0.3984828591346741,0.4078218936920166
reggae.00072.wav,data/genres_original/reggae/reggae.00072.wav,-94.1405258178711,68.22994995117188,3.975480556488037,7.631386756896973,12.791033744812012,-3.185734987258911,-3.9074442386627197,3.817600965499878,-6.121651649475098,-0.35184240341186523,0.33756333589553833,-4.674421310424805,-3.0098025798797607,-2.9692578315734863,-3.1980950832366943,-4.922947406768799,-5.001903057098389,1.3904980421066284,-2.0881762504577637,-2.088639974594116,3086.1860008884605,0.3677501976490021,0.46307873725891113,0.48164981603622437,0.4191390573978424,0.47144564986228943,0.44660112261772156,0.5133131742477417,0.4043010175228119,0.3930133283138275,0.48327764868736267,0.3704005479812622,0.3786487281322479
reggae.00073.wav,data/genres_original/reggae/reggae.00073.wav,-105.88101959228516,87.99616241455078,19.37270736694336,30.62493324279785,10.02409553527832,18.020151138305664,3.6549277305603027,8.923995971679688,5.825234413146973,8.873672485351562,5.6649580001831055,10.555123329162598,5.901164531707764,6.104389190673828,7.049707889556885,5.099786281585693,4.4579997062683105,2.1786813735961914,1.3961859941482544,-1.2673673629760742,2153.2951509096097,0.5264663696289062,0.42427587509155273,0.37224501371383667,0.33344170451164246,0.36696290969848633,0.3981945514678955,0.34820523858070374,0.37860387563705444,0.4196702837944031,0.5589097738265991,0.6760352253913879,0.5905799865722656
reggae.00074.wav,data/genres_original/reggae/reggae.00074.wav,-105.86873626708984,88.18165588378906,19.302425384521484,30.579696655273438,9.983685493469238,17.954727172851562,3.6897566318511963,8.922590255737305,5.854974269866943,8.851582527160645,5.623591899871826,10.51484489440918,5.916852951049805,6.103880882263184,7.047877311706543,5.083662033081055,4.441308975219727,2.1635663509368896,1.4177474975585938,-1.2327799797058105,2148.603575494345,0.48832187056541443,0.3998897671699524,0.3554166257381439,0.3426433503627777,0.4004368185997009,0.37331390380859375,0.3573770523071289,0.39804163575172424,0.4762941598892212,0.6485806107521057,0.6592158079147339,0.5562596321105957
reggae.00075.wav,data/genres_original/reggae/reggae.00075.wav,-63.82210159301758,88.2540512084961,-27.603097915649414,18.600967407226562,-3.577484130859375,5.198116302490234,0.9838292598724365,8.052980422973633,-4.396183490753174,2.2758755683898926,4.154455661773682,-2.208498001098633,10.26652717590332,1.8743329048156738,6.291245937347412,4.695100784301758,-7.750707626342773,4.598705291748047,-1.5900238752365112,0.6310116052627563,2481.191325890234,0.4214009940624237,0.39174118638038635,0.4869765043258667,0.376801460981369,0.3207097053527832,0.3564585745334625,0.33121225237846375,0.3964105248451233,0.3191620707511902,0.45857980847358704,0.40756839513778687,0.4094119668006897
reggae.00076.wav,data/genres_original/reggae/reggae.00076.wav,-105.70984649658203,76.1017837524414,19.510618209838867,36.70929718017578,3.7498507499694824,11.6842679977417,0.0758935809135437,7.092369079589844,7.659843444824219,10.457496643066406,0.9903632402420044,-2.199362277984619,-1.5104167461395264,2.6376311779022217,2.1172306537628174,1.428885579109192,3.8492980003356934,5.6981024742126465,-0.1335245817899704,-1.5506123304367065,2456.1544092561144,0.35886478424072266,0.2650991976261139,0.2612493932247162,0.3472534120082855,0.5596397519111633,0.3982089161872864,0.39351412653923035,0.4687296748161316,0.5488631129264832,0.7327666282653809,0.5044284462928772,0.44649696350097656
reggae.00077.wav,data/genres_original/reggae/reggae.00077.wav,-151.77394104003906,105.12451934814453,-6.166162490844727,47.94609832763672,11.344109535217285,15.08799934387207,11.635066986083984,6.607784748077393,6.817538738250732,2.3976099491119385,-1.0347645282745361,-0.22057205438613892,-0.6423187851905823,-4.031569004058838,-1.7196910381317139,-0.6675687432289124,-6.978829860687256,-2.429037570953369,-1.1788955926895142,-3.8099961280822754,1778.3264606974715,0.4900780916213989,0.3733557462692261,0.3511151075363159,0.3297019898891449,0.37832343578338623,0.2976299226284027,0.3310646414756775,0.37199389934539795,0.37276914715766907,0.4742068350315094,0.4506099820137024,0.5250282287597656
reggae.00078.wav,data/genres_original/reggae/reggae.00078.wav,-175.48696899414062,78.02302551269531,-2.5604963302612305,52.86769485473633,15.842403411865234,24.755294799804688,5.295869827270508,8.655303955078125,6.652233600616455,9.80640697479248,-3.3547558784484863,4.1186113357543945,2.3579514026641846,-3.3535118103027344,0.7974128127098083,-0.26391488313674927,-6.331863880157471,-6.457859039306641,-1.25667405128479,-6.455194473266602,2317.4758286832307,0.5011216998100281,0.49359938502311707,0.5349612832069397,0.4773944914340973,0.403225302696228,0.3766974210739136,0.3812047243118286,0.5248655676841736,0.42370590567588806,0.398612380027771,0.49949967861175537,0.4189404845237732
reggae.00079.wav,data/genres_original/reggae/reggae.00079.wav,-155.67242431640625,57.027374267578125,-35.24770736694336,33.28634262084961,-14.187575340270996,25.28181266784668,2.5339674949645996,4.247924327850342,8.487786293029785,4.567988395690918,2.8205201625823975,2.5739941596984863,2.822519302368164,3.6183273792266846,-2.8702094554901123,-7.497378826141357,0.19377774000167847,-1.4596340656280518,-2.171860694885254,-0.059627141803503036,3003.0228526329006,0.5323644876480103,0.7018126249313354,0.519730806350708,0.587587296962738,0.5319098234176636,0.41922158002853394,0.40638256072998047,0.417334645986557,0.455761194229126,0.3872205317020416,0.3754459023475647,0.3814893960952759
reggae.00080.wav,data/genres_original/reggae/reggae.00080.wav,-103.10472869873047,67.2304458618164,2.2398650646209717,28.49749755859375,4.176846027374268,11.877421379089355,14.268195152282715,14.3020601272583,3.2598321437835693,15.845577239990234,8.033733367919922,4.457915782928467,8.679057121276855,8.057953834533691,7.979671955108643,5.031801223754883,3.7384490966796875,-0.3267550766468048,-0.9385533928871155,-1.0842903852462769,2538.8183244874817,0.5274255275726318,0.47339901328086853,0.3935222923755646,0.333193302154541,0.3267056345939636,0.3701362609863281,0.4277952313423157,0.4146113991737366,0.5166415572166443,0.5698952674865723,0.6750109791755676,0.69624263048172
reggae.00081.wav,data/genres_original/reggae/reggae.00081.wav,-115.72032165527344,67.04470825195312,1.9207350015640259,29.12337875366211,4.007428169250488,12.044657707214355,13.98845100402832,14.91845417022705,2.2994470596313477,17.055818557739258,7.568181037902832,4.992762088775635,8.547550201416016,8.288142204284668,7.898526668548584,5.8501458168029785,3.111436367034912,0.054986439645290375,-1.5452892780303955,-1.2790091037750244,2567.6720453746466,0.5737975239753723,0.48842746019363403,0.42372745275497437,0.3416716158390045,0.32291725277900696,0.33587151765823364,0.4150068461894989,0.40563642978668213,0.4688638150691986,0.5623525381088257,0.6229538917541504,0.7210718989372253
reggae.00082.wav,data/genres_original/reggae/reggae.00082.wav,-115.72032165527344,67.04470825195312,1.9207350015640259,29.12337875366211,4.007428169250488,12.044657707214355,13.98845100402832,14.91845417022705,2.2994470596313477,17.055818557739258,7.568181037902832,4.992762088775635,8.547550201416016,8.288142204284668,7.898526668548584,5.8501458168029785,3.111436367034912,0.054986439645290375,-1.5452892780303955,-1.2790091037750244,2567.6720453746466,0.5737975239753723,0.48842746019363403,0.42372745275497437,0.3416716158390045,0.32291725277900696,0.33587151765823364,0.4150068461894989,0.40563642978668213,0.4688638150691986,0.5623525381088257,0.6229538917541504,0.7210718989372253
reggae.00083.wav,data/genres_original/reggae/reggae.00083.wav,-285.9736328125,138.68748474121094,19.947647094726562,35.245121002197266,-7.994090557098389,7.078868865966797,5.405129909515381,-3.206392288208008,-1.1585745811462402,3.208261728286743,1.4964439868927002,-4.035819053649902,-6.334192752838135,-0.928938090801239,-4.3636250495910645,2.883333444595337,1.2566571235656738,1.972559928894043,0.7886767983436584,-4.28861141204834,1366.429347381977,0.43143025040626526,0.3116670846939087,0.37194180488586426,0.2228156477212906,0.31665751338005066,0.38884103298187256,0.2352573126554489,0.3176983594894409,0.3097021281719208,0.45176470279693604,0.30100753903388977,0.2623799443244934
reggae.00084.wav,data/genres_original/reggae/reggae.00084.wav,-150.912109375,111.76167297363281,2.91566801071167,42.73335266113281,-3.5954196453094482,15.153264045715332,3.4516782760620117,0.18917764723300934,-4.718381881713867,3.858656883239746,-0.8896031975746155,-5.35166072845459,0.6894754767417908,-1.2251096963882446,-5.0513129234313965,-5.071632385253906,-8.56414794921875,-7.982335567474365,-5.3022027015686035,-1.4553042650222778,1788.5445972751872,0.4880753755569458,0.6970650553703308,0.37202370166778564,0.27145513892173767,0.23244541883468628,0.3222179710865021,0.19557839632034302,0.21285571157932281,0.30849799513816833,0.2580495774745941,0.2355135977268219,0.23498958349227905
reggae.00085.wav,data/genres_original/reggae/reggae.00085.wav,-175.1691436767578,116.6299819946289,-55.12920379638672,59.90557861328125,1.9614100456237793,1.068136215209961,14.602347373962402,-3.2314059734344482,2.789919376373291,5.709691047668457,-1.8400206565856934,7.8743438720703125,0.4065048098564148,0.04450100660324097,-1.1589999198913574,-4.510992527008057,-2.9495675563812256,-3.6833579540252686,-2.5156965255737305,-7.052287578582764,1797.4051726737525,0.38753676414489746,0.31912070512771606,0.4245426058769226,0.4109214246273041,0.5092261433601379,0.46302732825279236,0.41420888900756836,0.48550736904144287,0.3892516493797302,0.32936733961105347,0.28209182620048523,0.3350842297077179
reggae.00086.wav,data/genres_original/reggae/reggae.00086.wav,42.11286544799805,37.424171447753906,-7.922309398651123,4.491989612579346,8.947956085205078,3.530841112136841,3.0852088928222656,1.6274317502975464,6.2675347328186035,1.8218064308166504,-0.5613669753074646,-0.3943440020084381,1.6282494068145752,2.9074900150299072,0.38150259852409363,-2.3099124431610107,-4.1410393714904785,-2.188842296600342,-3.336350202560425,-1.861262321472168,4434.948742523192,0.6155014038085938,0.6404797434806824,0.7292855978012085,0.6043304204940796,0.6755840182304382,0.7030069231987,0.599969208240509,0.6427608728408813,0.585601806640625,0.6367741823196411,0.7324748635292053,0.7967318892478943
reggae.00087.wav,data/genres_original/reggae/reggae.00087.wav,-110.20217895507812,48.54800033569336,29.644615173339844,18.442466735839844,-0.47234880924224854,4.654711723327637,-2.267070770263672,-6.58841609954834,-2.1527016162872314,-0.15998117625713348,-0.6845914125442505,0.544174313545227,1.9038586616516113,-1.063188910484314,1.7236896753311157,0.8197152018547058,-1.6870391368865967,2.6605753898620605,3.10089373588562,3.7421092987060547,3296.209659000533,0.4441353380680084,0.3737592101097107,0.4100242555141449,0.38679495453834534,0.4432353079319,0.2649107277393341,0.27719125151634216,0.40472713112831116,0.3660421371459961,0.415448933839798,0.39495593309402466,0.47152847051620483
reggae.00088.wav,data/genres_original/reggae/reggae.00088.wav,-75.23249816894531,44.85300827026367,10.078607559204102,1.1481959819793701,1.1562962532043457,-3.140685796737671,0.1397598534822464,0.07932747155427933,-3.4337422847747803,0.1106780469417572,-1.9280569553375244,-2.3146519660949707,-0.07721774280071259,-3.4861435890197754,-0.3764774799346924,-2.729149341583252,2.508737564086914,-0.9931395649909973,3.6319658756256104,-2.596057415008545,3881.383875119963,0.3710119426250458,0.4404715895652771,0.3349447548389435,0.38029107451438904,0.3479553461074829,0.4355672001838684,0.3541662395000458,0.3219177722930908,0.47324615716934204,0.37250518798828125,0.3918009400367737,0.2845193147659302
reggae.00089.wav,data/genres_original/reggae/reggae.00089.wav,-194.4569549560547,157.13970947265625,-14.1282377243042,44.05336380004883,3.478428363800049,17.46580696105957,2.9772469997406006,5.8337626457214355,3.015310287475586,1.075527548789978,2.591223955154419,0.799810528755188,0.6491767764091492,-2.4909732341766357,0.8378123044967651,1.3831849098205566,-4.274863243103027,-0.5335151553153992,-1.9673728942871094,-1.3417832851409912,1052.002100832135,0.3076925277709961,0.33822205662727356,0.381133109331131,0.573113739490509,0.377515971660614,0.3210086524486542,0.30224308371543884,0.42343178391456604,0.5318666100502014,0.3849742114543915,0.28512465953826904,0.20762351155281067
reggae.00090.wav,data/genres_original/reggae/reggae.00090.wav,-127.36404418945312,65.99180603027344,4.458125114440918,30.05898666381836,16.64737319946289,16.524986267089844,-6.399656772613525,15.2887601852417,4.620022773742676,5.104029655456543,5.585710048675537,-0.7697422504425049,6.062219619750977,3.7929255962371826,-2.186095952987671,2.006063461303711,-5.5619049072265625,7.764803409576416,-1.5139073133468628,5.000389099121094,2867.992801312542,0.45637813210487366,0.42547696828842163,0.5823558568954468,0.4080415964126587,0.4135240614414215,0.41979730129241943,0.5417260527610779,0.6070965528488159,0.4558590054512024,0.46607261896133423,0.39981013536453247,0.46390870213508606
reggae.00091.wav,data/genres_original/reggae/reggae.00091.wav,-159.94082641601562,92.8108901977539,-28.70952796936035,31.464263916015625,-6.610723495483398,12.638018608093262,0.8522681593894958,10.961095809936523,-2.0749351978302,3.666249990463257,3.5795066356658936,0.32305532693862915,8.548465728759766,2.839416742324829,6.749161720275879,4.869925498962402,-7.0079426765441895,3.9703500270843506,-0.7589572668075562,-0.32640770077705383,2314.4949684089943,0.42887821793556213,0.3862456977367401,0.47761690616607666,0.3783130347728729,0.3401929438114166,0.38051852583885193,0.3520675301551819,0.39808446168899536,0.32609930634498596,0.45935648679733276,0.419018030166626,0.42954111099243164
reggae.00092.wav,data/genres_original/reggae/reggae.00092.wav,-138.14390563964844,101.46947479248047,-35.317054748535156,36.16295623779297,-9.493779182434082,14.76218318939209,-0.23332861065864563,11.528228759765625,-2.106009006500244,3.405216693878174,4.204796314239502,0.13827955722808838,9.009115219116211,2.7621335983276367,6.236876010894775,5.738132476806641,-7.938071250915527,5.202520847320557,-1.4864927530288696,0.45219185948371887,2170.7030022441018,0.42344897985458374,0.3914799690246582,0.4849686622619629,0.359960675239563,0.34913039207458496,0.3758505880832672,0.3551030457019806,0.3995306193828583,0.33075132966041565,0.47882723808288574,0.4071325659751892,0.4315071702003479
reggae.00093.wav,data/genres_original/reggae/reggae.00093.wav,-147.45054626464844,113.27776336669922,-6.279628276824951,9.088613510131836,24.541444778442383,-9.802510261535645,13.13619613647461,-1.9909199476242065,-2.7045509815216064,12.230323791503906,-4.112524509429932,-1.0004734992980957,1.969944953918457,1.4699807167053223,0.003984480630606413,-3.005542278289795,-3.5841715335845947,-3.887593984603882,-0.512702465057373,-3.062150478363037,2109.6362127896273,0.341414213180542,0.31133222579956055,0.45634889602661133,0.3170146346092224,0.33373332023620605,0.2600913345813751,0.38055360317230225,0.5609114766120911,0.39782941341400146,0.3928104639053345,0.3032301068305969,0.39490413665771484
reggae.00094.wav,data/genres_original/reggae/reggae.00094.wav,-97.76292419433594,108.83715057373047,-24.923465728759766,21.319740295410156,12.549696922302246,7.765998363494873,-3.3035848140716553,3.5284223556518555,0.6894371509552002,4.195522308349609,-9.684724807739258,4.261558532714844,2.4569172859191895,-6.625020980834961,-3.1610610485076904,-1.1035149097442627,-4.836193084716797,-0.11613135784864426,-7.434682846069336,-7.706037521362305,2022.437501264683,0.2807922959327698,0.2802368998527527,0.4561777412891388,0.5094643235206604,0.29155775904655457,0.24903909862041473,0.2746494710445404,0.36772435903549194,0.44760292768478394,0.38568782806396484,0.47940707206726074,0.36506593227386475
reggae.00095.wav,data/genres_original/reggae/reggae.00095.wav,-69.03168487548828,79.13812255859375,13.08932113647461,29.37102508544922,0.2655615508556366,4.156529903411865,-0.44261395931243896,0.18855522572994232,2.8111448287963867,0.5979990363121033,-2.7980499267578125,-0.5165508985519409,-3.1858015060424805,-7.21445894241333,-4.41195821762085,-6.804215908050537,-9.378360748291016,-2.347946882247925,-5.951030731201172,-7.3565592765808105,2617.582608076272,0.6589928269386292,0.4136093556880951,0.3295869529247284,0.33563631772994995,0.4820590317249298,0.4583713412284851,0.4132692813873291,0.4888942539691925,0.384299635887146,0.40171369910240173,0.32381755113601685,0.40476205945014954
reggae.00096.wav,data/genres_original/reggae/reggae.00096.wav,-167.01210021972656,116.64275360107422,-44.19036102294922,70.5038070678711,2.320699453353882,16.01759147644043,12.503350257873535,4.100353717803955,5.328140735626221,4.525841236114502,7.307662010192871,7.58745813369751,2.9061529636383057,1.477813720703125,1.135250449180603,-3.1276230812072754,-1.961099624633789,-1.0093393325805664,-4.656003952026367,-4.956987380981445,1629.473422777735,0.3806725740432739,0.32076770067214966,0.3941953182220459,0.4131384789943695,0.5369634032249451,0.5150272250175476,0.547341525554657,0.5210007429122925,0.371263325214386,0.31189340353012085,0.2939082980155945,0.38904860615730286
reggae.00097.wav,data/genres_original/reggae/reggae.00097.wav,-142.79092407226562,103.11746215820312,-15.2323579788208,38.268043518066406,-12.985987663269043,2.749526023864746,-1.6750333309173584,-3.4322702884674072,-4.448259353637695,-9.285494804382324,-10.124066352844238,-2.116806983947754,-4.470915794372559,-7.905639171600342,-3.747282028198242,0.5096160769462585,-5.03223180770874,0.3062671422958374,1.5896964073181152,1.2246900796890259,2007.1841367892719,0.41541552543640137,0.2409554123878479,0.22183603048324585,0.2027217298746109,0.2922808825969696,0.3633430600166321,0.19190551340579987,0.23002889752388,0.2568961977958679,0.3865664601325989,0.24952007830142975,0.21313023567199707
reggae.00098.wav,data/genres_original/reggae/reggae.00098.wav,-134.68275451660156,93.5644302368164,8.521570205688477,34.86943054199219,3.285515308380127,15.515955924987793,4.963839530944824,8.545495986938477,-1.2880830764770508,2.734834909439087,5.069406986236572,11.860011100769043,4.410374164581299,2.0628669261932373,1.317481279373169,0.29476410150527954,-2.326158046722412,0.38394585251808167,0.9154462814331055,-0.4409344494342804,2025.3801449478724,0.5696137547492981,0.4479583203792572,0.5165780186653137,0.5206903219223022,0.4264377951622009,0.36073264479637146,0.3430781662464142,0.4693625867366791,0.3076239228248596,0.2540225386619568,0.2712476849555969,0.43324482440948486
reggae.00099.wav,data/genres_original/reggae/reggae.00099.wav,-67.13854217529297,80.72981262207031,-43.87337875366211,57.72443389892578,-12.790911674499512,33.593772888183594,-7.7334513664245605,14.125049591064453,-1.2325947284698486,7.419582366943359,-2.0364291667938232,6.110561847686768,-6.631473064422607,-1.005133032798767,-4.763683319091797,1.052847146987915,3.4916248321533203,4.533987998962402,-1.292629599571228,-3.149142026901245,2466.3392174966807,0.4061830937862396,0.42151057720184326,0.40875688195228577,0.48902690410614014,0.5997870564460754,0.5455862879753113,0.3731137812137604,0.3585928976535797,0.3452989459037781,0.6541174054145813,0.3075565993785858,0.2652227580547333
rock.00000.wav,data/genres_original/rock/rock.00000.wav,-116.63066864013672,109.2781753540039,-23.15148162841797,40.68846130371094,-11.896855354309082,23.15559196472168,-15.39865493774414,15.127642631530762,-13.522636413574219,12.695950508117676,-10.886423110961914,8.505528450012207,-11.578758239746094,2.1894617080688477,-6.1963701248168945,2.009589672088623,-7.949273109436035,2.0847368240356445,-2.3866872787475586,-1.5323067903518677,1995.8245086755817,0.375154584646225,0.48952358961105347,0.4955240786075592,0.41709962487220764,0.47670572996139526,0.33138149976730347,0.28346508741378784,0.32564106583595276,0.3880860507488251,0.5038662552833557,0.2875724136829376,0.27481362223625183
rock.00001.wav,data/genres_original/rock/rock.00001.wav,-111.17635345458984,134.16851806640625,-24.667320251464844,41.55748748779297,-3.073011875152588,28.49441909790039,-10.584972381591797,14.932526588439941,-14.398835182189941,8.850726127624512,-4.5540056228637695,9.948247909545898,-4.670233249664307,3.6337459087371826,-5.548106670379639,3.3697967529296875,-4.949748992919922,-1.4712837934494019,0.09479024261236191,-5.3280558586120605,1529.317559052296,0.2950567603111267,0.31933483481407166,0.3385085463523865,0.39399975538253784,0.4790075421333313,0.31341713666915894,0.27690058946609497,0.3085123896598816,0.4132934808731079,0.4973171055316925,0.3940161168575287,0.35675811767578125
rock.00002.wav,data/genres_original/rock/rock.00002.wav,-120.49427795410156,117.59748840332031,-27.599685668945312,42.825843811035156,-6.756321907043457,21.662521362304688,-12.098572731018066,17.94340705871582,-10.448060035705566,12.274319648742676,-6.567336082458496,13.52841854095459,-2.4130783081054688,6.703758239746094,-3.14672589302063,5.470715045928955,-2.239539384841919,1.0572800636291504,-1.6519227027893066,-0.04232580214738846,1874.829786811176,0.5072116851806641,0.48415976762771606,0.7300729751586914,0.3970714509487152,0.28901180624961853,0.2755720913410187,0.29284605383872986,0.2948489189147949,0.4265907108783722,0.6153426766395569,0.45199716091156006,0.47728052735328674
rock.00003.wav,data/genres_original/rock/rock.00003.wav,-156.60325622558594,130.69366455078125,-1.4667754173278809,36.23871612548828,0.3727363646030426,31.98138999938965,-0.6227625608444214,20.14137840270996,-11.3350830078125,13.838637351989746,-3.776272773742676,11.534398078918457,-3.222188711166382,5.062237739562988,-1.7910408973693848,3.539681911468506,-2.4512617588043213,-0.7277513146400452,-1.4179350137710571,0.6315320134162903,1421.4880254979382,0.3435589671134949,0.2516345679759979,0.24752391874790192,0.3203841745853424,0.47622165083885193,0.4810652732849121,0.44968998432159424,0.4815371036529541,0.48585066199302673,0.4414938688278198,0.3088873624801636,0.27374500036239624
rock.00004.wav,data/genres_original/rock/rock.00004.wav,-127.97257232666016,134.4472198486328,1.0256714820861816,54.43772888183594,-0.466973215341568,35.82833480834961,-10.86018180847168,16.379749298095703,-10.032893180847168,6.6001386642456055,-6.699802875518799,11.046618461608887,-8.382889747619629,2.1126184463500977,-6.342353820800781,0.9954591393470764,-5.329532623291016,-0.8412508368492126,-4.668552875518799,-4.7869086265563965,1345.8882551385968,0.36350202560424805,0.36755141615867615,0.35945841670036316,0.33117038011550903,0.28575369715690613,0.2574831545352936,0.30428096652030945,0.5337053537368774,0.5168058276176453,0.4715067744255066,0.36434099078178406,0.3172782063484192
rock.00005.wav,data/genres_original/rock/rock.00005.wav,-62.3817253112793,153.77310180664062,-55.11629104614258,28.01772689819336,-6.85146951675415,17.476470947265625,-22.606952667236328,18.144702911376953,-12.58642864227295,4.4948954582214355,-8.387152671813965,7.204118251800537,-2.5257883071899414,4.835433483123779,-6.275536060333252,-0.7264999747276306,-2.276829242706299,-5.245155334472656,-5.220954895019531,-6.282929420471191,1542.2216281068565,0.6358123421669006,0.46363356709480286,0.44848373532295227,0.3313996493816376,0.40364164113998413,0.19784753024578094,0.23316653072834015,0.2761519253253937,0.3139013350009918,0.48363539576530457,0.32158443331718445,0.41221845149993896
rock.00006.wav,data/genres_original/rock/rock.00006.wav,-98.37914276123047,136.61773681640625,-46.71824645996094,46.47606658935547,-17.166423797607422,10.520158767700195,-14.581245422363281,16.550785064697266,-12.337285041809082,3.6909728050231934,-12.654891014099121,2.9554550647735596,-12.512314796447754,0.09740488231182098,-0.7801598906517029,-5.695947647094727,-8.634934425354004,-1.901795744895935,-2.1870079040527344,-3.391345262527466,1675.4999364261103,0.3208995759487152,0.44583210349082947,0.44287046790122986,0.5140584707260132,0.2752312123775482,0.22428514063358307,0.2787034213542938,0.3266932964324951,0.4365861713886261,0.3261934518814087,0.3065556585788727,0.2359517365694046
rock.00007.wav,data/genres_original/rock/rock.00007.wav,-140.4444122314453,149.3003387451172,-10.05984878540039,38.74817657470703,1.5280197858810425,20.129009246826172,-11.331470489501953,16.29448890686035,-13.257329940795898,10.19011402130127,-9.253552436828613,4.700295925140381,-8.369611740112305,2.2758219242095947,-6.511659622192383,-1.6249589920043945,-6.491122722625732,-4.722907543182373,-2.5751218795776367,-1.7881641387939453,1282.2760121933156,0.40876471996307373,0.34233108162879944,0.36776864528656006,0.29006463289260864,0.5176886320114136,0.5218037366867065,0.33352014422416687,0.31769007444381714,0.35596632957458496,0.3662412464618683,0.20831941068172455,0.28090718388557434
rock.00008.wav,data/genres_original/rock/rock.00008.wav,-14.937182426452637,138.4250946044922,-41.898536682128906,22.075092315673828,-18.672731399536133,31.993650436401367,-20.37347984313965,15.692357063293457,-17.352710723876953,14.868898391723633,-8.898109436035156,12.249725341796875,-5.823009490966797,9.96622371673584,-3.1668832302093506,1.9740732908248901,-6.924238681793213,3.117481231689453,-2.987894058227539,-6.6786580085754395,1717.3419433944864,0.36043304204940796,0.4776707589626312,0.4032551348209381,0.3691568672657013,0.3348730802536011,0.2925356328487396,0.37757501006126404,0.5205045938491821,0.4760248064994812,0.5341759324073792,0.39381927251815796,0.3659309446811676
rock.00009.wav,data/genres_original/rock/rock.00009.wav,-178.59239196777344,153.98980712890625,-4.949498653411865,21.926918029785156,-2.0618462562561035,23.677854537963867,-1.291934609413147,11.558472633361816,-6.040379047393799,4.955240249633789,-2.9516732692718506,5.406178951263428,-4.121703147888184,2.9820892810821533,-5.323763370513916,-8.825105667114258,-11.073637962341309,-3.2127790451049805,3.8551218509674072,3.554147720336914,1181.5495135430565,0.5447259545326233,0.3128716051578522,0.3147989809513092,0.22596098482608795,0.3789820373058319,0.5478610992431641,0.6072820425033569,0.5363850593566895,0.2980107367038727,0.2862012982368469,0.1453179121017456,0.31569045782089233
rock.00010.wav,data/genres_original/rock/rock.00010.wav,-108.9864273071289,114.9559097290039,-5.198549270629883,46.206581115722656,-9.133125305175781,20.515316009521484,-17.02515983581543,24.214719772338867,-8.057451248168945,13.438204765319824,-18.38125228881836,8.588358879089355,-11.405960083007812,1.8842711448669434,-10.553582191467285,-0.25984442234039307,-11.800163269042969,-6.5043559074401855,-4.308150768280029,-2.7400777339935303,1857.8624034566847,0.343594491481781,0.4125133752822876,0.4565774202346802,0.29676157236099243,0.31071051955223083,0.26441827416419983,0.38540118932724,0.46517273783683777,0.4615875482559204,0.547457754611969,0.42334815859794617,0.41094180941581726
rock.00011.wav,data/genres_original/rock/rock.00011.wav,-169.74000549316406,119.11503601074219,7.171102523803711,53.43088912963867,4.1419358253479,23.130687713623047,-5.7138519287109375,24.99533462524414,-9.326622009277344,13.470992088317871,-14.286961555480957,5.9543890953063965,-13.598767280578613,0.7701702117919922,-10.46875,0.08046500384807587,-4.372725486755371,1.1727632284164429,0.4874303340911865,-5.829123497009277,1536.9871799571386,0.3781904876232147,0.28492143750190735,0.2689621150493622,0.34165480732917786,0.2304631471633911,0.24545598030090332,0.2403232604265213,0.4139966368675232,0.6575379371643066,0.41895154118537903,0.34792032837867737,0.29030805826187134
rock.00012.wav,data/genres_original/rock/rock.00012.wav,-204.6554718017578,107.00344848632812,-10.197382926940918,45.55988311767578,3.036393642425537,24.00912857055664,-7.501370906829834,20.05852699279785,-5.170924663543701,8.742725372314453,-10.101092338562012,4.365464210510254,-6.959641933441162,4.693012237548828,-8.222784042358398,-0.8261229395866394,-9.62868881225586,-7.393810749053955,-9.437461853027344,-3.13710355758667,1863.089813447186,0.34187987446784973,0.41789230704307556,0.34916621446609497,0.2931874990463257,0.30544981360435486,0.2799746096134186,0.3041607737541199,0.27389058470726013,0.3687722980976105,0.416905015707016,0.3612558841705322,0.3542579114437103
rock.00013.wav,data/genres_original/rock/rock.00013.wav,-211.2082977294922,95.76803588867188,40.58082962036133,68.30281066894531,5.315103054046631,30.973608016967773,-5.27047061920166,22.828838348388672,-1.6150586605072021,17.48903465270996,-11.487263679504395,8.73469352722168,-10.456016540527344,5.723827838897705,-7.892422199249268,3.7275314331054688,-6.627518653869629,-1.2788177728652954,2.7943100929260254,6.274990081787109,1596.5231665437616,0.37798169255256653,0.37123990058898926,0.5630760788917542,0.5793905854225159,0.4669555425643921,0.5063026547431946,0.36757755279541016,0.362134724855423,0.32834911346435547,0.42387187480926514,0.5373134613037109,0.40097782015800476
rock.00014.wav,data/genres_original/rock/rock.00014.wav,-256.5845031738281,103.17071533203125,-8.463650703430176,48.5931510925293,-4.183110237121582,17.341554641723633,-6.668193817138672,17.03863525390625,-4.599119186401367,5.321587562561035,-10.013155937194824,8.242727279663086,-6.199188232421875,3.4362075328826904,-3.6468937397003174,1.6950725317001343,-5.41008996963501,-3.249791383743286,-3.871666193008423,-1.0307323932647705,1935.4498295716771,0.37801483273506165,0.29166874289512634,0.3035011291503906,0.31339359283447266,0.3485918641090393,0.35688599944114685,0.49946877360343933,0.47686266899108887,0.38384151458740234,0.3095833957195282,0.3984125554561615,0.506072998046875
rock.00015.wav,data/genres_original/rock/rock.00015.wav,-174.94175720214844,90.89378356933594,-18.696542739868164,41.621612548828125,-8.882180213928223,9.097589492797852,-12.460491180419922,13.123887062072754,-9.697833061218262,4.337836265563965,-13.489968299865723,6.743155002593994,-10.383935928344727,7.150632381439209,-5.797455310821533,0.7992594242095947,-8.139412879943848,-5.716430187225342,-3.364278554916382,-0.42180904746055603,2336.111675735067,0.37177082896232605,0.37833210825920105,0.6903762817382812,0.33705705404281616,0.24340307712554932,0.24768872559070587,0.2107551246881485,0.31393951177597046,0.2894878685474396,0.34814321994781494,0.3673408329486847,0.32631221413612366
rock.00016.wav,data/genres_original/rock/rock.00016.wav,-15.687383651733398,100.09827423095703,-37.590457916259766,45.97100067138672,-20.77373695373535,25.63700294494629,-18.643869400024414,26.51662254333496,-20.163169860839844,21.129619598388672,-13.649131774902344,10.978787422180176,-15.535990715026855,3.6814191341400146,-7.7146077156066895,3.9337337017059326,-8.121838569641113,6.954764366149902,-2.0548253059387207,3.9079604148864746,2459.3807747248898,0.37501785159111023,0.3798377811908722,0.46053874492645264,0.41229721903800964,0.478980153799057,0.5261070132255554,0.452143132686615,0.5776039361953735,0.5506647825241089,0.5032393336296082,0.44373804330825806,0.37631669640541077
rock.00017.wav,data/genres_original/rock/rock.00017.wav,-41.432640075683594,105.41606903076172,-43.95048141479492,54.10911560058594,-18.41774559020996,23.52593231201172,-17.6177921295166,20.664485931396484,-18.46294593811035,17.48168182373047,-15.181072235107422,11.308914184570312,-14.158966064453125,2.833205223083496,-9.479147911071777,3.3370883464813232,-8.206201553344727,3.695302724838257,-3.679184913635254,-0.16170069575309753,2311.9417457073478,0.27014970779418945,0.4660850167274475,0.5887539386749268,0.3803754448890686,0.46104493737220764,0.3602299988269806,0.4271811246871948,0.42260944843292236,0.42682191729545593,0.557805597782135,0.32532528042793274,0.3401638865470886
rock.00018.wav,data/genres_original/rock/rock.00018.wav,-67.55526733398438,109.12109375,-32.7313232421875,45.65721893310547,-11.699697494506836,27.49436378479004,-16.341739654541016,22.087678909301758,-15.454763412475586,19.40410614013672,-11.62110710144043,11.591022491455078,-10.52106761932373,4.444821357727051,-7.010190486907959,5.037842750549316,-6.76152229309082,3.813021421432495,-2.655320405960083,-0.0554935485124588,2209.573799429134,0.4345017671585083,0.424263060092926,0.4327327013015747,0.46114492416381836,0.5621179342269897,0.5100036859512329,0.5341173410415649,0.5604581236839294,0.4996044933795929,0.43722108006477356,0.4402541518211365,0.4664270281791687
rock.00019.wav,data/genres_original/rock/rock.00019.wav,-84.2173080444336,102.3507308959961,-41.34684753417969,47.03288269042969,-16.961946487426758,26.2421817779541,-18.962617874145508,18.802515029907227,-21.695796966552734,11.055485725402832,-19.242597579956055,5.239127159118652,-16.765684127807617,1.1029646396636963,-9.672751426696777,1.0961788892745972,-7.546067714691162,3.2413170337677,-4.718832969665527,-0.31406575441360474,2321.139396040278,0.3430258333683014,0.3712442219257355,0.3513875901699066,0.4319881796836853,0.5659595131874084,0.48306187987327576,0.45348361134529114,0.4191831350326538,0.5912014842033386,0.3747522830963135,0.3506423532962799,0.4948945939540863
rock.00020.wav,data/genres_original/rock/rock.00020.wav,-56.94345474243164,115.21054077148438,-30.444604873657227,37.20380783081055,-21.99480438232422,21.870763778686523,-19.770648956298828,14.999987602233887,-24.074703216552734,17.787263870239258,-17.278640747070312,6.752427577972412,-10.744572639465332,0.8234407901763916,-10.16356372833252,3.6828911304473877,-8.5632905960083,-0.9132159352302551,-2.526801109313965,-1.9751111268997192,2188.2645254060567,0.30336397886276245,0.3167511820793152,0.5132278800010681,0.707420825958252,0.3882827162742615,0.34196123480796814,0.3345622718334198,0.3767314851284027,0.36351120471954346,0.35549506545066833,0.4880790114402771,0.28867167234420776
rock.00021.wav,data/genres_original/rock/rock.00021.wav,-55.33061599731445,114.4424819946289,-34.06888961791992,37.984397888183594,-22.331317901611328,18.52655601501465,-18.157928466796875,13.80614185333252,-27.80347442626953,18.16130828857422,-14.623385429382324,6.555210590362549,-8.269665718078613,-2.252011299133301,-11.609421730041504,2.4999234676361084,-10.94698715209961,0.7085558772087097,-0.6801807880401611,-0.06256292760372162,2157.8298998957616,0.3043311834335327,0.4318467974662781,0.3516536355018616,0.4240802526473999,0.40294304490089417,0.5365520119667053,0.48439693450927734,0.36903926730155945,0.5250819325447083,0.35448116064071655,0.2834916114807129,0.2466229349374771
rock.00022.wav,data/genres_original/rock/rock.00022.wav,-34.62348556518555,106.51091003417969,-41.0748291015625,33.66883850097656,-27.23453140258789,21.397689819335938,-21.319238662719727,14.007781982421875,-27.776123046875,16.067190170288086,-18.824478149414062,5.654365539550781,-14.290796279907227,0.8202117085456848,-10.535016059875488,4.442193984985352,-7.468855857849121,2.0718624591827393,-2.9032278060913086,-0.36146125197410583,2342.335377421103,0.271344393491745,0.2990436255931854,0.4118576645851135,0.6115843653678894,0.4278053343296051,0.3554677963256836,0.4211024343967438,0.4756377637386322,0.38529130816459656,0.3826206922531128,0.6010224223136902,0.3481481075286865
rock.00023.wav,data/genres_original/rock/rock.00023.wav,-88.29215240478516,105.3929443359375,-24.510698318481445,41.84850311279297,-22.376436233520508,23.73419952392578,-19.80242347717285,15.15058708190918,-27.119735717773438,13.858990669250488,-15.214505195617676,8.941472053527832,-12.80436897277832,-1.1132383346557617,-10.047706604003906,1.7845187187194824,-7.352938175201416,7.100996971130371,0.5957776308059692,2.5131235122680664,2295.565769219044,0.20131446421146393,0.1613626480102539,0.3264275789260864,0.3944483995437622,0.23094026744365692,0.4077589213848114,0.3000060021877289,0.3729515075683594,0.28055962920188904,0.24626588821411133,0.38261374831199646,0.2268354594707489
rock.00024.wav,data/genres_original/rock/rock.00024.wav,-52.4997444152832,99.70246124267578,-47.39474868774414,47.02238464355469,-21.03191566467285,22.886384963989258,-18.29364585876465,13.892617225646973,-23.449201583862305,13.50993537902832,-18.669525146484375,5.705554485321045,-12.896329879760742,1.1990840435028076,-12.417318344116211,0.37735381722450256,-9.145066261291504,1.5957401990890503,-4.122615814208984,0.3086719810962677,2320.555690085727,0.32637572288513184,0.35440152883529663,0.5402936339378357,0.3419961929321289,0.3809231221675873,0.3765632212162018,0.5847079157829285,0.40148013830184937,0.3567408621311188,0.4950527846813202,0.33336013555526733,0.3696782886981964
rock.00025.wav,data/genres_original/rock/rock.00025.wav,-47.051177978515625,95.7659683227539,-43.925437927246094,52.07753372192383,-22.552745819091797,20.855411529541016,-18.68784523010254,19.24420738220215,-21.26524543762207,21.887393951416016,-19.218746185302734,9.456286430358887,-12.582292556762695,3.8869049549102783,-8.500131607055664,6.2726569175720215,-9.128360748291016,2.687169075012207,-2.443375587463379,-1.8786507844924927,2510.355618928361,0.354024738073349,0.290355920791626,0.31691622734069824,0.3838551938533783,0.44919413328170776,0.3731195330619812,0.3605552315711975,0.4542836844921112,0.4977954626083374,0.574660062789917,0.4909641146659851,0.4355064928531647
rock.00026.wav,data/genres_original/rock/rock.00026.wav,-58.966331481933594,106.56531524658203,-31.794187545776367,47.91972732543945,-17.430267333984375,27.756452560424805,-14.035482406616211,22.419858932495117,-20.562475204467773,19.568918228149414,-14.586194038391113,10.188965797424316,-10.941551208496094,4.525452613830566,-9.733945846557617,4.61580753326416,-10.116572380065918,1.4642449617385864,-3.0028908252716064,-0.6160977482795715,2263.522165083779,0.4504964351654053,0.33716851472854614,0.5083204507827759,0.2644282281398773,0.3095910847187042,0.4997200071811676,0.40608927607536316,0.49733656644821167,0.3300863206386566,0.39048755168914795,0.2999882996082306,0.3037656545639038
rock.00027.wav,data/genres_original/rock/rock.00027.wav,-123.34534454345703,74.8816909790039,-17.05803680419922,31.6099853515625,2.5446815490722656,17.328310012817383,-3.815232753753662,9.723453521728516,-7.237524032592773,11.25865650177002,0.38198885321617126,3.4685218334198,1.6636860370635986,-3.159435749053955,-1.0820167064666748,0.31572532653808594,-5.987600326538086,-0.31926414370536804,-2.3376035690307617,-4.321616172790527,2669.3593345236,0.318748414516449,0.35172146558761597,0.35739389061927795,0.44252991676330566,0.38809165358543396,0.532345175743103,0.47069454193115234,0.37323060631752014,0.42527884244918823,0.4046817123889923,0.44684550166130066,0.31869012117385864
rock.00028.wav,data/genres_original/rock/rock.00028.wav,-92.62162780761719,101.81189727783203,-33.46739959716797,48.70225524902344,12.402113914489746,20.806869506835938,8.704764366149902,9.274925231933594,2.7675459384918213,5.23905611038208,-9.331889152526855,-3.4845621585845947,-4.351447582244873,-4.657902240753174,-3.969306230545044,-3.1256861686706543,-7.000377178192139,-0.3966834545135498,-1.1515988111495972,-6.007458686828613,2047.1451067117212,0.40686672925949097,0.39283645153045654,0.38605746626853943,0.4075002670288086,0.3505007028579712,0.4760535657405853,0.3409876227378845,0.3752099275588989,0.49480700492858887,0.5509887933731079,0.658734917640686,0.4723640978336334
rock.00029.wav,data/genres_original/rock/rock.00029.wav,-42.4476203918457,85.06941223144531,-7.393642902374268,40.71379089355469,-1.012337565422058,18.935546875,-3.5306556224823,5.873620986938477,-5.017306804656982,4.243310451507568,-3.1803700923919678,-0.5721076726913452,-0.5273755788803101,2.3468527793884277,-0.3630969524383545,-4.098454475402832,-3.854158878326416,-3.9137461185455322,-5.782468318939209,-4.328388690948486,2444.584086039301,0.5637409090995789,0.504362165927887,0.5165684223175049,0.35908031463623047,0.34413835406303406,0.3663548529148102,0.40779486298561096,0.47483131289482117,0.3480243384838104,0.38592949509620667,0.3457157611846924,0.40667223930358887
rock.00030.wav,data/genres_original/rock/rock.00030.wav,-131.44668579101562,67.7161636352539,32.89906311035156,34.58986282348633,-3.2580535411834717,21.88393211364746,-5.811073303222656,10.24113941192627,-7.056926250457764,2.2975730895996094,-4.367959022521973,-3.330298900604248,-6.280026912689209,-0.23067869246006012,-1.9748886823654175,-1.892943024635315,-0.8794302344322205,0.9514910578727722,-1.5379334688186646,-1.170861840248108,2945.1945450846843,0.27192988991737366,0.34288743138313293,0.5329797267913818,0.47947895526885986,0.5178716778755188,0.4412769079208374,0.3314369022846222,0.264569491147995,0.3683526813983917,0.4143606722354889,0.338755339384079,0.38016051054000854
rock.00031.wav,data/genres_original/rock/rock.00031.wav,-89.13876342773438,81.39791870117188,-12.569811820983887,22.79275131225586,-7.059606075286865,-0.4924919307231903,2.7757723331451416,-3.429509401321411,-7.712828636169434,-0.8480600714683533,-4.887397766113281,-2.6848654747009277,-5.287197589874268,-4.596275329589844,-2.968424081802368,-2.2058465480804443,-3.5681211948394775,-1.0009714365005493,-0.5015640258789062,-0.9720013737678528,2638.867641788369,0.3280930519104004,0.3173721730709076,0.5181567072868347,0.2925289571285248,0.32835954427719116,0.3577784597873688,0.4459720849990845,0.5425021648406982,0.2794012427330017,0.31002277135849,0.3371366262435913,0.3730950951576233
rock.00032.wav,data/genres_original/rock/rock.00032.wav,-26.406457901000977,85.7942886352539,-16.961444854736328,35.26088333129883,10.000134468078613,10.66892147064209,1.446997046470642,4.710634708404541,-0.04728304222226143,2.0705883502960205,0.42054691910743713,5.425936222076416,-0.9531182050704956,0.4848046600818634,-1.526277780532837,-2.4637327194213867,-5.8784074783325195,-1.550974726676941,-6.817296504974365,-1.3808377981185913,2345.8857364588525,0.43060970306396484,0.3463960587978363,0.44818243384361267,0.33340173959732056,0.41670510172843933,0.3684156537055969,0.3670395612716675,0.3646494746208191,0.34013500809669495,0.4698812663555145,0.3244755268096924,0.3918420970439911
rock.00033.wav,data/genres_original/rock/rock.00033.wav,-119.11726379394531,128.92800903320312,-17.856237411499023,29.17547035217285,2.7212584018707275,8.00131893157959,-7.05839204788208,3.877889633178711,-1.5081707239151,-3.9838595390319824,-7.040401935577393,-2.867053270339966,-4.177796363830566,-1.845940113067627,-2.9485058784484863,-2.2536001205444336,-0.5701704025268555,-0.09753908962011337,-2.796661138534546,-2.633016586303711,1673.575889634683,0.3723923861980438,0.606053352355957,0.34555256366729736,0.23532818257808685,0.2497366964817047,0.19768983125686646,0.2348640412092209,0.2149033397436142,0.3958863914012909,0.3999893069267273,0.2616327106952667,0.36821579933166504
rock.00034.wav,data/genres_original/rock/rock.00034.wav,-28.089372634887695,65.62969207763672,-7.353229999542236,33.59356689453125,11.073498725891113,14.760503768920898,2.1976208686828613,10.063779830932617,-0.3293839693069458,10.136313438415527,-2.748821973800659,3.191470146179199,-1.683266282081604,-0.15931503474712372,-1.6892452239990234,1.850085973739624,-3.969614028930664,-1.6286492347717285,-6.391317367553711,-3.8662078380584717,2789.7940380072873,0.5104292035102844,0.3510914146900177,0.31441423296928406,0.3058170676231384,0.4473798871040344,0.5642359256744385,0.4735877513885498,0.4504987895488739,0.4407629668712616,0.49822431802749634,0.3285388648509979,0.36564722657203674
rock.00035.wav,data/genres_original/rock/rock.00035.wav,-124.00578308105469,109.50320434570312,5.883206367492676,32.8846549987793,10.982733726501465,11.693243980407715,12.6799955368042,12.969648361206055,1.6491060256958008,4.502442836761475,9.673786163330078,3.0551998615264893,3.5307934284210205,0.7348747849464417,1.7676072120666504,-0.6809697151184082,-0.039916131645441055,-1.010947585105896,-5.559717655181885,-0.849761962890625,1867.3888525990114,0.46985769271850586,0.43277326226234436,0.45421725511550903,0.42379042506217957,0.5113279223442078,0.39766925573349,0.3519328236579895,0.28515729308128357,0.40643543004989624,0.5120176672935486,0.551781415939331,0.6898466944694519
rock.00036.wav,data/genres_original/rock/rock.00036.wav,-0.4510207176208496,72.646728515625,-13.214343070983887,23.930400848388672,10.373189926147461,10.316969871520996,-4.924216270446777,14.358382225036621,-0.6711963415145874,9.922937393188477,0.7018817663192749,5.224046230316162,-4.066709995269775,0.36133885383605957,-0.3102702796459198,-1.3569222688674927,-6.176687717437744,1.0102044343948364,-3.396212339401245,1.3683000802993774,2841.8971917238737,0.4392227828502655,0.36755165457725525,0.4796190857887268,0.3761228024959564,0.4704066812992096,0.5320163369178772,0.38834112882614136,0.46393856406211853,0.4424363970756531,0.5049328804016113,0.31915903091430664,0.35698816180229187
rock.00037.wav,data/genres_original/rock/rock.00037.wav,-71.16524505615234,79.44672393798828,-20.79361343383789,30.656105041503906,5.538387298583984,3.697484016418457,4.694746971130371,7.271404266357422,-5.486176490783691,2.4909720420837402,0.8379978537559509,-0.5833189487457275,-1.8935434818267822,-4.785829544067383,-3.0449233055114746,-3.8708224296569824,-6.898971080780029,-3.781496524810791,-4.804478168487549,-4.806346416473389,2627.053081238353,0.5384738445281982,0.37784790992736816,0.4194887578487396,0.398686945438385,0.5362976789474487,0.5025846362113953,0.47094079852104187,0.5823389887809753,0.3983941376209259,0.36292359232902527,0.3946123421192169,0.43923288583755493
rock.00038.wav,data/genres_original/rock/rock.00038.wav,-15.928070068359375,67.1530990600586,-20.121902465820312,15.576830863952637,4.801263332366943,10.825859069824219,5.959400177001953,11.796420097351074,-0.39681538939476013,5.655035495758057,0.11372389644384384,1.0979241132736206,-1.7415590286254883,5.704884052276611,-0.5941917300224304,1.7240591049194336,-1.577642560005188,1.5810983180999756,0.4128150939941406,2.9387238025665283,2794.963091628599,0.4175938069820404,0.45080944895744324,0.34054532647132874,0.31278887391090393,0.2964822053909302,0.3811033368110657,0.49708664417266846,0.39840230345726013,0.4670009911060333,0.4283679127693176,0.47014251351356506,0.4774123728275299
rock.00039.wav,data/genres_original/rock/rock.00039.wav,-50.866233825683594,86.3950424194336,-14.416372299194336,12.843613624572754,21.69902992248535,4.23861026763916,1.7381629943847656,3.706432580947876,4.691946983337402,-1.863010287284851,-1.1926677227020264,-0.01012139581143856,-4.118913650512695,-5.764848232269287,-1.0660443305969238,2.3003084659576416,-1.5742459297180176,-3.8516485691070557,-6.143411636352539,-5.374651908874512,2559.2817874296557,0.39413753151893616,0.3500882685184479,0.45510491728782654,0.3647708594799042,0.5650880336761475,0.35070064663887024,0.432422399520874,0.3444264233112335,0.4171503484249115,0.6944125890731812,0.44611284136772156,0.49792948365211487
rock.00040.wav,data/genres_original/rock/rock.00040.wav,-65.98846435546875,61.276981353759766,-1.9339224100112915,35.32307434082031,9.3201904296875,7.569520950317383,3.4152934551239014,2.978024959564209,4.615322589874268,2.9165239334106445,1.774064064025879,-0.39260390400886536,-5.753547191619873,-3.4833171367645264,-3.6841917037963867,-5.719156265258789,-3.9535746574401855,-3.087221384048462,-2.7268662452697754,-0.9123458862304688,3009.9775310236832,0.39024633169174194,0.4470079839229584,0.5124948024749756,0.5133935213088989,0.4584040641784668,0.3702154755592346,0.35913804173469543,0.4195840060710907,0.4074733853340149,0.3855951428413391,0.3432604670524597,0.386251837015152
rock.00041.wav,data/genres_original/rock/rock.00041.wav,-35.399131774902344,73.67545318603516,-20.210777282714844,17.16295623779297,14.951290130615234,10.214682579040527,7.604469299316406,1.5989147424697876,4.177347183227539,0.7355448603630066,-0.3854457139968872,-1.313180685043335,-2.049189805984497,2.526911497116089,3.6032965183258057,-3.539565086364746,-4.791193962097168,-2.505460023880005,-3.984203338623047,-0.8272480368614197,2807.30058491141,0.5825343132019043,0.3452700972557068,0.3018414080142975,0.30954012274742126,0.35092395544052124,0.36565518379211426,0.3807864189147949,0.5291762948036194,0.3091089427471161,0.39793381094932556,0.42170441150665283,0.5321054458618164
rock.00042.wav,data/genres_original/rock/rock.00042.wav,-74.19892120361328,76.74987030029297,-3.812321901321411,28.0325870513916,8.144329071044922,6.018873691558838,4.306131839752197,0.5052437782287598,2.85621976852417,-0.9419192671775818,-2.350552797317505,-0.2828634977340698,-1.4562792778015137,-3.6081466674804688,-1.526633381843567,-1.5142529010772705,-5.018996715545654,-2.3985135555267334,-2.977654218673706,-4.949840545654297,2794.3709144990316,0.46312639117240906,0.3869172930717468,0.42881953716278076,0.4011441171169281,0.4956721365451813,0.4131526052951813,0.4010801911354065,0.44342508912086487,0.44300577044487,0.5469387769699097,0.42912760376930237,0.48019224405288696
rock.00043.wav,data/genres_original/rock/rock.00043.wav,-62.0799446105957,75.84868621826172,-26.75746726989746,18.279897689819336,2.4523019790649414,5.826196670532227,11.583855628967285,0.009005897678434849,8.69517993927002,5.51440954208374,-0.25100040435791016,2.399003744125366,-1.7422585487365723,-3.171658754348755,2.0054280757904053,-1.4090079069137573,-5.526298999786377,-2.5283453464508057,0.6192493438720703,-1.4051203727722168,2740.1544161420566,0.4710504412651062,0.509318470954895,0.4778035581111908,0.41434159874916077,0.41294780373573303,0.3103385865688324,0.3512398898601532,0.48247477412223816,0.4195151925086975,0.5124562978744507,0.3374251127243042,0.34397590160369873
rock.00044.wav,data/genres_original/rock/rock.00044.wav,-118.35712432861328,130.22547912597656,-3.0720040798187256,15.73430347442627,3.9399163722991943,10.663592338562012,6.8349127769470215,3.392951250076294,0.7619886994361877,-2.5365586280822754,-3.1070430278778076,-2.8583643436431885,-1.6224064826965332,-0.20532198250293732,0.7333941459655762,2.0148191452026367,2.07887864112854,4.150557518005371,3.1571192741394043,2.2541370391845703,1652.179327113778,0.5332776308059692,0.2444031685590744,0.20941570401191711,0.19077973067760468,0.35344091057777405,0.34746500849723816,0.3010243773460388,0.5034682154655457,0.3016223907470703,0.3484557271003723,0.1478770524263382,0.2555488348007202
rock.00045.wav,data/genres_original/rock/rock.00045.wav,-172.5916748046875,142.76536560058594,-55.78308868408203,79.3111343383789,-1.868382453918457,4.811142444610596,0.23752719163894653,-11.501948356628418,-0.27545639872550964,-9.372540473937988,-7.673829078674316,-11.250282287597656,-5.676461696624756,-11.29542064666748,-7.681622505187988,-4.27793025970459,-11.27920913696289,-7.829242706298828,-7.725133895874023,-8.160576820373535,1561.5465305371351,0.2660714089870453,0.2501645088195801,0.16539649665355682,0.247439906001091,0.6207771301269531,0.4047049880027771,0.26523062586784363,0.28846341371536255,0.32297173142433167,0.7141336798667908,0.45742669701576233,0.33341312408447266
rock.00046.wav,data/genres_original/rock/rock.00046.wav,-83.09335327148438,91.52498626708984,-13.697014808654785,16.139076232910156,10.334053039550781,5.530343055725098,-9.44882869720459,-6.6147942543029785,-3.031773328781128,4.939131259918213,2.646474599838257,1.0551015138626099,-3.6679463386535645,-1.6078455448150635,-4.428870677947998,-1.8596181869506836,2.0090718269348145,-1.0240622758865356,-3.177300453186035,-2.2925801277160645,2428.532242218463,0.263582706451416,0.3582333028316498,0.31676551699638367,0.26039576530456543,0.5888849496841431,0.2857482433319092,0.29661843180656433,0.4417625367641449,0.42671462893486023,0.5373969078063965,0.3047899305820465,0.25484994053840637
rock.00047.wav,data/genres_original/rock/rock.00047.wav,-58.289485931396484,62.493953704833984,-12.66530704498291,31.92991065979004,8.108556747436523,2.252082109451294,3.901430606842041,1.4481052160263062,-2.7169506549835205,1.1021156311035156,-0.4605376422405243,-2.382965564727783,1.2428723573684692,-1.4979299306869507,-0.4699665904045105,1.0395392179489136,-2.070160388946533,-1.5083192586898804,-3.2080483436584473,-5.061896324157715,2998.5568440596116,0.4121414124965668,0.4802226722240448,0.4723411202430725,0.36316829919815063,0.40106022357940674,0.41009047627449036,0.5291414260864258,0.5932583212852478,0.5054048895835876,0.516404390335083,0.4586607813835144,0.3946821391582489
rock.00048.wav,data/genres_original/rock/rock.00048.wav,-93.35920715332031,137.4654541015625,-45.09274673461914,37.81913757324219,-9.423070907592773,12.591269493103027,-7.494570732116699,5.548375129699707,-3.7386364936828613,-2.0140531063079834,-2.458911895751953,-9.575428009033203,-3.1775436401367188,-5.571349620819092,-7.50640344619751,-5.6773905754089355,-2.004128932952881,-3.871002197265625,-6.218141555786133,-8.103473663330078,1646.6339142770562,0.33156147599220276,0.23280951380729675,0.21220219135284424,0.18636499345302582,0.3368176221847534,0.16999363899230957,0.2209276556968689,0.264460951089859,0.3870914578437805,0.6787099242210388,0.4177621603012085,0.4196600317955017
rock.00049.wav,data/genres_original/rock/rock.00049.wav,-142.48468017578125,116.1689224243164,2.269467830657959,31.065387725830078,6.192660808563232,0.11036242544651031,0.31725290417671204,7.794024467468262,3.2462351322174072,-3.0221729278564453,1.7105085849761963,0.742647111415863,0.14290626347064972,-4.416968822479248,-4.471245765686035,0.5134278535842896,1.232740879058838,-0.15891490876674652,-2.6162970066070557,-4.449161529541016,2077.5446322647385,0.30426791310310364,0.5317855477333069,0.221968874335289,0.2581038773059845,0.5202373266220093,0.433476060628891,0.6804550290107727,0.3784324824810028,0.3689948618412018,0.3512265086174011,0.28048086166381836,0.42386606335639954
rock.00050.wav,data/genres_original/rock/rock.00050.wav,-145.00860595703125,118.48389434814453,20.53221321105957,28.56977081298828,2.352550983428955,10.08584213256836,11.913155555725098,4.856400489807129,-0.06745915114879608,3.293767213821411,3.4043335914611816,3.653158664703369,5.371288776397705,2.260551691055298,1.8730617761611938,0.8674154877662659,-1.1843063831329346,0.8131392598152161,1.8204096555709839,1.7971773147583008,1720.5912503156892,0.4170418381690979,0.7216698527336121,0.3761596977710724,0.3397258520126343,0.3340219259262085,0.4181554317474365,0.3495013117790222,0.3385075330734253,0.45531201362609863,0.3377349078655243,0.3454696238040924,0.3024064004421234
rock.00051.wav,data/genres_original/rock/rock.00051.wav,-66.34944915771484,66.78923034667969,25.184574127197266,26.302906036376953,5.300069808959961,10.46248722076416,2.4782750606536865,0.7563056945800781,-0.37080538272857666,1.7285492420196533,3.213731050491333,5.036755084991455,-1.940718412399292,-3.0750815868377686,0.38418489694595337,-0.7763855457305908,3.720017671585083,2.4019525051116943,0.20658397674560547,-1.6939888000488281,3030.4355509553056,0.2802903354167938,0.4270450472831726,0.33739182353019714,0.532355785369873,0.3297165334224701,0.3088653087615967,0.3259817361831665,0.39744481444358826,0.6419520378112793,0.37248921394348145,0.2579137086868286,0.21388329565525055
rock.00052.wav,data/genres_original/rock/rock.00052.wav,-181.25509643554688,103.40521240234375,9.393451690673828,19.076099395751953,13.79349136352539,-0.4987662732601166,4.365122318267822,-7.60660457611084,-8.104536056518555,-0.14549992978572845,-5.163271903991699,-6.306929588317871,-5.4644317626953125,-5.976899147033691,-1.1781266927719116,-2.668855667114258,-5.184939861297607,-5.285637855529785,-5.797173976898193,-3.7187390327453613,2187.2085144317775,0.2185976207256317,0.19311103224754333,0.2835478186607361,0.4127536118030548,0.22873957455158234,0.25850483775138855,0.37188076972961426,0.43080762028694153,0.5829676985740662,0.40107613801956177,0.3416332006454468,0.3647936284542084
rock.00053.wav,data/genres_original/rock/rock.00053.wav,4.066039085388184,52.615936279296875,-11.040760040283203,19.7084903717041,11.29083251953125,7.062537670135498,5.064019203186035,4.561151027679443,0.028141245245933533,5.148393154144287,3.3997623920440674,1.1702251434326172,0.5825347304344177,1.278739094734192,0.7192795872688293,-0.8079882860183716,-3.009650230407715,-1.7066329717636108,-1.6908512115478516,-1.2908860445022583,3361.7673453402167,0.7868888974189758,0.42137107253074646,0.33246132731437683,0.28560230135917664,0.3797677159309387,0.41571253538131714,0.34589245915412903,0.4563615620136261,0.29676347970962524,0.3598722219467163,0.39288458228111267,0.4361371397972107
rock.00054.wav,data/genres_original/rock/rock.00054.wav,-156.23690795898438,75.61201477050781,-16.506855010986328,16.34114646911621,5.8195719718933105,6.018424034118652,-4.133172988891602,-3.7573888301849365,-6.168893814086914,-8.92888069152832,-4.102284908294678,-2.2225191593170166,-4.650421619415283,-5.4141645431518555,-4.688722610473633,-7.082146167755127,-3.8898086547851562,1.3867225646972656,-2.009948253631592,-4.728931427001953,2632.7402137243284,0.4882420301437378,0.2697414755821228,0.3218526542186737,0.3490833342075348,0.2685244679450989,0.2609822452068329,0.2612728774547577,0.6255216598510742,0.26060572266578674,0.27396950125694275,0.4244939982891083,0.3554515242576599
rock.00055.wav,data/genres_original/rock/rock.00055.wav,-91.8997802734375,130.00648498535156,1.7901883125305176,11.658317565917969,3.228639602661133,-1.966854453086853,-2.212193727493286,-0.8591418862342834,-4.337864398956299,-3.5468602180480957,-1.5544235706329346,-0.5467613935470581,0.4062907099723816,-1.6508830785751343,-4.570644855499268,-2.974742889404297,-4.28066873550415,-2.6867947578430176,-3.5489158630371094,-1.4507277011871338,1711.1893544921813,0.6360693573951721,0.4350593090057373,0.3285312056541443,0.31292855739593506,0.5388334393501282,0.4928084909915924,0.3458015024662018,0.5243200063705444,0.3866039514541626,0.4909287095069885,0.3170536756515503,0.3704276382923126
rock.00056.wav,data/genres_original/rock/rock.00056.wav,-7.851338863372803,59.508636474609375,3.669032573699951,28.985015869140625,4.1454854011535645,10.275527954101562,2.5448920726776123,7.594006061553955,-1.3849740028381348,2.960132122039795,4.042453289031982,-0.7512194514274597,1.0540920495986938,-3.042893648147583,-0.9932118654251099,-0.6897627115249634,-0.6888782978057861,1.5260838270187378,-0.46764644980430603,0.5032029151916504,3303.904679679877,0.4081641137599945,0.38004159927368164,0.42803654074668884,0.5168927311897278,0.773364245891571,0.5061482191085815,0.4793325960636139,0.43805643916130066,0.4537322223186493,0.4861309826374054,0.4522993862628937,0.5400282144546509
rock.00057.wav,data/genres_original/rock/rock.00057.wav,-58.60115051269531,64.89227294921875,15.939432144165039,5.449438095092773,7.535342216491699,9.880082130432129,1.5892504453659058,5.345211505889893,-1.2376222610473633,-2.029954671859741,2.443626642227173,-0.7237526178359985,-0.31555262207984924,-1.482503890991211,3.2967114448547363,3.6478633880615234,-2.5096354484558105,-1.1688024997711182,-2.3101038932800293,-2.2162861824035645,3488.995725081282,0.3999660313129425,0.2727224826812744,0.4245148301124573,0.3297969102859497,0.43738335371017456,0.44382891058921814,0.42470216751098633,0.4153623878955841,0.3071868121623993,0.4703580439090729,0.3083031475543976,0.44737938046455383
rock.00058.wav,data/genres_original/rock/rock.00058.wav,-142.0154266357422,96.9969482421875,23.240543365478516,10.443575859069824,6.282169342041016,4.967879295349121,1.0824391841888428,1.095839023590088,-4.841728210449219,0.8765875697135925,-3.4558091163635254,-2.0117530822753906,-5.893535614013672,-6.029563903808594,-2.1259286403656006,-6.162349224090576,-0.3229469358921051,5.093541622161865,0.12192107737064362,1.6692508459091187,2437.580126873773,0.38794898986816406,0.2264895886182785,0.3521353602409363,0.2789197862148285,0.2076113373041153,0.27824363112449646,0.3309917151927948,0.5571761727333069,0.2524675726890564,0.195335254073143,0.26765570044517517,0.2777550518512726
rock.00059.wav,data/genres_original/rock/rock.00059.wav,-219.125244140625,94.35542297363281,42.78742218017578,16.116039276123047,9.527345657348633,12.908823013305664,7.72127628326416,2.3854546546936035,-1.0225297212600708,-1.9537667036056519,-1.979730248451233,3.1503798961639404,-0.8850412368774414,-6.86201286315918,-5.066963195800781,-4.009857654571533,-5.5967278480529785,-4.992254257202148,-2.514643907546997,-4.2916579246521,2424.966690601346,0.3104129731655121,0.30853575468063354,0.5191375613212585,0.31582075357437134,0.3843476474285126,0.2414051741361618,0.3148210048675537,0.36375734210014343,0.27036574482917786,0.3230273723602295,0.2666431963443756,0.456104040145874
rock.00060.wav,data/genres_original/rock/rock.00060.wav,-82.6666488647461,83.48526763916016,-0.5739469528198242,10.484199523925781,10.418731689453125,7.0719404220581055,5.08042049407959,0.08345263451337814,-0.207964688539505,-0.9347754120826721,-0.09718934446573257,-1.6991580724716187,-1.0245147943496704,0.17488037049770355,2.3965559005737305,-0.4495468735694885,0.8480216860771179,-1.8520991802215576,-4.513157844543457,-3.202277660369873,2797.3841277517295,0.40800055861473083,0.294407457113266,0.4279933571815491,0.37556400895118713,0.5989767909049988,0.38383087515830994,0.3265708386898041,0.4396095871925354,0.3573733866214752,0.5467727184295654,0.3132629990577698,0.3934614956378937
rock.00061.wav,data/genres_original/rock/rock.00061.wav,-193.56298828125,98.39903259277344,44.0577278137207,23.779394149780273,12.564505577087402,8.46066951751709,2.1713907718658447,-0.3465065062046051,-8.192858695983887,-9.118401527404785,-5.235873222351074,-4.838527202606201,-1.3708207607269287,-1.2642079591751099,3.2184038162231445,3.688591480255127,1.3783066272735596,2.711911916732788,1.6968778371810913,-1.7956174612045288,2072.9854708489925,0.21089807152748108,0.17281284928321838,0.2950103282928467,0.2831808626651764,0.5218197107315063,0.292048841714859,0.2679177224636078,0.2750875651836395,0.269813597202301,0.5310327410697937,0.22502759099006653,0.2525292634963989
rock.00062.wav,data/genres_original/rock/rock.00062.wav,-212.29835510253906,65.75984954833984,45.1823616027832,19.73008155822754,11.805886268615723,8.061574935913086,4.434144973754883,4.215857982635498,-2.318168878555298,-2.189948320388794,-1.6369861364364624,-4.651898384094238,-3.726616859436035,-6.779794216156006,-3.003058671951294,-6.520256996154785,-10.924708366394043,-3.3911235332489014,-1.209254264831543,-3.121755361557007,2947.109224451956,0.2898940145969391,0.39483481645584106,0.31175753474235535,0.34848055243492126,0.32195037603378296,0.292072057723999,0.2952509820461273,0.3152714669704437,0.40645673871040344,0.27608412504196167,0.2844938039779663,0.3001715838909149
rock.00063.wav,data/genres_original/rock/rock.00063.wav,-302.7938232421875,116.16439819335938,44.757293701171875,25.957435607910156,18.726184844970703,7.572910308837891,7.335750102996826,4.042331695556641,-4.1868815422058105,0.8677526712417603,0.9239050149917603,2.8157293796539307,1.41951584815979,-3.4723825454711914,-0.9045975804328918,0.5782952308654785,-0.8160130381584167,-2.373943328857422,0.3761179745197296,-1.8671848773956299,1711.662555940787,0.4629462659358978,0.3568277955055237,0.3942190706729889,0.33593088388442993,0.32657796144485474,0.2936863303184509,0.2805521488189697,0.4223926067352295,0.3373672366142273,0.1984734982252121,0.22800864279270172,0.31855109333992004
rock.00064.wav,data/genres_original/rock/rock.00064.wav,-118.8187026977539,104.41145324707031,-29.167768478393555,42.10883712768555,-13.289313316345215,29.063268661499023,-20.876985549926758,21.613054275512695,-24.322349548339844,10.711962699890137,-15.105816841125488,5.948564529418945,-11.778100967407227,-0.9063824415206909,-11.019617080688477,-0.20106850564479828,-6.916348934173584,-1.295627236366272,-6.312215805053711,-2.706533908843994,2181.717912335607,0.3839550018310547,0.334790974855423,0.4506455063819885,0.35158583521842957,0.34801968932151794,0.39718425273895264,0.3833526372909546,0.4723474383354187,0.3420872390270233,0.37299615144729614,0.3397029638290405,0.3153824806213379
rock.00065.wav,data/genres_original/rock/rock.00065.wav,-95.29631042480469,103.81674194335938,-37.021419525146484,52.69776916503906,-20.76406478881836,27.576885223388672,-17.5366268157959,24.81313133239746,-11.300559997558594,16.644617080688477,-9.249601364135742,10.18789291381836,-8.786781311035156,1.8505749702453613,-3.9489753246307373,2.173562526702881,-6.692843914031982,5.105644702911377,-9.697919845581055,-3.9585342407226562,2294.29156586485,0.44059351086616516,0.41216567158699036,0.33255165815353394,0.3921735882759094,0.35681307315826416,0.47089114785194397,0.33452895283699036,0.3663201332092285,0.4129416048526764,0.4310821294784546,0.44463321566581726,0.347848504781723
rock.00066.wav,data/genres_original/rock/rock.00066.wav,-245.1856689453125,95.09854125976562,-21.243844985961914,45.65591812133789,-3.562467575073242,14.98202896118164,-20.670310974121094,19.526782989501953,-21.713743209838867,7.327470302581787,-9.289676666259766,0.8187539577484131,-13.016045570373535,0.06169019639492035,-8.233159065246582,1.0623904466629028,-8.035914421081543,-0.39860132336616516,-4.3537211418151855,-4.219900608062744,2209.342049406717,0.31971633434295654,0.3091307282447815,0.43665027618408203,0.33092302083969116,0.34853947162628174,0.3071427345275879,0.34606245160102844,0.42684346437454224,0.3654896914958954,0.46317294239997864,0.3155030906200409,0.35195204615592957
rock.00067.wav,data/genres_original/rock/rock.00067.wav,-123.72794342041016,94.75423431396484,-9.566720008850098,53.2689094543457,-13.758111953735352,17.72808074951172,-19.212337493896484,25.298620223999023,-18.704410552978516,15.38591194152832,-12.513975143432617,9.367705345153809,-11.60157585144043,0.6617164015769958,-6.9941534996032715,3.35947585105896,-7.14115047454834,0.5074772834777832,-8.740342140197754,-1.470479965209961,2414.0028665552404,0.320687860250473,0.39530321955680847,0.40761029720306396,0.29601597785949707,0.3181520700454712,0.3376688063144684,0.5187559127807617,0.4103863537311554,0.41853615641593933,0.4857880771160126,0.3857514560222626,0.4202292859554291
rock.00068.wav,data/genres_original/rock/rock.00068.wav,-121.09558868408203,91.74797058105469,-14.709609985351562,52.973697662353516,-11.412965774536133,31.00334358215332,-17.491764068603516,24.202194213867188,-24.77862548828125,17.1135196685791,-15.886059761047363,10.376736640930176,-8.625382423400879,7.149123668670654,-11.83360767364502,3.175100326538086,-10.365116119384766,1.5153398513793945,-10.351568222045898,-2.4806504249572754,2467.0646621546953,0.3391262888908386,0.2888203561306,0.31820106506347656,0.38061290979385376,0.6024845838546753,0.4583044946193695,0.3793414235115051,0.3567889332771301,0.398095041513443,0.5071055889129639,0.36162492632865906,0.4348751902580261
rock.00069.wav,data/genres_original/rock/rock.00069.wav,-203.31390380859375,85.38172149658203,-11.5696439743042,54.77840042114258,-11.609858512878418,20.572912216186523,-27.770658493041992,18.878082275390625,-31.65644073486328,10.70988655090332,-11.932766914367676,4.121624946594238,-4.003612041473389,1.730050802230835,-7.909238815307617,4.326780796051025,-11.237884521484375,-1.1884880065917969,-5.031980514526367,-2.365041971206665,2569.1052765811332,0.21877345442771912,0.2089579701423645,0.21237756311893463,0.19988968968391418,0.38335418701171875,0.23846842348575592,0.2661985456943512,0.3734786808490753,0.38223057985305786,0.5763266086578369,0.3328971564769745,0.3443349599838257
rock.00070.wav,data/genres_original/rock/rock.00070.wav,-202.2282257080078,75.2136001586914,-14.220876693725586,66.3117904663086,-8.28917407989502,24.374107360839844,-16.250932693481445,17.12521743774414,-21.2917537689209,3.967785120010376,-19.749534606933594,0.4896683692932129,-4.50365686416626,-5.366430759429932,-8.973073959350586,-0.048069436103105545,-8.041707992553711,-0.5193085074424744,-6.804256439208984,-8.449042320251465,2512.1443220871984,0.2980141341686249,0.33777177333831787,0.3739974796772003,0.2970494031906128,0.38263341784477234,0.24051456153392792,0.3006943166255951,0.34210291504859924,0.4312593936920166,0.5821917057037354,0.38504135608673096,0.44464361667633057
rock.00071.wav,data/genres_original/rock/rock.00071.wav,-79.84979248046875,109.94088745117188,-17.12664031982422,47.195335388183594,-11.945708274841309,33.33559799194336,-11.69973087310791,23.630064010620117,-13.667413711547852,18.453718185424805,-6.937195301055908,13.033835411071777,-11.583446502685547,9.107575416564941,-5.955832481384277,4.915923118591309,-8.709808349609375,3.7020487785339355,-5.0979838371276855,2.6259043216705322,2024.9672114930113,0.42562517523765564,0.44742345809936523,0.6443229913711548,0.47449156641960144,0.49282601475715637,0.4911070466041565,0.4596177339553833,0.5053470730781555,0.42927300930023193,0.4466268718242645,0.30929648876190186,0.3271794021129608
rock.00072.wav,data/genres_original/rock/rock.00072.wav,-95.32930755615234,112.44345092773438,-2.078085422515869,47.04460525512695,-10.37358283996582,29.782087326049805,-15.11297607421875,20.185731887817383,-12.67420482635498,16.488859176635742,-7.8574347496032715,11.875227928161621,-11.181129455566406,8.876124382019043,-4.943288326263428,0.9183163642883301,-6.10785436630249,3.231332778930664,-8.072234153747559,0.7319101691246033,1933.566634741674,0.3414205014705658,0.3018082082271576,0.4412471055984497,0.34694600105285645,0.3716653287410736,0.3201145529747009,0.47359880805015564,0.48444586992263794,0.3721342384815216,0.5203414559364319,0.43266579508781433,0.4340323209762573
rock.00073.wav,data/genres_original/rock/rock.00073.wav,-61.65256118774414,103.55278015136719,-16.907657623291016,49.269325256347656,-14.810510635375977,31.711088180541992,-17.215970993041992,24.628934860229492,-14.482388496398926,18.02622413635254,-11.670495986938477,11.484824180603027,-9.816040992736816,8.860339164733887,-8.570696830749512,4.405292987823486,-8.278596878051758,1.5993289947509766,-7.026586532592773,-0.820845365524292,2224.311094028381,0.4450376629829407,0.3644627332687378,0.6024389863014221,0.39324888586997986,0.4569874703884125,0.49974438548088074,0.44484272599220276,0.6414501070976257,0.42187631130218506,0.4071212708950043,0.406232625246048,0.42035937309265137
rock.00074.wav,data/genres_original/rock/rock.00074.wav,-83.33729553222656,103.88045501708984,-13.938494682312012,56.89741134643555,-14.430379867553711,32.189998626708984,-14.128748893737793,19.159244537353516,-9.344778060913086,13.159194946289062,-11.727714538574219,8.406353950500488,-9.399950981140137,10.218947410583496,-4.2199320793151855,5.6187591552734375,-6.386377334594727,1.8045051097869873,-5.575815677642822,-0.43246743083000183,2140.7591092398616,0.3047143816947937,0.22778521478176117,0.3556419610977173,0.34231674671173096,0.4535422921180725,0.28544673323631287,0.32818618416786194,0.5742368698120117,0.5051422715187073,0.5809928178787231,0.3850104808807373,0.3898256719112396
rock.00075.wav,data/genres_original/rock/rock.00075.wav,-113.69889068603516,94.93524169921875,-4.11800479888916,51.78670883178711,-13.77385425567627,34.33351516723633,-17.59379005432129,22.54424476623535,-12.406814575195312,17.20265769958496,-9.234708786010742,9.976574897766113,-13.472090721130371,7.569343566894531,-7.269744396209717,3.6390860080718994,-8.464247703552246,0.3961259722709656,-9.225722312927246,-0.28027305006980896,2301.691479215312,0.35904574394226074,0.351085901260376,0.3651636242866516,0.3916260898113251,0.47922608256340027,0.3870648741722107,0.35297513008117676,0.4312083125114441,0.45055678486824036,0.5270242691040039,0.41521984338760376,0.39217373728752136
rock.00076.wav,data/genres_original/rock/rock.00076.wav,-132.3564453125,124.6559829711914,-9.664942741394043,46.451988220214844,-6.285324573516846,30.546499252319336,-11.1397705078125,20.411027908325195,-11.213242530822754,9.377023696899414,-5.82451868057251,7.829034328460693,-8.72843074798584,5.6276044845581055,-4.07881498336792,-0.6297497153282166,-8.119382858276367,-0.6760385036468506,-7.6109700202941895,-0.20681725442409515,1659.8731482944434,0.3765715956687927,0.35923585295677185,0.3050837516784668,0.2891120910644531,0.4124058187007904,0.31459346413612366,0.28966784477233887,0.24204404652118683,0.32703813910484314,0.4812074601650238,0.3721887171268463,0.3784882128238678
rock.00077.wav,data/genres_original/rock/rock.00077.wav,-103.93917846679688,101.90093994140625,-10.340605735778809,43.674171447753906,-11.524457931518555,26.93070411682129,-9.990091323852539,25.020719528198242,-14.218496322631836,19.7019100189209,-10.535613059997559,12.671650886535645,-12.685293197631836,6.84995698928833,-6.086559772491455,5.4550933837890625,-6.235661506652832,-1.4541351795196533,-8.232369422912598,-3.268690824508667,2188.176213337053,0.38839760422706604,0.42649516463279724,0.3877065181732178,0.5441388487815857,0.47885194420814514,0.4871257245540619,0.5555984973907471,0.4704526662826538,0.5307360887527466,0.349089652299881,0.4538003206253052,0.39250364899635315
rock.00078.wav,data/genres_original/rock/rock.00078.wav,-130.98988342285156,111.01549530029297,-2.1539201736450195,41.78767013549805,-3.1985116004943848,34.65847396850586,-17.611370086669922,19.876789093017578,-9.144963264465332,14.890434265136719,-6.844168663024902,9.199764251708984,-6.97499942779541,6.3184733390808105,-9.634724617004395,0.5111287236213684,-12.7766695022583,-4.886242389678955,-2.5131239891052246,-3.1215755939483643,1878.0900592313533,0.46494022011756897,0.39546123147010803,0.4529908299446106,0.34812459349632263,0.29393628239631653,0.26586681604385376,0.3000442385673523,0.4226185381412506,0.33092254400253296,0.3963968753814697,0.29666537046432495,0.3278181850910187
rock.00079.wav,data/genres_original/rock/rock.00079.wav,-91.38539123535156,112.11522674560547,-27.342018127441406,47.981021881103516,-19.606639862060547,27.728473663330078,-18.553401947021484,17.439449310302734,-13.1617431640625,14.429664611816406,-15.21798038482666,11.52908992767334,-12.585803031921387,0.9080770611763,-10.44845962524414,-0.619779646396637,-13.491329193115234,3.3084347248077393,-3.7047016620635986,1.0890839099884033,2148.470108846473,0.2658732235431671,0.34136319160461426,0.4752615690231323,0.28594064712524414,0.36229848861694336,0.3205955922603607,0.5348708033561707,0.551846981048584,0.2966984510421753,0.2956572473049164,0.2553159296512604,0.3350614309310913
rock.00080.wav,data/genres_original/rock/rock.00080.wav,-88.00072479248047,93.53732299804688,-23.228851318359375,48.1299934387207,-21.44626808166504,27.758792877197266,-20.340559005737305,18.754474639892578,-15.226568222045898,16.13050651550293,-21.412471771240234,10.874083518981934,-12.021344184875488,5.128056526184082,-7.2995195388793945,4.657850742340088,-10.173711776733398,5.493203639984131,-4.375101089477539,0.3125852346420288,2606.2565496233246,0.34705257415771484,0.29059627652168274,0.36281371116638184,0.44458267092704773,0.29735067486763,0.40667426586151123,0.2755817770957947,0.41408970952033997,0.34451502561569214,0.309308797121048,0.5575766563415527,0.3736388683319092
rock.00081.wav,data/genres_original/rock/rock.00081.wav,-121.43799591064453,89.51823425292969,-33.493106842041016,41.97275161743164,-25.92999839782715,23.025859832763672,-20.269113540649414,14.35069751739502,-16.349437713623047,17.03437042236328,-16.95542335510254,9.146750450134277,-10.111248016357422,4.20902681350708,-9.346900939941406,1.6090036630630493,-10.549010276794434,1.0675745010375977,-1.6545648574829102,7.542669296264648,2553.8992233935824,0.333352655172348,0.2602574825286865,0.39320334792137146,0.5058608055114746,0.30751433968544006,0.3746076226234436,0.31197524070739746,0.36620059609413147,0.3235999643802643,0.3277513384819031,0.2917586863040924,0.23326648771762848
rock.00082.wav,data/genres_original/rock/rock.00082.wav,-95.47613525390625,78.3237533569336,-26.22216033935547,44.23744583129883,-22.463899612426758,29.737852096557617,-21.567052841186523,23.95587921142578,-16.578556060791016,20.470060348510742,-19.642690658569336,13.886455535888672,-12.624653816223145,6.248261451721191,-7.659700393676758,7.405311107635498,-9.414198875427246,9.653331756591797,-3.778729200363159,1.0691051483154297,2976.0030874979825,0.47177422046661377,0.31879186630249023,0.340223103761673,0.2837434709072113,0.4013640582561493,0.37072280049324036,0.3276316225528717,0.4344584345817566,0.354259192943573,0.4790136516094208,0.35847124457359314,0.44894707202911377
rock.00083.wav,data/genres_original/rock/rock.00083.wav,-119.17546844482422,107.44642639160156,-10.97275447845459,58.55445861816406,-12.931377410888672,26.83179473876953,-17.6407413482666,19.37105369567871,-15.608501434326172,13.566648483276367,-16.671030044555664,11.872086524963379,-12.187864303588867,5.232597827911377,-6.17261266708374,4.253888130187988,-8.042081832885742,3.527467727661133,-7.682268142700195,-1.3451050519943237,2115.9838949624827,0.2959604859352112,0.36514928936958313,0.4144168198108673,0.2646840214729309,0.420438677072525,0.29939794540405273,0.39121246337890625,0.3372287452220917,0.35717496275901794,0.5175743699073792,0.3876655399799347,0.4946129322052002
rock.00084.wav,data/genres_original/rock/rock.00084.wav,-94.3016128540039,91.88178253173828,-17.58851432800293,45.52394485473633,-15.698273658752441,32.63909149169922,-18.020702362060547,21.573335647583008,-15.734346389770508,16.795480728149414,-18.303876876831055,13.33747386932373,-15.461037635803223,5.206252098083496,-11.223153114318848,6.212512493133545,-7.955031394958496,7.708113670349121,-4.609553337097168,0.5266357660293579,2581.8092292667184,0.3303440511226654,0.2975618243217468,0.4387965202331543,0.2583963871002197,0.3632471561431885,0.2650463879108429,0.3653703033924103,0.5250170230865479,0.3197671175003052,0.39815467596054077,0.3234153985977173,0.39615899324417114
rock.00085.wav,data/genres_original/rock/rock.00085.wav,-185.45333862304688,98.93243408203125,-36.44242858886719,44.426692962646484,-17.757997512817383,21.304086685180664,-20.296018600463867,13.779585838317871,-15.489940643310547,11.040959358215332,-16.792245864868164,2.326026678085327,-12.639382362365723,0.14767682552337646,-4.39784049987793,-2.467163562774658,-8.983906745910645,6.86259651184082,-6.707403182983398,-1.2103511095046997,2256.0047067984306,0.4496546983718872,0.27914658188819885,0.35456234216690063,0.24347661435604095,0.30266836285591125,0.4682452380657196,0.2715435326099396,0.3040469288825989,0.24698606133460999,0.32357633113861084,0.3115882873535156,0.3072158098220825
rock.00086.wav,data/genres_original/rock/rock.00086.wav,-160.12103271484375,88.73147583007812,-35.49324417114258,47.491817474365234,-12.622672080993652,17.308822631835938,-19.139455795288086,14.591328620910645,-20.38043975830078,11.096237182617188,-11.145569801330566,7.704707145690918,-9.865750312805176,6.991697788238525,-10.135200500488281,3.0655293464660645,-7.949167251586914,0.7073345184326172,-4.936253070831299,-2.6115529537200928,2521.464032225308,0.2926119863986969,0.3871813714504242,0.46237844228744507,0.38842782378196716,0.48922932147979736,0.3676753044128418,0.38984444737434387,0.2983938753604889,0.3512097895145416,0.511259138584137,0.3770922124385834,0.37637054920196533
rock.00087.wav,data/genres_original/rock/rock.00087.wav,-42.66564178466797,102.9820556640625,-36.866947174072266,44.53472900390625,-11.986275672912598,25.571468353271484,-22.683822631835938,28.34067726135254,-19.273252487182617,21.487628936767578,-15.257314682006836,11.752053260803223,-11.57694149017334,4.783881187438965,-13.031340599060059,4.355793476104736,-11.958510398864746,0.8859140276908875,-0.48164841532707214,1.3000363111495972,2334.758795031705,0.32954469323158264,0.35068607330322266,0.5676523447036743,0.39242205023765564,0.4993945062160492,0.2829354405403137,0.3520469665527344,0.6001819968223572,0.3610638976097107,0.3013886511325836,0.2455814629793167,0.4347507357597351
rock.00088.wav,data/genres_original/rock/rock.00088.wav,-118.01446533203125,84.0493392944336,-50.279659271240234,46.06394958496094,-17.695772171020508,20.860383987426758,-21.651596069335938,16.67853546142578,-12.957173347473145,12.828729629516602,-13.10527515411377,11.298574447631836,-12.60710334777832,4.384234428405762,-12.07761287689209,0.666675865650177,-6.794241428375244,4.4643402099609375,0.2372792661190033,0.4337640106678009,2591.1167911589937,0.4418608546257019,0.4186309576034546,0.5348349213600159,0.4304286539554596,0.41798216104507446,0.3928767144680023,0.3285430073738098,0.39094078540802,0.3987179696559906,0.47665831446647644,0.31035274267196655,0.3592548072338104
rock.00089.wav,data/genres_original/rock/rock.00089.wav,-156.2683868408203,130.7677459716797,-25.246170043945312,43.49666213989258,-12.144103050231934,25.410446166992188,-7.947457790374756,17.621597290039062,-8.632110595703125,9.573704719543457,-8.363631248474121,5.776412010192871,-7.044428825378418,-1.879227876663208,-7.69140625,3.003211736679077,-6.442713737487793,-1.301741361618042,-7.824337959289551,-4.14675235748291,1610.1897144525537,0.3044377267360687,0.25777316093444824,0.41051140427589417,0.29283520579338074,0.3337042033672333,0.2531392574310303,0.3828738331794739,0.41329365968704224,0.3301447629928589,0.42534276843070984,0.3112274706363678,0.4062134921550751
rock.00090.wav,data/genres_original/rock/rock.00090.wav,-89.05668640136719,86.21660614013672,-24.4185848236084,47.11008071899414,-33.645477294921875,29.479248046875,-19.750383377075195,21.647642135620117,-16.756107330322266,6.549620151519775,-13.397908210754395,7.489511013031006,-12.868062973022461,8.59225082397461,-7.89639949798584,11.49905776977539,0.6794176697731018,9.798440933227539,-2.131242513656616,0.5883062481880188,2495.6204189789773,0.4617388844490051,0.21255408227443695,0.19692309200763702,0.13644371926784515,0.16847524046897888,0.21658091247081757,0.19450384378433228,0.31256040930747986,0.22966700792312622,0.3084758520126343,0.30950284004211426,0.3209782540798187
rock.00091.wav,data/genres_original/rock/rock.00091.wav,-74.30169677734375,100.11320495605469,-47.37080764770508,49.623390197753906,-18.414451599121094,24.62058448791504,-15.91473388671875,23.901290893554688,-22.833791732788086,23.33636474609375,-16.948915481567383,14.932429313659668,-11.504432678222656,4.22731351852417,-13.630017280578613,4.47979736328125,-11.66768741607666,4.327967166900635,-10.597869873046875,-0.8430544137954712,2474.554693163817,0.3400288224220276,0.42031851410865784,0.4546491205692291,0.5070953369140625,0.5812496542930603,0.3519001603126526,0.4313042163848877,0.3289458751678467,0.4176608920097351,0.5341747403144836,0.4023081660270691,0.5533691644668579
rock.00092.wav,data/genres_original/rock/rock.00092.wav,-70.11753845214844,94.18165588378906,-50.328033447265625,46.96289825439453,-16.114253997802734,19.996183395385742,-23.95972442626953,16.34402847290039,-22.188526153564453,14.435190200805664,-20.092634201049805,12.15091323852539,-14.765588760375977,4.909428119659424,-13.6234130859375,0.8304430246353149,-15.061136245727539,-1.60450279712677,-16.089468002319336,-2.1846842765808105,2471.302263920436,0.5405855178833008,0.38290584087371826,0.3342883884906769,0.5435107946395874,0.3509104251861572,0.391608327627182,0.27569735050201416,0.33952581882476807,0.4592150151729584,0.3793107867240906,0.5804183483123779,0.41980472207069397
rock.00093.wav,data/genres_original/rock/rock.00093.wav,-114.74584197998047,119.2917251586914,-50.72456741333008,42.63133239746094,-6.709270000457764,19.71417808532715,-16.88706398010254,19.3933048248291,-17.41594696044922,17.31191635131836,-10.866726875305176,6.668211460113525,-15.753815650939941,3.555530309677124,-7.759989261627197,3.3880162239074707,-7.68904972076416,1.6226147413253784,-10.707389831542969,-0.5426021218299866,1939.9141779559488,0.3211075961589813,0.4290265142917633,0.2523384392261505,0.2740458548069,0.17605391144752502,0.3253699243068695,0.6980912685394287,0.3236500322818756,0.3170057237148285,0.20375242829322815,0.3348531424999237,0.466844767332077
rock.00094.wav,data/genres_original/rock/rock.00094.wav,-90.21276092529297,80.05299377441406,-46.36942672729492,56.04585266113281,-8.101377487182617,27.485429763793945,-17.328845977783203,22.97190284729004,-17.603975296020508,18.40144920349121,-17.448110580444336,7.6514458656311035,-19.30083656311035,1.193677544593811,-14.480706214904785,4.519819259643555,-12.764397621154785,2.9961743354797363,-6.416896820068359,2.256298303604126,2629.3044231854665,0.2877483665943146,0.5051259994506836,0.324593186378479,0.2898657023906708,0.27729591727256775,0.39955639839172363,0.8039202094078064,0.44620445370674133,0.29682350158691406,0.23029956221580505,0.4597063660621643,0.348555326461792
rock.00095.wav,data/genres_original/rock/rock.00095.wav,-153.61651611328125,109.89451599121094,-23.106590270996094,59.00746154785156,-7.527993202209473,19.73012351989746,-16.486074447631836,18.083518981933594,-22.215625762939453,15.403846740722656,-12.378470420837402,12.349250793457031,-12.316455841064453,5.778130054473877,-10.268909454345703,1.805269479751587,-13.300427436828613,2.473228693008423,-6.71962308883667,-1.1992695331573486,2008.5370455020434,0.18143536150455475,0.42862316966056824,0.7740222811698914,0.4057105481624603,0.330304890871048,0.21710370481014252,0.349665105342865,0.3819062113761902,0.2940279543399811,0.4348243772983551,0.23297365009784698,0.19330337643623352
rock.00096.wav,data/genres_original/rock/rock.00096.wav,-142.44207763671875,116.23846435546875,-32.1903190612793,49.11460876464844,-8.395414352416992,22.87228775024414,-18.311134338378906,20.106487274169922,-22.106910705566406,10.796753883361816,-13.001550674438477,14.067452430725098,-16.397626876831055,4.162115573883057,-4.357300281524658,3.738003969192505,-10.854525566101074,1.8724991083145142,-7.467165946960449,-2.797982692718506,2006.0092476458422,0.27372926473617554,0.49905115365982056,0.32811352610588074,0.3471605181694031,0.5619075298309326,0.2984401285648346,0.2637578248977661,0.26037830114364624,0.5627186298370361,0.703376293182373,0.36360839009284973,0.32288965582847595
rock.00097.wav,data/genres_original/rock/rock.00097.wav,-125.06510925292969,115.20331573486328,-48.00468063354492,52.843101501464844,-13.491936683654785,21.765405654907227,-12.428559303283691,20.139963150024414,-18.370885848999023,10.119688034057617,-16.05544090270996,10.486738204956055,-17.95963478088379,1.2157028913497925,-11.543169975280762,1.846606731414795,-12.854928970336914,3.4517836570739746,-12.594250679016113,-2.1046698093414307,2077.166787874547,0.38388729095458984,0.3758702874183655,0.5338373780250549,0.40733546018600464,0.45648062229156494,0.3424013555049896,0.47859540581703186,0.4660068154335022,0.3559342622756958,0.5271535515785217,0.38669073581695557,0.4687196612358093
rock.00098.wav,data/genres_original/rock/rock.00098.wav,-224.99404907226562,123.66968536376953,-9.775931358337402,56.605716705322266,10.427107810974121,20.634145736694336,-10.257256507873535,15.5733060836792,-8.251973152160645,12.80517578125,-9.00444507598877,7.690066814422607,-10.085664749145508,-0.25135675072669983,-5.283348083496094,-2.814906358718872,-4.421222686767578,1.5605093240737915,-5.046412944793701,-3.5825655460357666,1398.5815744518927,0.4698413014411926,0.3562435805797577,0.2964925765991211,0.2281263768672943,0.33564457297325134,0.37928029894828796,0.35623058676719666,0.5616468191146851,0.42452025413513184,0.33662790060043335,0.2634664475917816,0.341011643409729
rock.00099.wav,data/genres_original/rock/rock.00099.wav,-235.2182159423828,123.89323425292969,-22.541744232177734,52.92485427856445,-1.4473302364349365,24.66827392578125,-7.072871685028076,14.884822845458984,-12.778573989868164,16.709096908569336,-2.946437120437622,10.071948051452637,-15.021037101745605,3.1123156547546387,-7.1283135414123535,1.7882500886917114,-7.072691917419434,0.021303821355104446,-2.0276694297790527,1.155867576599121,1609.3699366383669,0.3616164028644562,0.26398563385009766,0.21086439490318298,0.42249351739883423,0.6718150973320007,0.4279423654079437,0.3353506624698639,0.22347484529018402,0.3200671076774597,0.23771804571151733,0.2812270224094391,0.5414230823516846
